CASE_ID,ACCIDENT_YEAR,PROC_DATE,JURIS,COLLISION_DATE,COLLISION_TIME,OFFICER_ID,REPORTING_DISTRICT,DAY_OF_WEEK,CHP_SHIFT,POPULATION,CNTY_CITY_LOC,SPECIAL_COND,BEAT_TYPE,CHP_BEAT_TYPE,CITY_DIVISION_LAPD,CHP_BEAT_CLASS,BEAT_NUMBER,PRIMARY_RD,SECONDARY_RD,DISTANCE,DIRECTION,INTERSECTION,WEATHER_1,WEATHER_2,STATE_HWY_IND,CALTRANS_COUNTY,CALTRANS_DISTRICT,STATE_ROUTE,ROUTE_SUFFIX,POSTMILE_PREFIX,POSTMILE,LOCATION_TYPE,RAMP_INTERSECTION,SIDE_OF_HWY,TOW_AWAY,COLLISION_SEVERITY,NUMBER_KILLED,NUMBER_INJURED,PARTY_COUNT,PRIMARY_COLL_FACTOR,PCF_CODE_OF_VIOL,PCF_VIOL_CATEGORY,PCF_VIOLATION,PCF_VIOL_SUBSECTION,HIT_AND_RUN,TYPE_OF_COLLISION,MVIW,PED_ACTION,ROAD_SURFACE,ROAD_COND_1,ROAD_COND_2,LIGHTING,CONTROL_DEVICE,CHP_ROAD_TYPE,PEDESTRIAN_ACCIDENT,BICYCLE_ACCIDENT,MOTORCYCLE_ACCIDENT,TRUCK_ACCIDENT,NOT_PRIVATE_PROPERTY,ALCOHOL_INVOLVED,STWD_VEHTYPE_AT_FAULT,CHP_VEHTYPE_AT_FAULT,COUNT_SEVERE_INJ,COUNT_VISIBLE_INJ,COUNT_COMPLAINT_PAIN,COUNT_PED_KILLED,COUNT_PED_INJURED,COUNT_BICYCLIST_KILLED,COUNT_BICYCLIST_INJURED,COUNT_MC_KILLED,COUNT_MC_INJURED,PRIMARY_RAMP,SECONDARY_RAMP,LATITUDE,LONGITUDE,COUNTY,CITY,POINT_X,POINT_Y
8603524,2018,2018-05-08,0109,2018-02-15,1430,9148,2,4,5,7,0109,0,0,0,,0,25Y,"CAMPUS DR","CANYON OAKS DR",50.00,W,N,A,-,N,,,,,,,,,,N,2,0,1,2,A,-,03,22350,,N,A,E,A,A,H,-,A,D,0,,,Y,,Y,,C,02,1,0,0,0,0,0,0,0,1,"- ","- ",,,ALAMEDA,OAKLAND,-122.14499664306641,37.774368286132812
8626494,2018,2018-06-04,0108,2018-04-10,2033,12355,4,2,5,4,0108,0,0,0,,0,001,"JARVIS AV","FIRCREST ST",38.00,W,N,A,-,N,,,,,,,,,,N,2,0,1,2,A,-,11,21950,B,N,G,B,D,A,H,-,C,A,0,Y,,,,Y,,N,60,1,0,0,0,1,0,0,0,0,"- ","- ",37.543960571289062,-122.05483245849609,ALAMEDA,NEWARK,-122.05490112304688,37.54388427734375
8643367,2018,2018-06-27,0111,2018-05-22,1112,224,,2,5,5,0111,0,0,0,,0,003,"SANTA RITA RD","STANLEY BL",11.00,N,N,B,-,N,,,,,,,,,,Y,2,0,1,2,A,-,09,21453,B,N,D,C,A,A,H,-,A,A,0,,,Y,,Y,,C,02,1,0,0,0,0,0,0,0,1,"- ","- ",,,ALAMEDA,PLEASANTON,-121.87358856201172,37.666107177734375
8648191,2018,2018-10-01,0106,2018-07-09,2027,437,,1,5,6,0106,0,0,0,,0,00F,"MISSION BL","ARROWHEAD WY",8.00,S,N,A,-,N,,,,,,,,,,Y,1,1,0,2,A,-,17,23109,A,N,G,B,B,A,H,-,C,A,0,Y,,,,Y,,A,01,0,0,0,1,0,0,0,0,0,"- ","- ",37.625381469726562,-122.04197692871094,ALAMEDA,HAYWARD,-122.04199981689453,37.625312805175781
8654646,2018,2018-07-16,0100,2018-06-30,2034,202219,329,6,5,4,0198,0,0,0,,0,,"LUCANIA ST","BRIGHTON DR",70.00,N,N,A,-,N,,,,,,,,,,N,2,0,1,1,A,-,03,22350,,N,H,A,A,A,H,-,A,D,0,,,Y,,Y,,C,02,1,0,0,0,0,0,0,0,1,"- ","- ",,,ALAMEDA,DUBLIN,-121.93128204345703,37.719520568847656
8663678,2018,2018-07-18,0106,2018-05-16,1441,437,,3,5,6,0106,0,0,0,,0,00C,"AMADOR ST","ELMHURST ST",17.00,N,N,A,-,N,,,,,,,,,,Y,2,0,1,2,A,-,10,21950,A,N,G,B,B,A,H,-,A,A,0,Y,,,,Y,,A,07,1,0,0,0,1,0,0,0,0,"- ","- ",37.656700134277344,-122.09365081787109,ALAMEDA,HAYWARD,-122.09290313720703,37.656509399414062
8672502,2018,2018-08-10,0109,2018-06-08,2125,9641,1,5,5,7,0109,0,0,0,,0,002,"12TH ST","LINDEN ST",10.00,N,N,A,-,N,,,,,,,,,,N,2,0,2,2,A,-,01,23152,A,N,A,E,A,A,H,-,C,D,0,,,,,Y,Y,A,01,2,0,0,0,0,0,0,0,0,"- ","- ",,,ALAMEDA,OAKLAND,-122.28455352783203,37.8076171875
8703457,2018,2018-10-03,0109,2018-08-12,1729,9516,1,7,5,7,0109,0,0,0,,0,05Y,"FRONTAGE RD","W GRAND AV",30.00,S,N,A,-,N,,,,,,,,,,N,2,0,4,3,A,-,01,23152,A,N,C,C,A,A,H,-,A,A,0,,,,,Y,Y,A,01,1,1,2,0,0,0,0,0,0,"- ","- ",,,ALAMEDA,OAKLAND,-122.29416656494141,37.819042205810547
8801560,2019,2019-03-15,0105,2019-01-21,0742,11621,879,1,5,6,0105,0,0,0,,0,001,"CALAVERAS AV","BLACOW FRONTAGE RD",23.00,E,N,A,-,N,,,,,,,,,,N,2,0,1,2,-,-,"- ",,,F,G,B,E,B,H,-,A,D,0,Y,,,,Y,,-,"- ",1,0,0,0,1,0,0,0,0,"- ","- ",33.200851440429688,-117.678466796875,ALAMEDA,FREMONT,-121.99481964111328,37.534687042236328
8808009,2019,2019-03-22,0112,2019-02-21,2500,341,,4,5,5,0112,0,0,0,,0,002,"RT 185","148TH ST",263.00,N,N,A,-,Y,ALA,4,185,-,-,4.050,H,-,N,Y,1,1,0,2,A,-,11,21954,A,F,G,B,E,A,H,-,C,A,0,Y,,,,Y,Y,N,60,0,0,0,1,0,0,0,0,0,"- ","- ",,,ALAMEDA,"SAN LEANDRO",-122.13408660888672,37.709194183349609
8808047,2019,2021-05-25,0107,2019-01-16,1911,P450,A700,3,5,5,0107,0,0,0,,0,00A,"1ST ST","PORTOLA AV",94.00,W,N,C,-,N,,,,,,,,,,Y,1,1,0,2,D,-,00,,,N,G,B,E,B,H,-,C,D,0,Y,,,,Y,Y,-,"- ",0,0,0,1,0,0,0,0,0,"- ","- ",37.690879821777344,-121.75253295898438,ALAMEDA,LIVERMORE,-121.75294494628906,37.690681457519531
8811743,2019,2019-03-22,0111,2019-02-02,0944,155,,6,5,5,0111,0,0,0,,0,002,"HACIENDA DR","OWENS DR",334.00,N,N,B,-,N,,,,,,,,,,N,2,0,1,1,A,-,03,22350,,N,E,I,A,B,H,-,A,D,0,,,,,Y,,D,22,1,0,0,0,0,0,0,0,0,"- ","- ",,,ALAMEDA,PLEASANTON,-121.88862609863281,37.698436737060547
8819253,2018,2019-03-07,0108,2018-11-21,2023,11366,33,3,5,4,0108,0,0,0,,0,002,"CEDAR BL","SMITH AV",0.00,,Y,C,-,N,,,,,,,,,,N,2,0,1,2,A,-,10,21950,A,N,G,B,B,B,H,-,C,D,0,Y,,,,Y,,A,01,1,0,0,0,1,0,0,0,0,"- ","- ",37.533359527587891,-122.01168060302734,ALAMEDA,NEWARK,-122.01168060302734,37.533348083496094
8823790,2019,2019-03-26,0111,2019-01-13,1222,155,,7,5,5,0111,0,0,0,,0,002,"HOPYARD RD","DEL VALLE PKWY",121.00,N,N,B,-,N,,,,,,,,,,N,2,0,1,2,A,-,09,21804,A,N,B,G,A,A,H,-,A,D,0,,Y,,,Y,,A,01,1,0,0,0,0,0,1,0,0,"- ","- ",,,ALAMEDA,PLEASANTON,-121.88452911376953,37.668106079101562
8834058,2019,2019-04-10,0106,2019-02-28,0945,365,,4,5,6,0106,0,0,0,,0,00C,"A ST","GRAND ST",0.00,,Y,A,-,N,,,,,,,,,,Y,2,0,2,3,A,-,12,21453,A,N,D,C,A,A,H,-,A,A,0,,,,,Y,,A,01,1,0,1,0,0,0,0,0,0,"- ","- ",37.6708984375,-122.08989715576172,ALAMEDA,HAYWARD,-122.08992004394531,37.670921325683594
8855309,2019,2019-05-10,0109,2019-03-09,0820,9603,1,6,5,7,0109,0,0,0,,0,03X,"2ND ST","FRANKLIN ST",0.00,,Y,C,-,N,,,,,,,,,,N,2,0,1,2,A,-,21,22106,,N,G,B,D,B,H,-,A,D,0,Y,,,,Y,,M,44,1,0,0,0,1,0,0,0,0,"- ","- ",,,ALAMEDA,OAKLAND,-122.27513885498047,37.795558929443359
8864554,2019,2019-06-03,0111,2019-04-14,0008,263,,7,5,5,0111,0,0,0,,0,002,"HOPYARD RD","OWENS DR",0.00,,Y,A,-,N,,,,,,,,,,Y,2,0,1,1,A,-,01,23152,A,N,E,I,A,A,H,-,C,A,0,,,,,Y,Y,A,01,1,0,0,0,0,0,0,0,0,"- ","- ",,,ALAMEDA,PLEASANTON,-121.90445709228516,37.698711395263672
8870293,2019,2019-06-10,0109,2019-04-10,2020,9802,2,3,5,7,0109,0,0,0,,0,26Y,"76TH AV","SPENCER ST",0.00,,Y,A,-,N,,,,,,,,,,N,2,0,1,2,A,-,12,22450,A,F,D,C,A,A,H,-,C,A,0,,,Y,,Y,,D,22,1,0,0,0,0,0,0,0,1,"- ","- ",,,ALAMEDA,OAKLAND,-122.19094848632812,37.754169464111328
8875888,2019,2019-11-27,0112,2019-05-22,0138,376,,3,5,5,0112,0,0,0,,0,002,"E 14TH ST","MAUD AV",0.00,,Y,A,-,Y,ALA,4,185,-,-,5.330,H,-,N,Y,2,0,2,1,A,-,03,22350,,N,E,I,A,A,H,-,C,D,0,,,,,Y,,-,,1,1,0,0,0,0,0,0,0,"- ","- ",,,ALAMEDA,"SAN LEANDRO",-122.15160369873047,37.721908569335938
8903756,2019,2019-08-07,0103,2019-05-01,0716,104,,3,5,6,0103,0,0,0,,0,015,CEDAR,9TH,0.00,,Y,A,-,N,,,,,,,,,,Y,2,0,1,2,A,-,12,22450,A,N,D,G,A,A,H,-,B,A,0,,Y,,,Y,,L,04,1,0,0,0,0,0,1,0,0,"- ","- ",,,ALAMEDA,BERKELEY,-122.29637145996094,37.874748229980469
8909293,2019,2019-08-12,0109,2019-06-18,2255,9552,2,2,5,7,0109,0,0,0,,0,30X,"73RD AV","WELD ST",10.00,S,N,A,-,N,,,,,,,,,,Y,2,0,1,2,A,-,12,21453,A,F,D,C,A,A,H,-,C,A,0,,,,,Y,,D,23,1,0,0,0,0,0,0,0,0,"- ","- ",,,ALAMEDA,OAKLAND,-122.18203735351562,37.762641906738281
8910969,2019,2021-05-20,0109,2019-05-08,2028,8549,1,3,5,7,0109,0,0,0,,0,02Y,"12TH ST","WILLOW ST",0.00,,Y,B,-,N,,,,,,,,,,Y,1,1,1,4,A,-,01,23152,F,N,D,C,A,A,H,-,C,A,0,,,Y,,Y,Y,D,22,1,0,0,0,0,0,0,1,0,"- ","- ",,,ALAMEDA,OAKLAND,-122.29763793945312,37.811241149902344
8913435,2019,2019-08-22,0107,2019-07-05,2223,P450,A520,5,5,5,0107,0,0,0,,0,004,"LIVERMORE AV","LAS POSITAS CT",453.00,S,N,A,-,N,,,,,,,,,,N,2,0,1,2,A,-,11,21955,,N,G,B,D,A,H,-,C,D,0,Y,,,,Y,,N,60,1,0,0,0,1,0,0,0,0,"- ","- ",37.695339202880859,-121.77468872070312,ALAMEDA,LIVERMORE,-121.77344512939453,37.696342468261719
8937412,2019,2019-09-19,0103,2019-06-19,1924,89,35,3,5,6,0103,0,0,0,,0,008,TELEGRAPH,RUSSELL,0.00,,Y,A,-,N,,,,,,,,,,N,2,0,1,2,A,-,09,21801,A,N,F,A,A,A,H,-,A,A,0,,,Y,,Y,,A,01,1,0,0,0,0,0,0,0,1,"- ","- ",37.857658386230469,-122.25946807861328,ALAMEDA,BERKELEY,-122.25948333740234,37.857650756835938
8939416,2019,2021-05-20,0106,2019-07-01,2201,341,,1,5,6,0106,0,0,0,,0,00C,"HARDER RD","FRANKLIN RD",0.00,,Y,A,-,N,,,,,,,,,,Y,1,1,0,2,A,-,11,21954,A,N,G,B,D,A,H,-,C,A,0,Y,,,Y,Y,,N,60,0,0,0,1,0,0,0,0,0,"- ","- ",,,ALAMEDA,HAYWARD,-122.07539367675781,37.649658203125
8939595,2019,2021-06-02,0106,2019-08-16,2219,437,,5,5,6,0106,0,0,0,,0,00C,"A ST","FILBERT ST",186.00,E,N,A,-,N,,,,,,,,,,Y,1,1,0,2,A,-,11,21954,A,N,G,B,D,A,H,-,C,D,0,Y,,,,Y,Y,N,60,0,0,0,1,0,0,0,0,0,"- ","- ",37.668178558349609,-122.09660339355469,ALAMEDA,HAYWARD,-122.09542083740234,37.668724060058594
8971060,2019,2019-11-12,0103,2019-08-28,0830,152,,3,5,6,0103,0,0,0,,0,008,"OREGON ST","FULTON ST",0.00,,Y,A,-,N,,,,,,,,,,N,2,0,1,2,A,-,10,21950,A,N,G,B,B,A,H,-,A,D,0,Y,,,,Y,,A,01,1,0,0,0,1,0,0,0,0,"- ","- ",37.858001708984375,-122.26390075683594,ALAMEDA,BERKELEY,-122.26393127441406,37.858001708984375
8976929,2019,2019-11-20,0102,2019-05-23,2031,DW190456,4,4,5,3,0102,0,0,0,,0,002,"SOLANO AV",PERALTA,11.00,W,N,A,-,N,,,,,,,,,,N,2,0,1,2,D,-,00,,,F,H,C,A,A,H,-,B,D,0,,,Y,,Y,Y,-,"- ",1,0,0,0,0,0,0,0,1,"- ","- ",,,ALAMEDA,ALBANY,-122.28566741943359,37.891017913818359
90029356,2015,2015-10-19,9390,2015-09-06,0155,020642,,7,3,9,0100,0,2,4,,2,441,"(2000 BLOCK) S. LIVERMORE AVENUE","CONCANNON BLVD",0.00,,N,A,-,N,,,,,,,,,,Y,2,0,2,1,A,-,01,23152,A,N,B,I,A,A,H,-,D,D,0,,,,,Y,Y,A,01,1,1,0,0,0,0,0,0,0,"- ","- ",37.66574,-121.7432,ALAMEDA,UNINCORPORATED,-121.74930987,37.669749889999999
90059417,2015,2015-12-16,9390,2015-09-26,0622,017392,,6,1,5,0111,0,1,1,,2,067,"I-680 SOUTHBOUND","STONERIDGE DRIVE",2117.00,S,N,A,-,Y,,,680,,,,,,S,Y,1,1,0,2,A,-,03,22350,,N,C,C,A,A,H,-,D,D,0,,,,Y,Y,,A,01,0,0,0,0,0,0,0,0,0,"- ","- ",37.684780000000003,-121.91630000000001,ALAMEDA,PLEASANTON,-121.91651369,37.6846946
90069142,2015,2015-12-09,9370,2015-07-29,0452,020145,,3,3,7,0109,0,1,1,,2,176,"I-880 SOUTHBOUND","36TH AVENUE",96.00,S,N,A,-,Y,,,880,,,,,,S,Y,1,1,0,4,A,-,03,22350,,N,C,C,A,A,H,-,C,D,0,,,,,Y,,A,01,0,0,0,0,0,0,0,0,0,"- ","- ",37.771920000000001,-122.22443,ALAMEDA,OAKLAND,-122.22442997,37.771920090000002
90069325,2015,2015-12-10,9375,2015-09-13,2020,019605,,7,2,9,0100,0,2,4,,1,045,"CROW CANYON RD","BOLLINGER CANYON RD",0.00,,N,A,-,N,,,,,,,,,,Y,1,1,2,2,A,-,01,23152,A,N,A,C,A,A,H,-,D,D,0,,,,,Y,Y,D,22,2,0,0,0,0,0,0,0,0,"- ","- ",37.767000000000003,-122.01228,ALAMEDA,UNINCORPORATED,-121.99588537,37.772552220000001
90110350,2015,2016-02-05,9390,2015-12-13,1032,020377,,7,1,9,0100,0,1,1,,2,054,"I-580 EASTBOUND","GRANT LINE ROAD",5808.00,W,N,C,-,Y,,,580,,,,,,E,Y,1,2,2,1,A,-,03,22350,,N,F,A,A,B,H,-,A,D,0,,,,,Y,,A,01,0,1,1,0,0,0,0,0,0,"- ","- ",37.736020000000003,-121.60611,ALAMEDA,UNINCORPORATED,-121.60609178999999,37.73595641
90115026,2016,2016-02-15,9345,2016-01-30,2100,020649,,6,2,6,0106,0,1,1,,2,073,"I-880 SOUTHBOUND TO SR-92 EASTBOUND","SR-92 EASTBOUND",50.00,S,N,B,-,Y,,,880,,,,R,,S,Y,2,0,1,1,A,-,08,22107,,N,F,A,A,B,H,-,C,D,0,,,,,Y,,A,07,1,0,0,0,0,0,0,0,0,"- ","- ",37.642800000000001,-122.0933,ALAMEDA,HAYWARD,-122.0933,37.642800000000001
90130148,2016,2016-03-07,9345,2016-02-25,0825,020920,,4,1,6,0105,0,1,1,,2,070,"I-880 S/B (NIMITZ FREEWAY)","AUTO MALL PKY",3810.00,S,N,A,-,Y,,,880,,,,,,S,Y,2,0,1,2,A,-,07,21658,A,F,F,A,A,A,H,-,A,D,0,,,Y,,Y,,-,99,1,0,0,0,0,0,0,0,1,"- ","- ",37.499169999999999,-121.95735000000001,ALAMEDA,FREMONT,-121.95731592,37.499214379999998
90176115,2016,2016-05-10,9390,2016-04-18,1150,019587,,1,1,6,0105,0,1,1,,2,064,"I-680 SOUTHBOUND","SR-262 / SOUTH MISSION BOULEVARD",1812.00,N,N,A,-,Y,,,,,,,,,,Y,1,1,3,4,A,-,03,22350,,N,C,C,A,A,H,-,A,D,0,,,,Y,Y,,F,26,1,0,2,0,0,0,0,0,0,"- ","- ",37.299619999999997,-121.55683999999999,ALAMEDA,FREMONT,,
90195230,2016,2017-06-15,9345,2016-02-04,0600,021066,,4,1,6,0106,0,1,1,,2,073,"I-880 S/B (NIMITZ FREEWAY)","SR-92 E/B",10.00,S,N,A,-,Y,,,880,,,,,,S,Y,1,1,0,2,A,-,06,21750,,N,C,C,A,A,H,-,D,D,0,,,Y,Y,Y,,C,02,0,0,0,0,0,0,0,1,0,"- ","- ",37.643659999999997,-122.09316,ALAMEDA,HAYWARD,-122.09320460000001,37.643629240000003
9023830,2019,2020-01-23,0106,2019-11-06,2207,373,,3,5,6,0106,0,0,0,,0,00C,"A ST","WESTERN ST",0.00,,Y,A,-,N,,,,,,,,,,Y,2,0,1,3,A,-,12,21453,A,M,D,C,A,A,H,-,C,A,0,,,,,Y,,A,01,1,0,0,0,0,0,0,0,0,"- ","- ",37.670639038085938,-122.09011840820312,ALAMEDA,HAYWARD,-122.08992004394531,37.670921325683594
90243374,2016,2016-08-11,9370,2016-07-30,2100,021050,,6,2,7,0109,0,1,3,,2,013,"SR-13 S/B","REDWOOD RD",1480.00,N,N,A,-,Y,,,13,,,,,,S,Y,2,0,2,1,A,-,08,22107,,N,E,I,A,A,H,-,D,D,0,,,,,Y,Y,A,01,1,1,0,0,0,0,0,0,0,"- ","- ",37.8018,-122.1888,ALAMEDA,OAKLAND,-122.18886863,37.801713829999997
90260811,2016,2016-09-05,9390,2016-08-03,0325,021262,,3,3,9,0100,0,2,4,,2,557,"ALTAMONT PASS ROAD (8300 BLOCK)","GOECKEN ROAD",1000.00,E,N,A,-,N,,,,,,,,,,Y,2,0,1,1,A,-,08,22107,,N,E,I,A,A,H,-,D,D,0,,,Y,,Y,,C,02,1,0,0,0,0,0,0,0,1,"- ","- ",37.722850000000001,-121.6891,ALAMEDA,UNINCORPORATED,-121.68870735,37.722789120000002
9026673,2019,2020-02-15,0109,2019-12-19,0015,9847,1,4,5,7,0109,0,0,0,,0,03X,"6TH ST","JACKSON ST",0.00,,Y,C,-,N,,,,,,,,,,N,2,0,1,2,A,-,10,21950,A,F,G,B,B,B,H,-,C,A,0,Y,,,,Y,,A,01,1,0,0,0,1,0,0,0,0,"- ","- ",,,ALAMEDA,OAKLAND,-122.26872253417969,37.796421051025391
90287141,2016,2016-10-10,9370,2016-10-04,2155,018712,,2,2,7,0109,0,1,1,,2,052,"I-580 W/B FROM HIGH ST.","HIGH ST",3.00,W,N,A,-,Y,,,580,,,,R,,W,N,2,0,1,2,A,-,10,21950,A,N,G,B,B,A,H,-,C,D,0,Y,,,,Y,,A,01,1,0,0,0,1,0,0,0,0,"- ","- ",37.787059999999997,-122.19562000000001,ALAMEDA,OAKLAND,-122.19562000000001,37.787059999999997
90312328,2016,2016-11-07,9345,2016-10-21,0220,021351,,5,3,6,0105,0,1,1,,2,070,"I-880 N/B","WARREN AVE",200.00,S,N,A,-,Y,,,880,,,,,,N,Y,2,0,1,1,A,-,01,23152,A,N,E,I,A,A,H,-,D,D,0,,,,,Y,Y,A,01,1,0,0,0,0,0,0,0,0,"- ","- ",37.483600000000003,-121.93653999999999,ALAMEDA,FREMONT,-121.93662750999999,37.483518580000002
90324608,2016,2016-11-18,9375,2016-11-06,1440,018938,,7,2,9,0100,0,3,5,,2,001,"GARDEN AVE","LUPINE WAY",0.00,,Y,A,-,N,,,,,,,,,,Y,2,0,1,2,A,-,09,21801,A,N,A,C,A,A,H,-,A,D,0,,,Y,,Y,,A,01,1,0,0,0,0,0,0,0,1,"- ","- ",37.667490000000001,-122.11073,ALAMEDA,UNINCORPORATED,-122.11076993,37.667459909999998
90407170,2017,2017-03-07,9345,2017-02-28,0937,018533,,2,1,5,0112,0,1,1,,2,075,"I-880 S/B (NIMITZ FREEWAY)","DAVIS ST",1642.00,N,N,A,-,Y,,,880,,,,,,S,Y,2,0,1,2,A,-,08,22107,,N,E,C,A,A,H,-,A,D,0,,,,,Y,,A,01,1,0,0,0,0,0,0,0,0,"- ","- ",37.724119999999999,-122.18210999999999,ALAMEDA,"SAN LEANDRO",-122.18208021,37.724149410000003
90424434,2016,2017-04-05,9390,2016-12-18,0430,020685,,7,3,9,0100,0,1,1,,2,054,"I-580 (EB)(AURTHUR H. BREED JR. FWY.)","GRANT LINE ROAD",6864.00,W,N,A,-,Y,,,580,,,,,,,Y,1,2,1,2,A,-,07,21658,A,N,C,C,A,A,H,-,D,D,0,,,,,Y,,A,07,0,0,1,0,0,0,0,0,0,"- ","- ",37.734389999999998,-121.61588,ALAMEDA,UNINCORPORATED,-121.61587919,37.734378409999998
90428110,2017,2017-09-21,9390,2017-02-14,0110,020550,,2,3,5,0111,0,1,1,,2,051,"I-580 WESTBOUND (ARTHUR H. BREED FWY.)","HACIENDA DRIVE",137.00,W,N,A,-,Y,,,580,,,,,,W,Y,1,1,1,2,A,-,11,21954,A,N,G,B,E,A,H,-,D,D,0,Y,,,,Y,,N,60,0,1,0,1,0,0,0,0,0,"- ","- ",37.701680000000003,-121.88871,ALAMEDA,PLEASANTON,-121.88870937999999,37.701741400000003
90497687,2017,2017-07-11,9345,2017-04-20,2035,021376,,4,2,6,0106,0,1,1,,2,072,"INTERSTATE 880 NORTHBOUND","WHIPPLE ROAD",839.00,S,N,A,-,Y,,,880,,,,,,N,Y,1,1,1,3,A,-,11,21954,A,N,G,B,E,A,D,-,C,D,0,Y,,,,Y,,N,60,0,0,1,1,0,0,0,0,0,"- ","- ",37.60445,-122.06492,ALAMEDA,HAYWARD,-122.06483105,37.604514080000001
90543778,2017,2017-11-06,9345,2017-08-25,1450,021376,,5,2,6,0106,0,1,1,,2,072,"I-880 NORTHBOUND","INDUSTRIAL PARKWAY",300.00,N,N,A,-,Y,,,880,,,,,,N,Y,2,0,1,3,A,-,03,22350,,F,B,C,A,A,H,-,A,D,0,,,Y,,Y,,C,03,1,0,0,0,0,0,0,0,1,"- ","- ",37.619590000000002,-122.07572,ALAMEDA,HAYWARD,-122.07564237,37.61964424
90597344,2017,2017-11-20,9375,2017-11-10,1110,019309,,5,1,9,0100,0,3,5,,2,004,"RAY AVE","MADISON AVE",30.00,E,N,B,-,N,,,,,,,,,,Y,2,0,1,2,A,-,16,24002,A,N,E,J,A,B,H,-,A,D,0,,,,,Y,,A,07,1,0,0,0,0,0,0,0,0,"- ","- ",37.707790000000003,-122.06356,ALAMEDA,UNINCORPORATED,-122.06402706,37.707819829999998
90620692,2017,2017-12-19,9345,2017-12-04,2105,021750,,1,2,9,0100,0,1,1,,2,074,"I-880 S/B","A ST",3696.00,N,N,A,-,Y,,,880,,,,,,S,Y,2,0,1,1,A,-,08,22107,,N,E,I,A,A,H,-,D,D,0,,,,,Y,,A,01,1,0,0,0,0,0,0,0,0,"- ","- ",37.67022,-122.11014,ALAMEDA,UNINCORPORATED,-122.11023771000001,37.670154369999999
9063909,2020,2020-10-26,0112,2020-01-29,2035,369,,3,5,5,0112,0,0,0,,0,007,"E 14TH ST","WILLIAMS ST",0.00,,Y,A,-,Y,ALA,4,185,-,-,5.280,I,5,N,N,2,0,1,2,A,-,09,21804,,N,D,C,A,A,H,-,C,D,0,,,,,Y,,-,,1,0,0,0,0,0,0,0,0,"- ","- ",,,ALAMEDA,"SAN LEANDRO",-122.15077209472656,37.721294403076172
90647615,2017,2018-01-25,9370,2017-09-30,0422,021185,,6,3,7,0109,0,1,1,,2,177,"INTERSTATE 880 NORTHBOUND","MADISON STREET",278.00,S,N,A,-,Y,,,880,,,,,,N,Y,1,2,0,2,A,-,01,23152,A,N,A,C,A,A,H,-,C,D,0,,,,,Y,Y,A,01,0,0,0,0,0,0,0,0,0,"- ","- ",37.795409999999997,-122.26681000000001,ALAMEDA,OAKLAND,-122.26680639,37.795419670000001
90661536,2018,2018-02-14,9345,2018-02-08,1740,021376,,4,2,6,0106,0,1,1,,2,072,"I-880 NORTHBOUND","WHIPPLE ROAD",1000.00,N,N,A,-,Y,,,880,,,,,,N,Y,2,0,1,2,A,-,07,21658,A,N,C,C,A,A,H,-,C,D,0,,,Y,,Y,,A,01,1,0,0,0,0,0,0,0,1,"- ","- ",37.613491058349609,-122.07137298583984,ALAMEDA,HAYWARD,-122.07129669189453,37.613544464111328
90676371,2017,2018-03-06,9375,2017-12-09,0118,020568,,6,3,9,0100,0,2,4,,1,045,"CROW CANYON RD","NORRIS CANYON RD",1320.00,S,N,A,-,N,,,,,,,,,,Y,1,1,0,1,A,-,01,23152,A,N,E,I,A,A,H,-,C,D,0,,,,,Y,Y,A,01,0,0,0,0,0,0,0,0,0,"- ","- ",37.729810000000001,-122.03385,ALAMEDA,UNINCORPORATED,-122.03392461,37.730211519999997
90717620,2018,2018-05-01,9390,2018-04-24,1547,020368,,2,2,6,0105,0,1,1,,2,065,"I-680 NORTHBOUND","SHERIDAN ROAD",1056.00,N,N,A,-,Y,,,,,,,,,,Y,2,0,1,2,A,-,03,22350,,N,C,C,A,A,H,-,A,D,0,,,Y,,Y,,C,02,1,0,0,0,0,0,0,0,1,"- ","- ",37.563671112060547,-121.90348815917969,ALAMEDA,FREMONT,-121.90279388427734,37.564235687255859
90730621,2018,2018-05-21,9370,2018-05-15,1500,022086,,2,2,7,0109,0,1,1,,2,052,"I-580 W/B","FONTAINE ST",1335.00,E,N,A,-,Y,,,580,,,,,,W,Y,2,0,1,1,C,-,18,,,N,E,I,A,A,H,-,A,D,0,,,,,Y,,-,"- ",1,0,0,0,0,0,0,0,0,"- ","- ",37.763099670410156,-122.14967346191406,ALAMEDA,OAKLAND,-122.14974212646484,37.763053894042969
90731817,2018,2018-05-23,9370,2018-05-11,0643,021946,,5,1,7,0109,0,1,3,,2,024,"SR-24 W/B","KAY AVENUE",315.00,W,N,A,-,Y,,,,,,,,,,Y,2,0,1,2,A,-,07,21658,A,N,B,C,A,A,H,-,A,D,0,,,,,Y,,A,01,1,0,0,0,0,0,0,0,0,"- ","- ",37.505908966064453,-122.13259887695312,ALAMEDA,OAKLAND,,
9076255,2019,2020-06-16,0109,2019-10-20,2219,9809,1,7,5,7,0109,0,0,0,,0,04X,"SAN PABLO AV","CASTRO ST",0.00,,Y,A,-,N,,,,,,,,,,N,2,0,1,2,A,-,12,21453,A,N,D,C,A,A,H,-,C,A,0,,,,,Y,,A,01,1,0,0,0,0,0,0,0,0,"- ","- ",,,ALAMEDA,OAKLAND,-122.27369689941406,37.811668395996094