CASE_ID,ACCIDENT_YEAR,PROC_DATE,JURIS,COLLISION_DATE,COLLISION_TIME,OFFICER_ID,REPORTING_DISTRICT,DAY_OF_WEEK,CHP_SHIFT,POPULATION,CNTY_CITY_LOC,SPECIAL_COND,BEAT_TYPE,CHP_BEAT_TYPE,CITY_DIVISION_LAPD,CHP_BEAT_CLASS,BEAT_NUMBER,PRIMARY_RD,SECONDARY_RD,DISTANCE,DIRECTION,INTERSECTION,WEATHER_1,WEATHER_2,STATE_HWY_IND,CALTRANS_COUNTY,CALTRANS_DISTRICT,STATE_ROUTE,ROUTE_SUFFIX,POSTMILE_PREFIX,POSTMILE,LOCATION_TYPE,RAMP_INTERSECTION,SIDE_OF_HWY,TOW_AWAY,COLLISION_SEVERITY,NUMBER_KILLED,NUMBER_INJURED,PARTY_COUNT,PRIMARY_COLL_FACTOR,PCF_CODE_OF_VIOL,PCF_VIOL_CATEGORY,PCF_VIOLATION,PCF_VIOL_SUBSECTION,HIT_AND_RUN,TYPE_OF_COLLISION,MVIW,PED_ACTION,ROAD_SURFACE,ROAD_COND_1,ROAD_COND_2,LIGHTING,CONTROL_DEVICE,CHP_ROAD_TYPE,PEDESTRIAN_ACCIDENT,BICYCLE_ACCIDENT,MOTORCYCLE_ACCIDENT,TRUCK_ACCIDENT,NOT_PRIVATE_PROPERTY,ALCOHOL_INVOLVED,STWD_VEHTYPE_AT_FAULT,CHP_VEHTYPE_AT_FAULT,COUNT_SEVERE_INJ,COUNT_VISIBLE_INJ,COUNT_COMPLAINT_PAIN,COUNT_PED_KILLED,COUNT_PED_INJURED,COUNT_BICYCLIST_KILLED,COUNT_BICYCLIST_INJURED,COUNT_MC_KILLED,COUNT_MC_INJURED,PRIMARY_RAMP,SECONDARY_RAMP,LATITUDE,LONGITUDE,COUNTY,CITY,POINT_X,POINT_Y
91505094,2021,2021-06-24,9370,2021-06-15,2204,021930,,2,3,7,0109,0,1,1,,2,054,"I-580 E/B","GRAND AVE",15.00,W,N,A,-,Y,,,580,,,,,,E,Y,2,0,5,2,A,-,03,22350,,F,B,2,A,A,H,-,C,D,0,,,,,Y,,A,01,1,2,2,0,0,0,0,0,0,"- ","- ",37.810279846191406,-122.24849700927734,ALAMEDA,OAKLAND,-122.24851226806641,37.810249328613281
91585364,2021,2021-10-01,9370,2021-09-18,1830,021718,,6,2,7,0109,0,1,3,,2,024,"SR-24 W/B","KAY AVENUE",875.00,E,N,A,-,Y,,,24,,,,,,W,N,2,0,4,1,A,-,08,22107,,N,F,8,A,A,H,-,A,D,0,,,,,Y,,A,01,4,0,0,0,0,0,0,0,0,"- ","- ",37.853111267089844,-122.22223663330078,ALAMEDA,OAKLAND,-122.22213745117188,37.853034973144531
91588430,2021,2022-05-19,9390,2021-03-27,1855,022198,,6,2,9,0100,0,2,4,,2,557,"ALTAMONT PASS ROAD (15800 BLOCK)","10840 ALTAMONT PASS RD DRIVEWAY PROLONG.",250.00,W,N,A,-,Y,,,,,,,,,,Y,1,1,0,1,A,-,01,23152,A,N,F,A,A,A,H,-,A,A,0,,,Y,,Y,Y,C,02,0,0,0,0,0,0,0,1,0,"- ","- ",37.466281890869141,-121.65525817871094,ALAMEDA,UNINCORPORATED,,
91634582,2021,2021-11-24,9390,2021-11-17,1720,019740,,3,2,9,0100,0,1,1,,2,050,"I-580 EASTBOUND","EDEN CANYON ROAD",50.00,E,N,A,-,Y,,,580,,,,,,E,Y,2,0,1,1,A,-,08,22107,,N,F,A,A,A,H,-,C,D,0,,,Y,,Y,,C,02,1,0,0,0,0,0,0,0,1,"- ","- ",37.701141357421875,-122.02110290527344,ALAMEDA,UNINCORPORATED,-122.02111053466797,37.701171875
91637518,2021,2021-11-29,9390,2021-11-22,0737,019865,,1,1,9,0100,0,3,5,,2,200,"LAS POSITAS RD. (4000 BLOCK)","LAS COLINAS RD. (3600 BLOCK)",26.00,E,N,A,-,N,,,,,,,,,,Y,2,0,1,1,A,-,08,22107,,N,E,I,A,A,H,-,A,D,0,,,,,Y,,A,01,1,0,0,0,0,0,0,0,0,"- ","- ",37.702239990234375,-121.75550842285156,ALAMEDA,UNINCORPORATED,-121.75552368164062,37.702175140380859
91638361,2021,2021-11-30,9375,2021-11-20,1510,022579,,6,2,9,0100,0,1,3,,1,185,"159TH AVE.","SR-185 (E. 14TH ST.)",0.00,,Y,A,-,N,,,,,,,,,,N,2,0,1,2,A,-,17,21451,A,N,D,G,A,A,H,-,A,A,0,,Y,,,Y,,D,22,1,0,0,0,0,0,1,0,0,"- ","- ",37.699848175048828,-122.12109375,ALAMEDA,UNINCORPORATED,-122.12095642089844,37.699867248535156
91654145,2021,2021-12-16,9370,2021-12-08,0320,022529,,3,3,6,0103,0,1,1,,2,081,"I-80 E/B","ASHBY AVENUE",900.00,E,N,A,-,Y,,,80,,,,,,E,Y,2,0,2,2,A,-,03,22350,,F,C,C,A,A,D,E,D,D,0,,,,,Y,,-,99,1,1,0,0,0,0,0,0,0,"- ","- ",37.851490020751953,-122.29940032958984,ALAMEDA,BERKELEY,-122.29943084716797,37.851482391357422
91654990,2021,2021-12-17,9375,2021-12-05,0525,018844,,7,3,9,0100,0,2,4,,2,043,"CENTER STREET","FERNWOOD CT.",223.00,S,N,A,-,N,,,,,,,,,,N,2,0,1,2,A,-,03,22350,,F,G,B,E,A,H,-,C,D,0,Y,,,,Y,,-,99,1,0,0,0,1,0,0,0,0,"- ","- ",37.693458557128906,-122.07221984863281,ALAMEDA,UNINCORPORATED,-122.06354522705078,37.684856414794922
91676653,2021,2022-01-12,9370,2021-12-30,0525,019091,,4,3,7,0109,0,1,1,,2,177,"I-880 N/B","CASTRO ST",533.00,S,N,B,-,Y,,,,,,,,,,Y,2,0,2,2,A,-,03,22350,,N,C,C,A,A,H,-,C,D,0,,,,,Y,,D,22,2,0,0,0,0,0,0,0,0,"- ","- ",37.480888366699219,-122.16446685791016,ALAMEDA,OAKLAND,-122.27910614013672,37.800224304199219
91703944,2021,2022-10-14,9390,2021-08-21,0050,022204,,6,3,9,0100,0,1,1,,2,065,"I-680 NORTHBOUND","SHERIDAN ROAD",2640.00,N,N,B,-,Y,,,680,,,,,,N,Y,1,1,0,1,A,-,08,22107,,N,E,8,A,A,H,-,C,D,0,,,,,Y,,A,01,0,0,0,0,0,0,0,0,0,"- ","- ",37.567661285400391,-121.89659118652344,ALAMEDA,UNINCORPORATED,-121.89663696289062,37.5677490234375
91710688,2022,2022-02-28,9370,2022-02-20,1034,020718,,7,1,7,0109,0,1,3,,2,024,"SR-24 W/B","COLLEGE AVE",800.00,E,N,B,-,Y,ALA,,24,,R,3.850,H,,L,Y,2,0,1,2,A,-,07,21658,A,F,E,I,A,A,H,-,A,D,0,,,,,Y,,-,99,1,0,0,0,0,0,0,0,0,"- ","- ",37.845729827880859,-122.24958801269531,ALAMEDA,OAKLAND,-122.24954223632812,37.845649719238281
91740362,2022,2022-05-16,9390,2022-03-26,1050,020395,,6,1,9,0100,0,2,4,,2,440,"MINES ROAD (7300 BLOCK)","DEL VALLE ROAD",1056.00,N,N,A,-,N,,,,,,,,,,Y,2,0,1,2,A,-,09,21804,A,N,D,C,A,A,H,-,A,D,0,,,Y,,Y,,A,01,1,0,0,0,0,0,0,0,1,"- ","- ",37.626148223876953,-121.70433807373047,ALAMEDA,UNINCORPORATED,-121.70384979248047,37.624885559082031
91772954,2021,2022-05-16,9345,2021-05-08,0540,022157,,6,3,6,0105,0,1,1,,2,071,"I-880 S/B","MOWRY AVE",3393.00,N,N,A,-,Y,,,880,,,,,,S,Y,1,1,0,2,A,-,01,23152,A,N,C,C,A,A,D,-,B,A,0,,,Y,Y,Y,Y,C,02,0,0,0,0,0,0,0,1,0,"- ","- ",37.534961700439453,-122.01184844970703,ALAMEDA,FREMONT,-122.01189422607422,37.534881591796875
91795685,2022,2022-06-15,9345,2022-04-24,0440,022366,,7,3,6,0105,0,1,1,,2,072,"I-880 NORTHBOUND (NIMITZ FREEWAY)","ALVARADO BOULEVARD",1027.00,N,N,B,-,Y,ALA,,880,,,11.697,H,,R,Y,1,1,0,1,A,-,08,22107,,N,E,8,A,A,H,-,D,D,0,,,,,Y,,A,01,0,0,0,0,0,0,0,0,0,"- ","- ",37.581981658935547,-122.04920196533203,ALAMEDA,FREMONT,-122.04932403564453,37.581947326660156
91823271,2022,2022-07-22,9390,2022-07-15,1648,021649,,5,2,9,0100,0,1,3,,1,223,SR-84,"MAIN STREET",3991.00,W,N,A,-,Y,ALA,,84,,,16.215,H,,R,N,2,0,2,2,A,-,21,22106,,N,D,C,A,A,H,-,A,D,0,,,Y,,Y,,A,07,1,1,0,0,0,0,0,0,2,"- ","- ",37.595321655273438,-121.90202331542969,ALAMEDA,UNINCORPORATED,-121.90202331542969,37.595310211181641
91825933,2022,2022-07-27,9375,2022-07-20,1259,022885,,3,1,9,0100,0,2,4,,2,044,"FAIRVIEW AVE","D STREET",74.00,S,N,A,-,N,,,,,,,,,,Y,2,0,2,2,A,-,05,21460,A,N,A,C,A,A,H,-,A,D,0,,,,,Y,,A,01,2,0,0,0,0,0,0,0,0,"- ","- ",37.678859710693359,-122.04997253417969,ALAMEDA,UNINCORPORATED,-122.05004119873047,37.678543090820312
91845996,2022,2022-08-22,9370,2022-07-03,0555,022637,,7,3,7,0109,0,1,1,,2,176,"I-880 S/B","66TH AVENUE",3415.00,N,N,A,-,Y,ALA,,880,,,27.259,H,,L,N,2,0,1,1,A,-,08,22107,,M,E,I,A,A,H,-,A,D,0,,,,,Y,,A,07,1,0,0,0,0,0,0,0,0,"- ","- ",37.761650085449219,-122.21505737304688,ALAMEDA,OAKLAND,-122.21501159667969,37.761676788330078
91868329,2022,2022-09-19,9370,2022-08-29,0720,022980,,1,1,7,0109,0,1,1,,2,178,"I-880 SOUTHBOUND","MANDELA PARKWAY",1950.00,N,N,B,-,Y,ALA,,880,,R,33.070,H,,L,Y,2,0,1,4,A,-,08,22107,,F,B,2,A,A,H,-,A,D,0,,,,,Y,,-,99,1,0,0,0,0,0,0,0,0,"- ","- ",37.802799224853516,-122.30078125,ALAMEDA,OAKLAND,-122.30076599121094,37.802818298339844
9188605,2020,2021-02-03,0105,2020-11-14,1748,2909,784,6,5,6,0105,0,0,0,,0,001,"PASEO PADRE PKWY","BAYLIS ST",0.00,,Y,A,-,N,,,,,,,,,,Y,2,0,1,2,A,-,09,21804,A,N,H,G,A,A,H,-,C,D,0,,Y,,,Y,,A,01,1,0,0,0,0,0,1,0,0,"- ","- ",,,ALAMEDA,FREMONT,-121.96302795410156,37.543498992919922
91907981,2022,2022-11-02,9370,2022-09-22,0317,022988,,4,3,7,0109,0,1,1,,2,008,"I-580 W/B TO I-80 W/B","BEACH ST",1580.00,W,N,A,-,Y,ALA,,580,,,46.732,H,,R,Y,2,0,1,1,A,-,01,23152,A,F,E,I,A,A,H,-,C,D,0,,,,,Y,Y,A,01,1,0,0,0,0,0,0,0,0,"- ","- ",37.827201843261719,-122.29647827148438,ALAMEDA,OAKLAND,-122.29651641845703,37.827278137207031
91920208,2022,2022-11-17,9335,2022-06-26,2100,022667,,7,2,7,0109,0,1,1,,2,084,"I-80 E/B","CALTRANS WEST PARKING LOT PHYSICAL GORE POINT",2320.00,W,N,A,-,Y,ALA,,80,,R,1.311,H,,R,Y,1,1,2,2,A,-,01,23152,A,N,B,2,A,A,H,-,B,D,0,,,,,Y,Y,D,22,0,0,2,0,0,0,0,0,0,"- ","- ",37.821891784667969,-122.32588195800781,ALAMEDA,OAKLAND,-122.32589721679688,37.822013854980469
91944173,2022,2024-06-05,9345,2022-08-05,0950,022144,,5,1,6,0106,0,1,3,,2,092,"SR-92 EASTBOUND TO I-880 NORTHBOUND",I-880,270.00,W,N,A,-,Y,,,,,,,,,,N,1,1,4,5,A,-,01,23152,A,N,C,C,A,A,H,-,A,D,0,,,,,Y,Y,A,01,0,3,1,0,0,0,0,0,0,"- ","- ",37.642910003662109,-122.09388732910156,ALAMEDA,HAYWARD,-122.09388732910156,37.642910003662109
91947404,2022,2022-12-20,9370,2022-12-13,1100,018499,,2,1,2,0104,0,1,1,,2,080,"I-80 W/B","ASHBY AVE",925.00,W,N,A,-,Y,ALA,,80,,,4.269,H,,L,Y,2,0,3,3,A,-,03,22350,,N,C,C,A,A,H,-,A,D,0,,,,,Y,,A,01,1,0,2,0,0,0,0,0,0,"- ","- ",37.844608306884766,-122.29801177978516,ALAMEDA,EMERYVILLE,-122.29802703857422,37.844608306884766
91949311,2022,2022-12-22,9370,2022-09-10,1819,022990,,6,2,7,0109,0,1,3,,2,024,"SR-24 W/B TO SR-13 S/B","SR-13 S/B",2227.00,S,N,A,-,Y,,,,,,,,,,Y,2,0,1,1,A,-,03,22350,,F,E,I,A,A,H,-,A,D,0,,,,,Y,,A,01,1,0,0,0,0,0,0,0,0,"- ","- ",37.849590301513672,-122.23201751708984,ALAMEDA,OAKLAND,-122.23201751708984,37.849590301513672
91965648,2022,2023-01-11,9370,2022-12-31,0616,022845,,6,1,7,0109,0,1,1,,2,177,"I-880 N/B","23RD AVE",1041.00,N,N,B,C,Y,ALA,,880,,,29.237,H,,R,Y,2,0,2,2,C,-,18,,,N,D,2,A,B,H,-,D,B,0,,,,,Y,,-,"- ",2,0,0,0,0,0,0,0,0,"- ","- ",37.781570434570312,-122.23880767822266,ALAMEDA,OAKLAND,-122.23867034912109,37.781600952148438
92010049,2023,2023-03-06,9370,2023-02-19,"930 ",023125,,7,1,2,0104,0,1,1,,2,080,"I-80 W/B","POWELL ST",925.00,W,N,A,-,Y,ALA,,80," "," ",3.545,H,,L,N,2,0,1,1,A,-,08,22107,,N,E,I,A,A,H,-,A,D,0,,,Y,,Y,,C,02,1,0,0,0,0,0,0,0,1,"- ","- ",37.834400177001953,-122.29506683349609,ALAMEDA,EMERYVILLE,-122.295166015625,37.834373474121094
92018314,2023,2023-03-15,9370,2023-02-27,1845,022358,,1,2,7,0109,0,1,1,,2,053,"I-580 W/B","38TH AVE",235.00,E,N,A,-,Y,ALA,,580," ",R,40.340,H,,L,Y,2,0,4,3,A,-,01,23152,A,N,C,C,A,A,H,-,C,D,0,,,,,Y,Y,A,07,2,0,2,0,0,0,0,0,0,"- ","- ",37.788898468017578,-122.19966888427734,ALAMEDA,OAKLAND,-122.19989776611328,37.788711547851562
9207637,2020,2021-02-01,0109,2020-07-29,2331,9870,2,3,5,7,0109,0,0,0,,0,32X,"INTERNATIONAL BL","TUCKER ST",0.00,,Y,A,-,N,,,,,,,,,,N,2,0,1,2,A,-,08,22107,,F,A,G,A,A,H,-,C,D,0,,Y,,,Y,,A,01,1,0,0,0,0,0,1,0,0,"- ","- ",,,ALAMEDA,OAKLAND,-122.16542053222656,37.737499237060547
92080294,2023,2023-05-29,9390,2023-05-19,"340 ",021971,,5,3,9,0100,0,1,1,,2,050,"I-580 WESTBOUND","EDEN CANYON ROAD",2640.00,E,N,A,-,Y,ALA,,580," ",R,24.628,H,,R,Y,2,0,1,1,A,-,03,22350,,N,F,A,A,A,H,-,D,A,0,,,Y,,Y,,C,02,1,0,0,0,0,0,0,0,1,"- ","- ",37.701858520507812,-121.99247741699219,ALAMEDA,UNINCORPORATED,-121.99246215820312,37.701892852783203
92088063,2023,2023-06-07,9390,2023-04-25,1145,017368,,2,1,9,0100,0,1,3,,2,330,"SR-84 / VALLECITOS ROAD","LITTLE VALLEY RD.",4752.00,W,N,A,-,Y,ALA,,84," "," ",20.749,H,,R,Y,2,0,3,2,A,-,08,22107,,N,E,I,A,A,D,-,A,D,0,,,,,Y,,A,01,2,1,0,0,0,0,0,0,0,"- ","- ",37.607368469238281,-121.82981872558594,ALAMEDA,UNINCORPORATED,-121.82982635498047,37.607379913330078
9210124,2020,2021-01-15,0109,2020-10-21,1857,9814,2,3,5,7,0109,0,0,0,,0,27X,"INTERNATIONAL BL","64TH AV",25.00,E,N,A,-,N,,,,,,,,,,N,2,0,1,2,A,-,10,21950,A,F,G,B,B,A,H,-,C,A,0,Y,,,,Y,,A,07,1,0,0,0,1,0,0,0,0,"- ","- ",,,ALAMEDA,OAKLAND,-122.19568634033203,37.763294219970703
92101709,2023,2023-06-26,9370,2023-06-21,"145 ",022981,,3,3,7,0109,0,1,1,,2,053,"I-580 E/B","BEAUMONT AVE",600.00,E,N,A,-,Y,ALA,,580," ",R,42.061,H,,R,N,2,0,1,1,A,-,01,23152,A,N,E,I,A,A,H,-,D,D,0,,,,,Y,Y,A,01,1,0,0,0,0,0,0,0,0,"- ","- ",37.800418853759766,-122.22641754150391,ALAMEDA,OAKLAND,-122.22640228271484,37.80047607421875
92109743,2023,2023-07-05,9390,2023-06-23,1924,022215,,5,2,5,0111,0,1,1,,2,051,"I-580 WESTBOUND","HOPYARD RD",1056.00,E,N,A,-,Y,ALA,,580," "," ",19.528,H,,R,Y,2,0,1,1,C,-,18,,,N,E,J,A,A,H,-,A,D,0,,,Y,,Y,,-,"- ",1,0,0,0,0,0,0,0,1,"- ","- ",37.701950073242188,-121.90115356445312,ALAMEDA,PLEASANTON,-121.90114593505859,37.701904296875
9211471,2020,2022-06-11,0112,2020-11-06,0442,350,,5,5,5,0112,0,0,0,,0,002,"RT 185","141ST AV",0.00,,Y,A,-,Y,ALA,4,185,-,-,4.380,I,5,N,N,1,1,0,2,A,-,11,21955,,N,A,B,D,A,H,-,C,D,0,Y,,,,Y,,N,60,0,0,0,1,0,0,0,0,0,"- ","- ",,,ALAMEDA,"SAN LEANDRO",-122.13883972167969,37.712528228759766
9212567,2020,2021-01-27,0103,2020-11-30,1410,104,20,1,5,6,0103,0,0,0,,0,013,"SAN PABLO",CARLETON,0.00,,Y,A,-,Y,ALA,4,123,-,-,2.370,I,5,S,Y,2,0,3,2,A,-,09,21802,A,N,D,C,A,A,H,-,A,A,0,,,,,Y,,A,01,1,1,1,0,0,0,0,0,0,"- ","- ",37.857669830322266,-122.28874206542969,ALAMEDA,BERKELEY,-122.28874206542969,37.858318328857422
92165455,2023,2023-09-08,9370,2023-08-26,"128 ",022850,,6,3,2,0104,0,1,1,,2,080,"I-80 E/B","ASHBY AVE",80.00,W,N,B,-,Y,ALA,,80," "," ",4.449,H,,R,N,2,0,1,1,A,-,08,22107,,N,E,J,A,A,H,-,C,D,0,,,,,Y,,A,07,1,0,0,0,0,0,0,0,0,"- ","- ",37.847160339355469,-122.29824066162109,ALAMEDA,EMERYVILLE,-122.29843139648438,37.847126007080078
92179663,2023,2023-09-26,9390,2023-07-22,2115,023163,,6,2,9,0100,0,2,4,,2,556,"MOUNTAIN HOUSE ROAD","MILE POST MARKER .82",551.00,N,N,A,-,N,,,,,,,,,,Y,2,0,1,1,A,-,08,22107,,N,F,A,A,A,H,-,D,D,0,,,Y,,Y,,C,02,1,0,0,0,0,0,0,0,1,"- ","- ",37.765079498291016,-121.58492279052734,ALAMEDA,UNINCORPORATED,,
92231019,2023,2023-11-08,9370,2023-08-27,2330,022919,,7,3,7,0109,0,1,1,,2,054,"I-580 W/B","GRAND AVE",492.00,W,N,B,-,Y,ALA,,580," "," ",43.738,H,,L,N,1,1,0,2,A,-,11,21954,A,N,G,B,E,A,H,-,D,D,0,Y,,,,Y,,N,60,0,0,0,1,0,0,0,0,0,"- ","- ",37.811561584472656,-122.24999237060547,ALAMEDA,OAKLAND,-122.25016021728516,37.811489105224609
92247574,2023,2023-11-29,9370,2023-11-08,"530 ",023478,,3,3,7,0109,0,1,3,,2,024,"SR-24 W/B TO I-580","42ND ST",200.00,W,N,A,-,Y,ALA,,24," ",R,2.662,H,,L,N,2,0,1,2,A,-,07,21658,A,N,C,C,A,A,H,-,B,D,0,,,Y,,Y,,A,01,1,0,0,0,0,0,0,0,1,"- ","- ",37.83599853515625,-122.26614379882812,ALAMEDA,OAKLAND,-122.26596832275391,37.835979461669922
92290546,2023,2024-01-18,9345,2023-11-07,2023,022934,,2,2,9,0100,0,1,S,,2,022,"SR-185 N/B (MISSION BLVD)","ST JAMES CT.",70.00,S,N,A,-,Y,,,,,,,,,,N,2,0,1,2,A,-,11,21954,A,M,G,B,D,A,H,-,C,D,0,Y,,,,Y,,N,60,1,0,0,0,1,0,0,0,0,"- ","- ",37.683330535888672,-122.09770965576172,ALAMEDA,UNINCORPORATED,-122.09770202636719,37.683338165283203
9230893,2021,2021-03-15,0107,2021-01-29,1006,G581,A150,5,5,5,0107,0,0,0,,0,001,"N CANYONS PKWY","CONSTITUTION DR",0.00,,Y,A,-,N,,,,,,,,,,Y,2,0,2,2,D,-,00,,,N,D,C,A,A,H,-,A,A,0,,,,,Y,,-,"- ",1,1,0,0,0,0,0,0,0,"- ","- ",37.703411102294922,-121.81493377685547,ALAMEDA,LIVERMORE,-121.81715393066406,37.704608917236328
92405680,2023,2024-06-04,9370,2023-12-26,2137,022981,,2,2,7,0109,0,1,1,,2,176,"I-880 N/B","66TH AVE",1351.00,S,N,A,-,Y,ALA,,880," "," ",26.200,H,,R,N,1,1,0,2,A,-,11,21954,A,N,G,B,E,A,H,-,D,D,0,Y,,,,Y,,N,60,0,0,0,1,0,0,0,0,0,"- ","- ",37.748989105224609,-122.20372772216797,ALAMEDA,OAKLAND,-122.20367431640625,37.749019622802734
92406779,2024,2024-06-05,9345,2024-05-25,"927 ",023460,,6,1,9,0100,0,2,S,,2,002,"ELGIN STREET","EL BALCON AVENUE",0.00,,Y,B,-,N,,,,,,,,,,N,2,0,1,2,A,-,09,21801,A,N,D,C,A,A,H,-,A,A,0,,,Y,,Y,,A,07,1,0,0,0,0,0,0,0,1,"- ","- ",37.691329956054688,-122.1107177734375,ALAMEDA,UNINCORPORATED,-122.11070251464844,37.691314697265625
9253911,2020,2021-04-26,0106,2020-12-08,1543,329,,2,5,6,0106,0,0,0,,0,00E,"HESPERIAN BL","TAHOE AV",0.00,,Y,A,-,N,,,,,,,,,,Y,2,0,5,2,A,-,03,22350,,N,D,C,A,A,H,-,A,D,0,,,,,Y,,A,01,3,2,0,0,0,0,0,0,0,"- ","- ",,,ALAMEDA,HAYWARD,-122.09011840820312,37.620040893554688
9256179,2021,2023-06-17,0111,2021-02-19,1939,316,,5,5,5,0111,0,0,0,,0,001,"JOHNSON DR","OWENS DR",245.00,N,N,A,-,N,,,,,,,,,,Y,1,1,0,2,A,-,11,21954,A,N,G,B,E,A,H,-,C,D,0,Y,,,,Y,Y,N,60,0,0,0,1,0,0,0,0,0,"- ","- ",,,ALAMEDA,PLEASANTON,-121.90794372558594,37.700267791748047
9263943,2021,2021-05-19,0106,2021-04-15,2036,329,,4,5,6,0106,0,0,0,,0,00F,"INDUSTRIAL PKWY W","DIXON ST",11.00,E,N,A,-,N,,,,,,,,,,Y,2,0,2,2,A,-,08,22107,,N,A,C,A,A,H,-,C,A,0,,,,,Y,,A,01,1,1,0,0,0,0,0,0,0,"- ","- ",,,ALAMEDA,HAYWARD,-122.04903411865234,37.628002166748047
9263945,2021,2021-05-19,0106,2021-04-17,1735,489,,6,5,6,0106,0,0,0,,0,00B,"D ST","FOOTHILL BL",0.00,,Y,A,-,N,,,,,,,,,,Y,2,0,2,2,A,-,12,21453,A,N,D,C,A,A,H,-,A,A,0,,,,,Y,,A,01,2,0,0,0,0,0,0,0,0,"- ","- ",,,ALAMEDA,HAYWARD,-122.08022308349609,37.671157836914062
9264025,2021,2021-06-02,0106,2021-04-01,1142,465,,4,5,6,0106,0,0,0,,0,00E,"S HESPERIAN BL","RT 92",0.00,,Y,A,-,Y,ALA,4,92,-,R,5.617,R,4,W,Y,2,0,1,2,A,-,12,21453,A,N,D,C,A,A,H,-,A,A,0,,,,,Y,,A,01,1,0,0,0,0,0,0,0,0,"- ",WO,37.636249542236328,-122.10009002685547,ALAMEDA,HAYWARD,-122.10232543945312,37.635490417480469
9288438,2021,2021-07-14,0103,2021-05-24,1728,104,21,1,5,6,0103,0,0,0,,0,014,UNIVERSITY,10TH,0.00,,Y,A,-,N,,,,,,,,,,Y,2,0,1,2,A,-,09,21802,A,N,D,C,A,A,H,-,B,A,0,,,Y,,Y,,A,01,1,0,0,0,0,0,0,0,1,"- ","- ",37.868869781494141,-122.29329681396484,ALAMEDA,BERKELEY,-122.2933349609375,37.868930816650391
9301733,2021,2023-06-20,0105,2021-06-30,2228,14306,668,3,5,6,0105,0,0,0,,0,002,"PERALTA BL","DUSTERBERRY WY",85.00,E,N,A,-,N,,,,,,,,,,N,1,1,0,2,A,-,11,21954,A,F,G,B,E,A,H,-,C,A,0,Y,,,,Y,,N,60,0,0,0,1,0,0,0,0,0,"- ","- ",,,ALAMEDA,FREMONT,-122.00942230224609,37.553550720214844
9301794,2021,2023-06-20,0105,2021-07-04,2127,12223,549,7,5,6,0105,0,0,0,,0,002,"HANSEN AV","DUTRA WY",0.00,,Y,A,-,N,,,,,,,,,,Y,1,1,0,3,A,-,05,21650,,N,H,G,A,A,H,-,C,D,0,,Y,,,Y,,L,04,0,0,0,0,0,1,0,0,0,"- ","- ",,,ALAMEDA,FREMONT,-122.01717376708984,37.546939849853516
9301796,2021,2023-06-20,0104,2021-07-14,1803,330,E2,3,5,2,0104,0,0,0,,0,005,"40TH ST (BLOCK 1500)","40TH ST",0.00,,Y,A,-,N,,,,,,,,,,Y,1,1,0,1,A,-,03,22350,,N,A,I,A,A,H,-,A,D,0,,,Y,,Y,,C,02,0,0,0,0,0,0,0,1,0,"- ","- ",,,ALAMEDA,EMERYVILLE,-122.28894099999999,37.829292000000002
9302619,2021,2021-09-01,0111,2021-07-02,0730,316,,5,5,5,0111,0,0,0,,0,002,"WEST LAS POSITAS BL","STONERIDGE DR",0.00,,Y,A,-,N,,,,,,,,,,Y,2,0,2,2,A,-,12,21453,A,N,D,C,A,A,H,-,A,A,0,,,,,Y,,A,01,1,1,0,0,0,0,0,0,0,"- ","- ",,,ALAMEDA,PLEASANTON,-121.88519287109375,37.688678741455078
9306432,2021,2021-08-24,0109,2021-04-20,0611,8549,1,2,5,7,0109,0,0,0,,0,23X,"INTERNATIONAL BL","23RD AV",3.00,W,N,A,-,N,,,,,,,,,,N,2,0,1,2,A,-,11,21456,B,N,G,B,-,A,H,-,A,A,0,Y,,,,Y,,N,60,1,0,0,0,1,0,0,0,0,"- ","- ",,,ALAMEDA,OAKLAND,-122.23594665527344,37.783424377441406
9322042,2021,2021-09-29,0106,2021-07-29,2106,341,,4,5,6,0106,0,0,0,,0,00G,"WHITMAN ST","AINSLEE CT",190.00,S,N,A,-,N,,,,,,,,,,Y,2,0,2,3,A,-,06,21750,,F,G,G,A,A,H,-,C,D,0,,Y,Y,,Y,Y,C,02,1,1,0,0,0,0,1,0,1,"- ","- ",,,ALAMEDA,HAYWARD,-122.06909942626953,37.648899078369141
9367925,2021,2021-12-07,0102,2021-10-25,1920,JB243902,,1,5,3,0102,0,0,0,,0,002,SOLANO,ORDWAY,0.00,,Y,A,-,N,,,,,,,,,,N,2,0,1,2,A,-,03,22350,,N,G,B,B,A,H,-,C,D,0,Y,,,,Y,,A,01,1,0,0,0,1,0,0,0,0,"- ","- ",,,ALAMEDA,ALBANY,-122.2845458984375,37.891078948974609
9382002,2021,2022-01-28,0109,2021-12-08,1711,9917,2,3,5,7,0109,0,0,0,,0,30X,"INTERNATIONAL BL","80TH AV",0.00,,Y,C,-,N,,,,,,,,,,N,2,0,1,2,A,-,10,21950,A,F,A,B,B,B,H,-,C,A,0,Y,,,,Y,,D,22,1,0,0,0,1,0,0,0,0,"- ","- ",,,ALAMEDA,OAKLAND,-122.18166351318359,37.756610870361328