CASE_ID,ACCIDENT_YEAR,PROC_DATE,JURIS,COLLISION_DATE,COLLISION_TIME,OFFICER_ID,REPORTING_DISTRICT,DAY_OF_WEEK,CHP_SHIFT,POPULATION,CNTY_CITY_LOC,SPECIAL_COND,BEAT_TYPE,CHP_BEAT_TYPE,CITY_DIVISION_LAPD,CHP_BEAT_CLASS,BEAT_NUMBER,PRIMARY_RD,SECONDARY_RD,DISTANCE,DIRECTION,INTERSECTION,WEATHER_1,WEATHER_2,STATE_HWY_IND,CALTRANS_COUNTY,CALTRANS_DISTRICT,STATE_ROUTE,ROUTE_SUFFIX,POSTMILE_PREFIX,POSTMILE,LOCATION_TYPE,RAMP_INTERSECTION,SIDE_OF_HWY,TOW_AWAY,COLLISION_SEVERITY,NUMBER_KILLED,NUMBER_INJURED,PARTY_COUNT,PRIMARY_COLL_FACTOR,PCF_CODE_OF_VIOL,PCF_VIOL_CATEGORY,PCF_VIOLATION,PCF_VIOL_SUBSECTION,HIT_AND_RUN,TYPE_OF_COLLISION,MVIW,PED_ACTION,ROAD_SURFACE,ROAD_COND_1,ROAD_COND_2,LIGHTING,CONTROL_DEVICE,CHP_ROAD_TYPE,PEDESTRIAN_ACCIDENT,BICYCLE_ACCIDENT,MOTORCYCLE_ACCIDENT,TRUCK_ACCIDENT,NOT_PRIVATE_PROPERTY,ALCOHOL_INVOLVED,STWD_VEHTYPE_AT_FAULT,CHP_VEHTYPE_AT_FAULT,COUNT_SEVERE_INJ,COUNT_VISIBLE_INJ,COUNT_COMPLAINT_PAIN,COUNT_PED_KILLED,COUNT_PED_INJURED,COUNT_BICYCLIST_KILLED,COUNT_BICYCLIST_INJURED,COUNT_MC_KILLED,COUNT_MC_INJURED,PRIMARY_RAMP,SECONDARY_RAMP,LATITUDE,LONGITUDE,COUNTY,CITY,POINT_X,POINT_Y
6998281,2015,2016-11-18,9345,2015-06-26,1950,202622,,5,2,9,0100,0,1,1,,2,238,"RT 238","CASTRO VALLEY BL",24.00,N,N,A,-,Y,ALA,4,238,-,R,14.566,R,3,N,Y,2,0,1,1,A,-,03,22350,,N,E,I,A,A,H,-,A,D,1,,,Y,,Y,,O,05,1,0,0,0,0,0,0,0,1,FR,"- ",37.689639999999997,-122.09463,ALAMEDA,UNINCORPORATED,-122.0997677,37.690007690000002
7006200,2015,2015-10-12,0105,2015-08-25,1902,12745,333,2,5,6,0105,0,0,0,,0,001,"NILES BL","KRAFTILE RD",78.00,N,N,A,-,N,,,,,,,,,,Y,1,1,0,1,C,-,18,,,N,E,I,A,A,H,-,A,D,0,,,,,Y,,-,"- ",0,0,0,0,0,0,0,0,0,"- ","- ",33.249369999999999,-117.68822,ALAMEDA,FREMONT,-122.00656875,37.583154550000003
7012250,2015,2017-01-24,9370,2015-07-10,1820,021098,,5,2,7,0109,0,1,1,,2,052,"RT 580","HUGH ST",0.00,,N,B,-,Y,ALA,4,580,-,R,40.100,H,-,E,Y,2,0,3,3,A,-,03,22350,,N,C,C,A,A,H,-,A,D,1,,,Y,,Y,,A,01,1,0,2,0,0,0,0,0,1,"- ","- ",37.786650000000002,-122.19601,ALAMEDA,OAKLAND,-122.19576456999999,37.786586810000003
7015847,2015,2017-01-24,9370,2015-07-26,0013,020475,,7,3,7,0109,0,1,1,,2,008,"RT 80","W GRAND AV",535.00,W,N,B,-,Y,ALA,4,80,-,-,2.310,H,-,W,Y,2,0,3,5,A,-,01,23152,A,N,C,C,A,A,H,-,D,D,6,,,,,Y,Y,A,07,1,0,2,0,0,0,0,0,0,"- ","- ",37.493020000000001,-122.18419,ALAMEDA,OAKLAND,-122.31075389,37.82501877
7016554,2015,2015-08-18,0111,2015-06-18,1015,137,,4,5,5,0111,0,0,0,,0,,"MAIN ST","ST MARY ST",8.00,E,N,A,-,N,,,,,,,,,,N,2,0,1,2,A,-,10,21950,A,N,G,B,B,A,H,-,A,D,0,Y,,,,Y,,D,23,1,0,0,0,1,0,0,0,0,"- ","- ",,,ALAMEDA,PLEASANTON,-121.87491143,37.662520890000003
7060940,2015,2015-10-08,0109,2015-04-25,1218,9380,2,6,5,7,0109,0,0,0,,0,30X,"GARFIELD AV","78TH AV",5.00,W,N,B,-,N,,,,,,,,,,N,2,0,1,2,A,-,12,22450,A,N,H,G,A,A,H,-,A,A,0,,Y,,,Y,,L,04,1,0,0,0,0,0,1,0,0,"- ","- ",,,ALAMEDA,OAKLAND,-122.17286039,37.764120990000002
7106850,2015,2015-10-30,0105,2015-10-15,2036,2536,947,4,5,6,0105,0,0,0,,0,003,"MISSION BL","MISSION TIERRA PL",170.00,N,N,A,-,N,,,,,,,,,,Y,2,0,1,2,A,-,11,21954,A,N,G,B,D,A,H,-,C,D,0,Y,,,,Y,Y,N,60,1,0,0,0,1,0,0,0,0,"- ","- ",33.19753,-117.60732,ALAMEDA,FREMONT,-121.91988545,37.53266619
7117881,2015,2015-11-25,0109,2015-09-03,0402,9259,2,4,5,7,0109,0,0,0,,0,033,"INTERNATIONAL BL","96TH AV",75.00,W,N,A,-,N,,,,,,,,,,Y,2,0,2,1,A,-,08,22107,,N,E,I,A,A,H,-,C,D,0,,,,,Y,,A,01,1,0,1,0,0,0,0,0,0,"- ","- ",,,ALAMEDA,OAKLAND,-122.17174230000001,37.745917230000003
7120394,2015,2015-11-23,0107,2015-10-04,0709,80,,7,5,5,0107,0,0,0,,0,BTC,"ARROYO RD","LATOUR AV",0.00,,Y,A,-,N,,,,,,,,,,Y,2,0,1,1,A,-,03,22350,,N,E,I,A,A,H,-,B,A,0,,,,,Y,,A,01,1,0,0,0,0,0,0,0,0,"- ","- ",,,ALAMEDA,LIVERMORE,-121.76811994000001,37.658499929999998
7131659,2015,2015-12-15,0105,2015-11-29,1940,11863,773,7,5,6,0105,0,0,0,,0,001,"PASEO PADRE PKWY","STEVENSON BL",12.00,N,N,A,-,N,,,,,,,,,,N,2,0,1,2,A,-,11,21453,D,N,G,B,B,A,H,-,C,A,0,Y,,,,Y,,N,60,1,0,0,0,1,0,0,0,0,"- ","- ",33.214970000000001,-117.65673,ALAMEDA,FREMONT,-121.97227818,37.548944149999997
7131671,2015,2015-12-15,0101,2015-11-29,0432,22,113,7,5,5,0101,0,0,0,,0,001,"WILLIE STARGELL AV","MAIN ST",63.00,E,N,A,-,N,,,,,,,,,,Y,2,0,2,1,A,-,01,23152,A,N,E,I,A,A,H,-,C,A,0,,,,,Y,Y,A,01,2,0,0,0,0,0,0,0,0,"- ","- ",,,ALAMEDA,ALAMEDA,-122.29132353999999,37.784867839999997
7146325,2015,2016-01-06,0103,2015-11-25,1259,138,39,3,5,6,0103,0,0,0,,0,008,"COLLEGE AV","WOOLSEY ST",356.00,S,N,A,-,N,,,,,,,,,,N,2,0,1,2,A,-,03,22350,,N,C,E,A,A,H,-,A,D,0,,,,,Y,,A,01,1,0,0,0,0,0,0,0,0,"- ","- ",,,ALAMEDA,BERKELEY,-122.25263916999999,37.852905319999998
7166696,2016,2016-01-26,0105,2016-01-07,1809,11863,930,4,5,6,0105,0,0,0,,0,003,"WASHINGTON BL","OLIVE AV",8.00,E,N,A,-,N,,,,,,,,,,Y,2,0,1,2,A,-,10,21950,A,N,G,B,B,A,H,-,C,D,0,Y,,,,Y,,A,01,1,0,0,0,1,0,0,0,0,"- ","- ",,,ALAMEDA,FREMONT,-121.95056270000001,37.533616789999996
7170746,2015,2016-02-01,0109,2015-09-13,2153,9390,2,7,5,7,0109,0,0,0,,0,26Y,"66TH AV","COLISEUM WY",0.00,,Y,A,-,N,,,,,,,,,,Y,2,0,1,2,A,-,03,22350,,F,G,B,F,A,H,-,C,A,0,Y,,,,Y,,A,01,1,0,0,0,1,0,0,0,0,"- ","- ",,,ALAMEDA,OAKLAND,-122.20529998000001,37.75497996
7188259,2015,2016-02-23,0109,2015-12-25,1546,9489,1,5,5,7,0109,0,0,0,,0,20X,"23RD AV","E 19TH ST",69.00,N,N,A,-,N,,,,,,,,,,Y,2,0,1,2,A,-,08,22107,,F,C,E,A,A,H,-,A,A,0,,,,,Y,,A,01,1,0,0,0,0,0,0,0,0,"- ","- ",,,ALAMEDA,OAKLAND,-122.23241919,37.786733499999997
7191457,2016,2016-03-11,0109,2016-02-02,0813,8494,2,2,5,7,0109,0,0,0,,0,26X,"INTERNATIONAL BL","51ST AV",0.00,,Y,C,-,N,,,,,,,,,,Y,2,0,2,2,B,-,22,,,N,B,C,A,B,H,-,A,D,0,,,,,Y,,J,48,1,0,1,0,0,0,0,0,0,"- ","- ",,,ALAMEDA,OAKLAND,-122.20787989999999,37.769039939999999
7199504,2015,2016-03-23,0113,2015-11-29,0639,4003,,7,5,5,0113,0,0,0,,0,004,"WHIPPLE RD","LISTON WY",477.00,E,N,A,-,N,,,,,,,,,,Y,1,1,0,2,A,-,11,21954,A,N,G,B,E,A,H,-,B,D,0,Y,,,,Y,Y,N,60,0,0,0,1,0,0,0,0,0,"- ","- ",,,ALAMEDA,"UNION CITY",-122.04857294999999,37.606029999999997
7199601,2015,2016-05-05,0109,2015-04-26,1453,8867,4,7,5,7,0109,0,0,0,,0,26Y,"COLISEUM WY","50TH AV",740.00,E,N,A,-,N,,,,,,,,,,,1,1,0,2,A,-,08,22107,,F,G,B,F,A,H,-,A,D,0,Y,,,,Y,Y,A,07,0,0,0,1,0,0,0,0,0,"- ","- ",,,ALAMEDA,OAKLAND,-122.21251413,37.762717619999997
7200177,2017,2017-06-15,0103,2017-02-08,0707,143,,3,5,6,0103,0,0,0,,0,003,SACRAMENTO,"ADA ST",50.00,N,N,C,-,N,,,,,,,,,,Y,1,1,0,2,A,-,09,21804,A,N,D,G,A,B,-,-,B,A,0,,Y,,,Y,,A,01,0,0,0,0,0,1,0,0,0,"- ","- ",,,ALAMEDA,BERKELEY,-122.28312205,37.880057020000002
8002398,2016,2016-03-30,0109,2016-02-28,0627,9360,1,7,5,7,0109,0,0,0,,0,12Y,"SHAFTER AV","COLLEGE AV",150.00,S,N,A,-,N,,,,,,,,,,N,2,0,1,2,A,-,11,21955,,F,G,B,D,A,H,-,A,D,0,Y,,,,Y,,N,60,1,0,0,0,1,0,0,0,0,"- ","- ",,,ALAMEDA,OAKLAND,-122.25218801,37.843830969999999
8041339,2016,2016-05-24,0105,2016-04-24,2208,14591,808,7,5,6,0105,0,0,0,,0,001,"FREMONT BL","CHAPEL WY",0.00,,Y,A,-,N,,,,,,,,,,Y,2,0,2,3,A,-,12,21453,A,N,D,C,A,A,H,-,C,A,0,,,,,Y,,A,01,1,0,1,0,0,0,0,0,0,"- ","- ",33.200510000000001,-117.64761,ALAMEDA,FREMONT,-121.96234990000001,37.534689890000003
8050043,2016,2016-06-10,0103,2016-04-30,1230,157,13,6,5,6,0103,0,0,0,,0,002,"HOPKINS ST","CARLOTTA AV",46.00,E,N,A,-,N,,,,,,,,,,N,2,0,1,2,A,-,08,22107,,N,C,G,A,A,H,-,A,D,0,,Y,,,Y,,L,04,1,0,0,0,0,0,1,0,0,"- ","- ",,,ALAMEDA,BERKELEY,-122.28020822000001,37.882541109999998
8068761,2016,2016-06-23,0105,2016-06-01,1022,12510,806,3,5,6,0105,0,0,0,,0,001,"FREMONT BL","PAPAZIAN WY",103.00,S,N,A,-,N,,,,,,,,,,Y,2,0,1,2,A,-,11,21954,A,N,G,-,D,A,H,-,A,D,0,Y,,,,Y,,N,60,1,0,0,0,1,0,0,0,0,"- ","- ",33.199820000000003,-117.64646999999999,ALAMEDA,FREMONT,-121.96085214999999,37.533884129999997
8069583,2016,2016-06-24,0106,2016-05-19,2050,314,,4,5,6,0106,0,0,0,,0,00B,"FOOTHILL BL","CITY CENTER DR",0.00,,Y,B,-,N,,,,,,,,,,N,2,0,1,2,A,-,11,21456,B,N,G,B,B,A,H,-,C,A,0,Y,,,,Y,,N,60,1,0,0,0,1,0,0,0,0,"- ","- ",37.677230000000002,-122.08324,ALAMEDA,HAYWARD,-122.08525994999999,37.680069899999999
8074461,2016,2016-08-02,0101,2016-06-23,1637,11,406,4,5,5,0101,0,0,0,,0,004,"ROBERT DAVEY JR DR","PUDDINGSTONE RD",0.00,,Y,A,-,N,,,,,,,,,,Y,2,0,4,3,A,-,03,22350,,N,G,B,B,A,H,-,A,A,0,Y,,,,Y,,A,01,2,0,2,0,1,0,0,0,0,"- ","- ",,,ALAMEDA,ALAMEDA,-122.24321990999999,37.744139969999999
8110798,2016,2016-08-26,0109,2016-05-22,1300,9301,2,7,5,7,0109,0,0,0,,0,23X,"E 9TH ST","34TH AV",44.00,E,N,A,-,N,,,,,,,,,,N,2,0,1,2,A,-,09,21804,A,F,B,G,A,A,G,-,A,D,0,,Y,,,Y,,L,04,1,0,0,0,0,0,1,0,0,"- ","- ",,,ALAMEDA,OAKLAND,-122.22609042000001,37.772801690000001
8112510,2016,2016-09-01,0109,2016-07-21,1625,9347,1,4,5,7,0109,0,0,0,,0,17X,"14TH AV","21ST ST",10.00,S,N,A,-,N,,,,,,,,,,Y,2,0,1,2,A,-,03,22350,,F,C,C,A,A,H,-,A,A,0,,,,,Y,,-,99,1,0,0,0,0,0,0,0,0,"- ","- ",,,ALAMEDA,OAKLAND,-122.24009585,37.793861730000003
8118581,2016,2016-09-16,0109,2016-08-13,0045,9278,2,6,5,7,0109,0,0,0,,0,23X,"HIGH ST","SAN LEANDRO ST",63.00,N,N,A,-,N,,,,,,,,,,N,2,0,1,2,A,-,11,21954,A,F,G,B,C,A,H,-,D,A,0,Y,,,,Y,,N,60,1,0,0,0,1,0,0,0,0,"- ","- ",,,ALAMEDA,OAKLAND,-122.21698119,37.770746490000001
8129984,2016,2016-09-27,0109,2016-07-04,1831,9280,2,1,5,7,0109,0,0,0,,0,26Y,"66TH AV","LUCILLE ST",0.00,,N,A,-,N,,,,,,,,,,N,2,0,1,2,A,-,11,21950,B,F,G,B,D,A,H,-,A,D,0,Y,,,,Y,Y,N,60,1,0,0,0,1,0,0,0,0,"- ","- ",,,ALAMEDA,OAKLAND,-122.19579,37.760499940000003
8145302,2016,2016-10-17,0109,2016-07-10,2100,9511,2,7,5,7,0109,0,0,0,,0,32X,"INTERNATIONAL BL","105TH AV",0.00,,Y,A,-,N,,,,,,,,,,N,2,0,2,2,A,-,09,21801,A,N,D,C,A,A,H,-,C,A,0,,,Y,,Y,,A,01,1,0,1,0,0,0,0,0,1,"- ","- ",,,ALAMEDA,OAKLAND,-122.16672998999999,37.739279949999997
8155068,2016,2017-05-22,0105,2016-09-22,1701,13915,662,4,5,6,0105,0,0,0,,0,0P2,"RT 84","SEQUIM COM",0.00,,Y,A,-,Y,ALA,4,84,-,-,8.640,H,-,N,Y,2,0,2,2,A,-,09,21801,A,N,A,C,A,A,H,-,A,D,0,,,Y,,Y,,A,07,1,0,1,0,0,0,0,0,1,"- ","- ",33.226129999999998,-117.68472,ALAMEDA,FREMONT,-122.00246184,37.559692390000002
8156032,2016,2016-10-28,0109,2016-10-03,1105,9474,1,1,5,7,0109,0,0,0,,0,03X,"7TH ST","FALLON ST",0.00,,Y,A,-,N,,,,,,,,,,Y,2,0,3,3,A,-,09,21801,A,N,D,C,A,A,H,-,A,A,0,,,,,Y,,A,01,1,0,2,0,0,0,0,0,0,"- ","- ",,,ALAMEDA,OAKLAND,-122.26469987,37.795779959999997
81658372,2021,2021-12-22,0105,2021-11-17,1300,14563,1075,3,5,6,0105,0,0,0,,0,003,"GRIMMER BLVD","AUTO MALL PKWY",480.00,N,N,A,-,N,,,,,,,,,,Y,2,0,1,2,A,-,09,21801,A,F,D,C,A,A,H,-,A,D,0,,,Y,,Y,Y,A,07,1,0,0,0,0,0,0,0,1,"- ","- ",,,ALAMEDA,FREMONT,-121.96381378173828,37.510448455810547
8166526,2016,2016-11-15,0109,2016-09-02,2110,9196,2,5,5,7,0109,0,0,0,,0,34X,"INTERNATIONAL BL","88TH AV",78.00,W,N,A,-,N,,,,,,,,,,N,2,0,1,2,A,-,11,21954,A,F,G,B,D,A,H,-,C,B,0,Y,,,,Y,,N,60,1,0,0,0,1,0,0,0,0,"- ","- ",,,ALAMEDA,OAKLAND,-122.17572877000001,37.75130377
8167212,2017,2018-07-10,0109,2017-07-26,1011,9634,1,3,5,7,0109,0,0,0,,0,03X,"10TH ST","MADISON ST",20.00,S,N,A,-,N,,,,,,,,,,N,1,1,0,2,A,-,10,21950,A,N,G,B,B,A,H,-,A,A,0,Y,,,,Y,,D,22,0,0,0,1,0,0,0,0,0,"- ","- ",,,ALAMEDA,OAKLAND,-122.26571705000001,37.798727110000002
81738590,2022,2022-04-01,0105,2022-03-22,1519,14589,834,2,5,6,0105,0,0,0,,0,001,"FREMONT BLVD","CHAPEL WAY",0.00,,Y,A,-,N,,,,,,,,,,N,2,0,1,2,A,-,10,21950,A,N,G,B,B,A,H,-,A,A,0,Y,,,,Y,,-,"- ",1,0,0,0,1,0,0,0,0,"- ","- ",,,ALAMEDA,FREMONT,-121.96229553222656,37.534660339355469
81751924,2022,2022-04-20,0105,2022-02-16,1729,15405,818,3,5,6,0105,0,0,0,,0,001,"FREMONT BLVD","WALNUT AVE",0.00,,Y,A,-,N,,,,,,,,,,Y,2,0,2,3,A,-,01,23153,B,N,D,C,A,A,H,-,A,A,0,,,,,Y,Y,A,01,1,1,0,0,0,0,0,0,0,"- ","- ",,,ALAMEDA,FREMONT,-121.98268890380859,37.545631408691406
81806601,2022,2022-06-30,0105,2022-06-11,1717,14591,649,6,5,6,0105,0,0,0,,0,001,"MOWRY AVE","HASTINGS ST",0.00,,Y,A,-,N,,,,,,,,,,Y,2,0,2,2,A,-,12,21453,A,N,D,C,A,A,H,-,A,A,0,,,,,Y,,A,07,1,0,1,0,0,0,0,0,0,"- ","- ",,,ALAMEDA,FREMONT,-121.984619140625,37.553157806396484
82018223,2023,2023-03-15,0107,2023-02-24,2303,3,LIVER,5,5,5,0107,0,0,0,,0,001,"RAILROAD AV","P ST",0.00,,Y,A,-,N,,,,,,,,,,Y,2,0,3,2,D,-,00,,,N,D,C,A,A,H,-,C,A,0,,,,,Y,,-,"- ",1,0,2,0,0,0,0,0,0,"- ","- ",37.680850982666016,-121.77681732177734,ALAMEDA,LIVERMORE,-121.77693176269531,37.681171417236328
82076991,2023,2024-04-09,0105,2023-03-22,1537,13730,,3,5,6,0105,0,0,0,,0,001,"FREMONT BLVD","MARGERY DR",0.00,,Y,A,-,N,,,,,,,,,,N,2,0,1,2,A,-,09,21804,A,N,D,G,A,A,H,-,A,A,0,,Y,,,Y,,L,04,1,0,0,0,0,0,1,0,0,"- ","- ",,,ALAMEDA,FREMONT,-121.96968078613281,37.538494110107422
82107696,2023,2023-07-05,0107,2023-06-12,2247,60,LIVER,1,5,5,0107,0,0,0,,0,003,"MAPLE ST","5TH ST",8.00,S,N,A,-,N,,,,,,,,,,N,2,0,3,4,A,-,10,21950,A,N,G,B,B,A,H,-,E,D,0,Y,,,,Y,Y,A,01,1,1,1,0,3,0,0,0,0,"- ","- ",37.681079864501953,-121.7628173828125,ALAMEDA,LIVERMORE,-121.76277923583984,37.681095123291016
82204427,2023,2024-02-29,0107,2023-07-21,1522,36,LIVER,5,5,5,0107,0,0,0,,0,003,"EAST AV","MITRA ST",0.00,,Y,A,-,N,,,,,,,,,,Y,1,1,1,2,A,-,03,22350,,N,D,C,A,A,H,-,A,D,0,,,,,Y,,A,01,0,0,1,0,0,0,0,0,0,"- ","- ",37.679981231689453,-121.73117065429688,ALAMEDA,LIVERMORE,-121.73108673095703,37.679859161376953
82208932,2023,2023-10-26,0105,2023-09-29,"615 ",16206,343,5,5,6,0105,0,0,0,,0,001,"NILES BLVD","SULLIVAN UNDERPASS",24.00,N,N,A,-,N,,,,,,,,,,Y,2,0,1,1,A,-,08,22107,,N,E,I,A,A,H,-,C,A,0,,,,,Y,,A,01,1,0,0,0,0,0,0,0,0,"- ","- ",,,ALAMEDA,FREMONT,-121.98222351074219,37.577655792236328
82222263,2023,2023-10-30,0105,2023-09-02,"300 ",14530,,6,5,6,0105,0,0,0,,0,002,"BLACOW RD","BROPHY DR",0.00,,Y,A,-,N,,,,,,,,,,N,2,0,1,2,D,-,00,,,F,H,G,A,A,H,-,C,D,0,,Y,,,Y,,-,"- ",1,0,0,0,0,0,1,0,0,"- ","- ",,,ALAMEDA,FREMONT,-122.00112915039062,37.537406921386719
82239771,2023,2023-11-20,0105,2023-09-04,1334,16032,784,1,5,6,0105,0,0,0,,0,001,"PASEO PADRE PKWY","BAYLIS ST",0.00,,Y,-,-,N,,,,,,,,,,N,2,0,1,2,A,-,01,23152,A,N,G,B,B,A,H,-,A,A,0,Y,,,,Y,Y,A,01,1,0,0,0,1,0,0,0,0,"- ","- ",,,ALAMEDA,FREMONT,-121.96303558349609,37.543498992919922
82310746,2024,2024-02-12,0105,2024-01-28,1809,14254,642,7,5,6,0105,0,0,0,,0,002,"MOWRY AVE","PASEO PADRE PKWY",273.00,W,N,A,-,N,,,,,,,,,,N,2,0,1,2,A,-,11,21955,,F,G,B,E,A,H,-,C,D,0,Y,,,,Y,,A,01,1,0,0,0,1,0,0,0,0,"- ","- ",,,ALAMEDA,FREMONT,-121.98385620117188,37.554088592529297
82369459,2022,2024-04-22,0101,2022-01-09,1440,14,334,7,5,5,0101,0,0,0,,0,003,"ENCINAL AV",BROADWAY,9.00,E,N,A,-,N,,,,,,,,,,N,2,0,1,2,A,-,10,21950,A,N,G,B,B,A,H,-,A,A,0,Y,,,,Y,,A,01,1,0,0,0,1,0,0,0,0,"- ","- ",37.760360717773438,-122.24080657958984,ALAMEDA,ALAMEDA,-122.24085998535156,37.760398864746094
82369641,2022,2024-04-22,0101,2022-03-26,1306,47,,6,5,5,0101,0,0,0,,0,,"HIGH ST","JACKSON ST",0.00,,Y,A,-,N,,,,,,,,,,Y,2,0,1,2,A,-,08,22107,,N,H,G,A,A,H,-,A,D,0,,Y,,,Y,,A,01,1,0,0,0,0,0,1,0,0,"- ","- ",37.757068634033203,-122.23355865478516,ALAMEDA,ALAMEDA,-122.23341369628906,37.756927490234375
82370073,2022,2024-04-22,0101,2022-09-26,0001,56,334,1,5,5,0101,0,0,0,,0,003,"ENCINAL AV",BROADWAY,24.00,S,N,A,-,Y,ALA,,61,,,19.826,H,,R,Y,2,0,3,2,A,-,12,21453,A,N,D,C,A,A,H,-,C,A,0,,,,,Y,Y,A,01,1,0,2,0,0,0,0,0,0,"- ","- ",37.760360717773438,-122.24080657958984,ALAMEDA,ALAMEDA,-122.24088287353516,37.760398864746094
8284157,2017,2017-02-22,0105,2017-01-01,1341,11621,829,7,5,6,0105,0,0,0,,0,001,"FREMONT BL","EUGENE ST",0.00,,Y,A,-,N,,,,,,,,,,N,2,0,1,2,D,-,00,,,F,G,B,B,A,H,-,A,A,0,Y,,,,Y,,-,"- ",1,0,0,0,1,0,0,0,0,"- ","- ",33.20279,-117.65132,ALAMEDA,FREMONT,-121.96649992,37.536689930000001
8310078,2016,2017-02-28,0109,2016-08-09,1425,8257,2,2,5,7,0109,0,0,0,,0,31X,"98TH AV","EDES AV",0.00,,Y,A,-,N,,,,,,,,,,Y,2,0,5,2,A,-,01,23152,E,N,D,C,A,A,H,-,A,A,0,,,,Y,Y,,A,01,3,2,0,0,0,0,0,0,0,"- ","- ",,,ALAMEDA,OAKLAND,-122.1833099,37.736429940000001
8341974,2016,2017-04-24,0109,2016-11-15,2040,9490,2,2,5,7,0109,0,0,0,,0,27Y,"64TH AV","AVENAL AV",0.00,,Y,B,-,N,,,,,,,,,,Y,2,0,1,2,A,-,12,22450,A,F,D,C,A,A,H,-,C,A,0,,,,,Y,,A,01,1,0,0,0,0,0,0,0,0,"- ","- ",,,ALAMEDA,OAKLAND,-122.18901987,37.767439920000001
8358892,2016,2017-05-08,0109,2016-12-07,0930,9562,1,3,5,7,0109,0,0,0,,0,08X,"27TH ST","HARRISON ST",2.00,E,N,B,-,N,,,,,,,,,,N,2,0,1,2,A,-,12,21453,A,N,G,G,A,A,H,-,A,A,0,,Y,,,Y,,L,04,1,0,0,0,0,0,1,0,0,"- ","- ",,,ALAMEDA,OAKLAND,-122.26149456,37.812806600000002
8366929,2017,2017-05-22,0106,2017-03-09,1839,437,,4,5,6,0106,0,0,0,,0,00C,"ORCHARD AV","ONEIL AV",0.00,,Y,A,-,N,,,,,,,,,,Y,2,0,1,2,A,-,09,21802,A,N,D,C,A,A,H,-,C,D,0,,,Y,,Y,Y,A,01,1,0,0,0,0,0,0,0,1,"- ","- ",37.660249999999998,-122.07401,ALAMEDA,HAYWARD,-122.07556995,37.659529970000001
8367266,2017,2017-05-25,0109,2017-01-31,2359,8765,2,2,5,7,0109,0,0,0,,0,25Y,"35TH AV","VICTOR RD",30.00,S,N,A,-,N,,,,,,,,,,N,2,0,1,1,A,-,08,22107,,N,H,-,A,A,H,-,C,D,0,,,Y,,Y,Y,C,02,1,0,0,0,0,0,0,0,1,"- ","- ",,,ALAMEDA,OAKLAND,-122.19322952,37.798086990000002
8367452,2016,2017-05-22,0109,2016-12-23,0420,9484,1,5,5,7,0109,0,0,0,,0,08X,"TELEGRAPH AV","23RD ST",0.00,,Y,C,-,N,,,,,,,,,,N,2,0,1,2,A,-,03,22350,,F,G,B,E,B,H,-,C,D,0,Y,,,,Y,,-,,1,0,0,0,1,0,0,0,0,"- ","- ",,,ALAMEDA,OAKLAND,-122.26880987,37.812599910000003
8372783,2017,2017-06-13,0109,2017-02-13,1129,9471,2,1,5,7,0109,0,0,0,,0,29X,"EDWARDS AV","SUNKIST DR",10.00,N,N,A,-,N,,,,,,,,,,N,2,0,2,2,A,-,05,21460,A,F,A,C,A,A,H,-,A,B,0,,,,,Y,,A,01,1,1,0,0,0,0,0,0,0,"- ","- ",,,ALAMEDA,OAKLAND,-122.16787581,37.774064269999997
8375728,2017,2018-03-20,0103,2017-03-06,1858,122,,1,5,6,0103,0,0,0,,0,008,"COLLEGE AV","COLLEGE AV 2940",0.00,,N,A,-,Y,ALA,4,13,-,-,11.230,I,6,S,N,2,0,1,2,A,-,17,22517,,N,B,G,A,-,H,-,C,D,0,,Y,,,Y,,A,01,1,0,0,0,0,0,1,0,0,"- ","- ",37.857579999999999,-122.25338000000001,ALAMEDA,BERKELEY,-122.253055,37.857015689999997
8382482,2017,2017-06-14,0106,2017-05-18,0758,354,,4,5,6,0106,0,0,0,,0,00B,"PERALTA ST","A ST",0.00,,Y,A,-,N,,,,,,,,,,N,2,0,1,2,A,-,10,21950,A,N,G,B,B,A,A,H,A,D,0,Y,,,,Y,,A,01,1,0,0,0,1,0,0,0,0,"- ","- ",37.671329999999998,-122.08897,ALAMEDA,HAYWARD,-122.08894995,37.671329890000003
8382521,2017,2017-06-14,0109,2017-05-09,1805,9172,1,2,5,7,0109,0,0,0,,0,10X,"STANFORD AV","KING ST",0.00,,Y,A,-,N,,,,,,,,,,N,2,0,1,2,A,-,08,22107,,N,H,G,A,A,H,-,A,A,0,,Y,,,Y,,L,04,1,0,0,0,0,0,1,0,0,"- ","- ",,,ALAMEDA,OAKLAND,-122.27303000000001,37.846189959999997
8386398,2017,2018-03-20,0103,2017-03-01,1130,146,,3,5,6,0103,0,0,0,,0,016,"RT 80","UNIVERSITY AV",0.00,,Y,A,-,Y,ALA,4,80,-,-,5.983,R,1,W,Y,2,0,1,2,A,-,03,22350,,N,E,C,A,A,H,-,-,D,0,,,Y,,Y,,C,02,1,0,0,0,0,0,0,0,1,EF,"- ",37.867220000000003,-122.30516,ALAMEDA,BERKELEY,-122.3045494,37.868806560000003
8403043,2017,2017-07-06,0111,2017-05-31,1452,224,,3,5,5,0111,0,0,0,,0,001,"STONERIDGE DR","STONERIDGE MALL RD",404.00,E,N,A,-,N,,,,,,,,,,N,2,0,2,2,A,-,03,22350,,N,C,C,A,A,H,-,A,A,0,,,,,Y,,A,01,1,0,1,0,0,0,0,0,0,"- ","- ",,,ALAMEDA,PLEASANTON,-121.92182975999999,37.690744819999999
8404809,2018,2018-06-25,0105,2018-02-05,1856,14175,1020,1,5,6,0105,0,0,0,,0,0Z3,"BLACOW RD","GATEWOOD ST",5.00,W,N,A,-,N,,,,,,,,,,Y,1,1,0,2,A,-,11,21950,B,N,G,B,B,A,H,-,C,A,0,Y,,,,Y,,N,60,0,0,0,1,0,0,0,0,0,"- ","- ",33.189460754394531,-117.64559936523438,ALAMEDA,FREMONT,-121.95997619628906,37.523777008056641
8404885,2017,2018-06-27,0106,2017-11-30,1706,341,,4,5,6,0106,0,0,0,,0,00C,"ALICE ST","ARNOLD CT",0.00,,Y,A,-,N,,,,,,,,,,N,1,1,0,2,A,-,10,21950,A,N,G,B,D,A,H,-,D,D,0,Y,,,,Y,,A,01,0,0,0,1,0,0,0,0,0,"- ","- ",,,ALAMEDA,HAYWARD,-122.08969990999999,37.666809989999997