CASE_ID,ACCIDENT_YEAR,PROC_DATE,JURIS,COLLISION_DATE,COLLISION_TIME,OFFICER_ID,REPORTING_DISTRICT,DAY_OF_WEEK,CHP_SHIFT,POPULATION,CNTY_CITY_LOC,SPECIAL_COND,BEAT_TYPE,CHP_BEAT_TYPE,CITY_DIVISION_LAPD,CHP_BEAT_CLASS,BEAT_NUMBER,PRIMARY_RD,SECONDARY_RD,DISTANCE,DIRECTION,INTERSECTION,WEATHER_1,WEATHER_2,STATE_HWY_IND,CALTRANS_COUNTY,CALTRANS_DISTRICT,STATE_ROUTE,ROUTE_SUFFIX,POSTMILE_PREFIX,POSTMILE,LOCATION_TYPE,RAMP_INTERSECTION,SIDE_OF_HWY,TOW_AWAY,COLLISION_SEVERITY,NUMBER_KILLED,NUMBER_INJURED,PARTY_COUNT,PRIMARY_COLL_FACTOR,PCF_CODE_OF_VIOL,PCF_VIOL_CATEGORY,PCF_VIOLATION,PCF_VIOL_SUBSECTION,HIT_AND_RUN,TYPE_OF_COLLISION,MVIW,PED_ACTION,ROAD_SURFACE,ROAD_COND_1,ROAD_COND_2,LIGHTING,CONTROL_DEVICE,CHP_ROAD_TYPE,PEDESTRIAN_ACCIDENT,BICYCLE_ACCIDENT,MOTORCYCLE_ACCIDENT,TRUCK_ACCIDENT,NOT_PRIVATE_PROPERTY,ALCOHOL_INVOLVED,STWD_VEHTYPE_AT_FAULT,CHP_VEHTYPE_AT_FAULT,COUNT_SEVERE_INJ,COUNT_VISIBLE_INJ,COUNT_COMPLAINT_PAIN,COUNT_PED_KILLED,COUNT_PED_INJURED,COUNT_BICYCLIST_KILLED,COUNT_BICYCLIST_INJURED,COUNT_MC_KILLED,COUNT_MC_INJURED,PRIMARY_RAMP,SECONDARY_RAMP,LATITUDE,LONGITUDE,COUNTY,CITY,POINT_X,POINT_Y
90398535,2017,2017-02-23,9375,2017-02-13,2225,017549,,1,3,5,0112,0,1,1,,2,580,"I-580 E/B","150TH AVE.",1584.00,W,N,A,-,Y,,,580,,,,,,E,Y,2,0,2,1,A,-,08,22107,,N,E,I,A,A,H,-,D,D,0,,,,,Y,,A,01,1,1,0,0,0,0,0,0,0,"- ","- ",37.719720000000002,-122.13397000000001,ALAMEDA,"SAN LEANDRO",-122.13401524,37.719693489999997
90404078,2017,2017-03-02,9370,2017-02-16,0425,021271,,4,3,7,0109,0,1,1,,2,177,"I-880 N/B","5TH ST",1030.00,S,N,C,-,Y,,,880,,,,,,N,Y,2,0,2,3,A,-,07,21658,A,N,B,C,A,B,H,-,C,D,0,,,,Y,Y,,A,01,1,0,1,0,0,0,0,0,0,"- ","- ",37.789850000000001,-122.2567,ALAMEDA,OAKLAND,-122.25671203,37.789775540000001
90417527,2017,2017-03-22,9390,2017-03-10,1650,020761,,5,2,9,0100,0,1,1,,2,054,"I-580 EASTBOUND","GRANT LINE ROAD",3274.00,E,N,A,-,Y,,,580,,,,,,E,Y,2,0,1,2,A,-,03,22350,,N,C,C,A,A,H,-,A,D,0,,,Y,,Y,,C,02,1,0,0,0,0,0,0,0,1,"- ","- ",37.741669999999999,-121.57380000000001,ALAMEDA,UNINCORPORATED,-121.57379526,37.741780339999998
90422463,2017,2017-03-28,9370,2017-03-21,0034,021519,,2,3,6,0103,0,1,1,,2,081,"I-80 W/B","EAST ASHBY AVE OC",300.00,W,N,C,-,Y,,,80,,,,,,W,Y,2,0,2,3,A,-,03,22350,,N,G,C,E,B,H,-,D,D,0,Y,,,,Y,Y,A,01,1,1,0,0,1,0,0,0,0,"- ","- ",37.84816,-122.29892,ALAMEDA,BERKELEY,-122.29885081,37.848177990000003
90446950,2017,2017-05-02,9370,2017-03-12,0425,021164,,7,3,7,0109,0,1,1,,2,176,"I-880 N/B FROM 29TH AVENUE","DEL MONTE STREET",1140.00,N,N,A,-,Y,,,880,,,,R,,N,Y,2,0,1,1,A,-,08,22107,,F,E,I,A,A,H,-,C,D,0,,,,,Y,Y,A,01,1,0,0,0,0,0,0,0,0,"- ","- ",37.775239999999997,-122.23284,ALAMEDA,OAKLAND,-122.23284,37.775239999999997
9045638,2019,2020-02-15,0103,2019-12-19,1730,134,,4,5,6,0103,0,0,0,,0,005,"CARLETON ST","SHATTUCK AV",0.00,,Y,A,-,N,,,,,,,,,,Y,2,0,1,1,A,-,03,22350,,N,E,I,A,A,H,-,C,A,0,,,,,Y,,A,01,1,0,0,0,0,0,0,0,0,"- ","- ",37.861251831054688,-122.26705169677734,ALAMEDA,BERKELEY,-122.26712036132812,37.861251831054688
90468388,2017,2017-05-31,9375,2017-05-21,1032,021345,,7,1,9,0100,0,2,4,,1,041,"CASTRO VALLEY BLVD","CROW CANYON RD",0.00,,Y,A,-,N,,,,,,,,,,Y,2,0,2,3,A,-,01,23152,F,N,A,C,A,A,H,-,A,A,0,,,,,Y,,D,22,1,0,1,0,0,0,0,0,0,"- ","- ",37.694459999999999,-122.05606,ALAMEDA,UNINCORPORATED,-122.05650993,37.69446997
90477387,2017,2017-06-14,9345,2017-06-03,0200,021653,,6,3,6,0105,0,1,1,,2,070,"I-880 NORTHBOUND TO MOWRY AVE.","MOWRY AVE.",415.00,S,N,A,-,Y,,,880,,,,R,,N,Y,2,0,1,1,A,-,01,23152,A,N,E,I,A,A,H,-,C,D,0,,,,,Y,Y,A,01,1,0,0,0,0,0,0,0,0,"- ","- ",37.529470000000003,-122.00046,ALAMEDA,FREMONT,-122.00046,37.529470000000003
90490237,2017,2018-03-06,9345,2017-04-04,2226,021239,,2,3,4,0108,0,1,3,,1,184,"STATE ROUTE 84 (DUMBARTON BRIDGE)","THORNTON AVE",1295.00,N,N,A,-,Y,,,84,,,,,,,Y,1,1,1,2,A,-,01,23152,A,N,A,C,A,A,H,-,C,A,0,,,,,Y,Y,A,01,0,1,0,0,0,0,0,0,0,"- ","- ",37.543019999999999,-122.06415,ALAMEDA,NEWARK,-122.06413745,37.543003489999997
90496759,2017,2017-07-10,9375,2017-07-01,2213,021345,,6,3,9,0100,0,2,4,,1,012,"HESPERIAN BLVD","VIA MERCADO",9.00,S,N,A,-,N,,,,,,,,,,N,2,0,1,2,A,-,11,21456,B,N,G,B,B,A,H,-,C,A,0,Y,,,,Y,Y,N,60,1,0,0,0,1,0,0,0,0,"- ","- ",37.678339999999999,-122.12599,ALAMEDA,UNINCORPORATED,-122.12621544,37.678368149999997
90510198,2017,2017-07-27,9390,2017-07-09,1925,020760,,7,2,5,0111,0,1,1,,2,051,"I-580 WESTBOUND","SANTA RITA ROAD",1200.00,E,N,A,-,Y,,,580,,,,,,W,Y,2,0,1,2,A,-,01,23152,G,N,B,C,A,A,H,-,A,D,0,,,,,Y,Y,A,01,1,0,0,0,0,0,0,0,0,"- ","- ",37.701619999999998,-121.86790000000001,ALAMEDA,PLEASANTON,-121.86790082,37.701530210000001
90523210,2017,2017-08-15,9375,2017-08-05,1420,021454,,6,2,9,0100,0,1,1,,2,581,"I-580 W/B","STROBRIDGE AVE",500.00,W,N,A,-,Y,,,580,,,,,,W,Y,2,0,1,1,A,-,08,22107,,N,F,A,A,A,H,-,A,D,0,,,Y,,Y,,C,02,1,0,0,0,0,0,0,0,1,"- ","- ",37.690840000000001,-122.09108000000001,ALAMEDA,UNINCORPORATED,-122.09107951999999,37.690804030000002
90527928,2017,2017-08-22,9370,2017-08-15,1815,021299,,2,2,7,0109,0,1,1,,2,052,"I-580 E/B TO 106TH AVE","STANLEY AVE",40.00,N,N,A,-,Y,,,580,,,,R,,E,Y,2,0,1,1,A,-,03,22350,,N,E,I,A,A,H,-,A,A,0,,,,,Y,,M,47,1,0,0,0,0,0,0,0,0,"- ","- ",37.74559,-122.15000000000001,ALAMEDA,OAKLAND,-122.15000000000001,37.74559
90542409,2017,2017-10-04,9345,2017-08-31,0725,021688,,4,1,6,0106,0,1,1,,2,072,"INTERSTATE 880 SOUTHBOUND","WHIPPLE ROAD",1282.00,S,N,A,-,Y,,,880,,,,,,S,Y,2,0,1,2,A,-,07,21658,A,N,D,C,A,A,H,-,A,D,0,,,Y,,Y,,A,01,1,0,0,0,0,0,0,0,1,"- ","- ",37.603999999999999,-122.06480000000001,ALAMEDA,HAYWARD,-122.06489892,37.603929460000003
90550563,2017,2017-09-19,9390,2017-09-06,1557,021468,,3,2,9,0100,0,1,1,,2,050,"I-580 WESTBOUND","EDEN CANYON ROAD",500.00,E,N,A,-,Y,,,580,,,,,,W,Y,2,0,1,1,A,-,03,22350,,N,F,I,A,A,H,-,A,D,0,,,,,Y,,D,22,1,0,0,0,0,0,0,0,0,"- ","- ",37.702910000000003,-122.01734999999999,ALAMEDA,UNINCORPORATED,-122.01732223,37.70279103
90554909,2017,2017-09-25,9390,2017-05-29,0225,020494,,1,3,5,0107,0,1,1,,2,052,"I-580 EASTBOUND","FIRST STREET",2112.00,W,N,B,-,Y,,,580,,,,,,E,Y,2,0,1,2,A,-,03,22350,,N,C,C,A,A,H,-,C,D,0,,,,,Y,,A,01,1,0,0,0,0,0,0,0,0,"- ","- ",37.702440000000003,-121.74827999999999,ALAMEDA,LIVERMORE,-121.74828042,37.702430049999997
90574237,2017,2017-10-19,9370,2017-09-10,0509,020877,,7,3,7,0109,0,1,1,,2,053,"I-580 E/B","38TH AVENUE",31.00,W,N,B,-,Y,,,580,,,,,,E,Y,1,1,0,1,A,-,01,23152,A,N,E,I,A,A,H,-,D,D,0,,,,,Y,Y,A,01,0,0,0,0,0,0,0,0,0,"- ","- ",37.789290000000001,-122.20084,ALAMEDA,OAKLAND,-122.20080652,37.789331079999997
90582108,2017,2017-10-30,9390,2017-10-27,1725,020368,,5,2,9,0100,0,1,3,,2,330,"SR-84 / VALLECITOS ROAD (8000 BLOCK)","LITTLE VALLEY ROAD",3168.00,W,N,A,-,N,,,84,,,,,,,Y,2,0,4,2,A,-,01,23152,A,N,A,C,A,A,H,-,A,D,0,,,,,Y,Y,D,22,1,0,3,0,0,0,0,0,0,"- ","- ",37.597560000000001,-121.85594,ALAMEDA,UNINCORPORATED,-121.85593989,37.597558810000002
90584343,2017,2017-11-01,9345,2017-10-29,0315,021653,,7,3,6,0105,0,1,3,,1,184,"SR-84 S/B FROM PASEO PADRE PKWY N/B","PASEO PADRE PARKWAY",300.00,E,N,A,-,Y,,,84,,,,R,,S,Y,2,0,2,1,A,-,01,23152,A,N,E,J,A,A,H,-,D,D,0,,,,,Y,Y,A,01,1,0,1,0,0,0,0,0,0,"- ","- ",37.541379999999997,-122.06662,ALAMEDA,FREMONT,-122.06662,37.541379999999997
90589855,2017,2017-11-08,9345,2017-11-02,1007,021852,,4,1,9,0100,0,1,1,,2,238,"I-238 SOUTHBOUND","ASHLAND AVENUE",1056.00,N,N,A,-,Y,,,238,,,,,,S,Y,2,0,2,2,A,-,07,21658,A,N,B,C,A,A,H,-,A,D,0,,,,Y,Y,,G,25,1,0,1,0,0,0,0,0,0,"- ","- ",37.690080000000002,-122.12306,ALAMEDA,UNINCORPORATED,-122.12306117,37.690072610000001
90593845,2017,2017-11-14,9345,2017-11-10,0945,021817,,5,1,6,0105,0,1,1,,2,071,"I-880 N/B","PASEO PADRE PKY",39.80,N,N,B,-,Y,,,880,,,,,,N,Y,2,0,1,2,A,-,07,21658,A,N,C,C,A,A,H,-,A,D,0,,,,,Y,,A,01,1,0,0,0,0,0,0,0,0,"- ","- ",37.571309999999997,-122.04546000000001,ALAMEDA,FREMONT,-122.04542273,37.57132919
90595002,2017,2017-11-15,9345,2017-11-10,1654,021379,,5,2,6,0105,0,1,1,,2,071,"I-880 S/B","THORNTON AVE",150.00,N,N,B,-,Y,,,880,,,,,,S,Y,2,0,1,2,A,-,03,22350,,N,C,C,A,A,H,-,B,D,0,,,Y,,Y,,C,02,1,0,0,0,0,0,0,0,1,"- ","- ",37.547150000000002,-122.02331,ALAMEDA,FREMONT,-122.02340058999999,37.547083039999997
90609608,2017,2017-12-04,9345,2017-11-29,1840,021369,,3,2,6,0106,0,1,1,,2,073,"I-880 SOUTHBOUND (NIMITZ FREEWAY)","TENNYSON ROAD",300.00,N,N,A,-,Y,,,880,,,,,,S,Y,2,0,1,2,A,-,07,21658,A,N,B,C,A,A,H,-,D,D,0,,,Y,,Y,,A,08,1,0,0,0,0,0,0,0,1,"- ","- ",37.63355,-122.08593999999999,ALAMEDA,HAYWARD,-122.08600451,37.633504739999999
90611016,2017,2017-12-06,9345,2017-11-29,1700,021369,,3,2,6,0106,0,1,1,,2,072,"I-880 NORTHBOUND (NIMITZ FREEWAY)","WHIPPLE ROAD",528.00,S,N,A,-,Y,,,880,,,,,,N,Y,2,0,1,2,A,-,07,21658,A,N,B,C,A,A,H,-,A,D,0,,,Y,,Y,,D,22,1,0,0,0,0,0,0,0,1,"- ","- ",37.60286,-122.06374,ALAMEDA,HAYWARD,-122.06367466,37.602906740000002
90612898,2017,2017-12-08,9370,2017-09-24,0250,020633,,7,3,3,0102,0,1,1,,2,081,"I-80 E/B","BUCHANAN STREET",2412.00,E,N,A,-,Y,,,80,,,,,,E,Y,1,1,4,5,A,-,01,23152,A,N,C,C,E,A,H,-,C,D,0,Y,,,,Y,Y,D,22,1,1,2,0,2,0,0,0,0,"- ","- ",37.895580000000002,-122.30807,ALAMEDA,ALBANY,-122.30820623,37.895526199999999
90621164,2017,2017-12-20,9390,2017-12-12,1239,020602,,2,1,9,0100,0,1,1,,2,054,"I-580 EASTBOUND","NORTH FLYNN ROAD",5280.00,E,N,A,-,Y,,,580,,,,,,E,Y,2,0,1,2,A,-,07,21658,A,F,B,C,A,A,D,-,A,D,0,,,Y,,Y,,-,99,1,0,0,0,0,0,0,0,1,"- ","- ",37.72551,-121.64216,ALAMEDA,UNINCORPORATED,-121.64201872,37.725059250000001
90635161,2017,2018-01-08,9370,2017-12-26,1700,021703,,2,2,7,0109,0,1,1,,2,054,"I-580 W/B","GRAND AVE",525.00,W,N,A,-,Y,,,,,,,,,,Y,2,0,2,1,A,-,08,22107,,N,E,I,A,A,H,-,B,D,0,,,,,Y,,D,22,1,0,1,0,0,0,0,0,0,"- ","- ",37.811579999999999,-122.15006,ALAMEDA,OAKLAND,-122.24981563999999,37.81145738
90643895,2018,2018-01-22,9370,2018-01-11,0536,021866,,4,3,7,0109,0,1,1,,2,178,"I-880 N/B","7TH ST",1400.00,N,N,A,-,Y,,,880,,,,,,N,Y,2,0,1,2,A,-,03,22350,,N,C,C,A,A,H,-,B,D,0,,,Y,Y,Y,,C,02,1,0,0,0,0,0,0,0,1,"- ","- ",37.811771392822266,-122.30359649658203,ALAMEDA,OAKLAND,-122.30355072021484,37.811737060546875
90652465,2018,2018-01-31,9345,2018-01-24,1516,021376,,3,2,6,0105,0,1,1,,2,071,"I-880 NORTHBOUND","DECOTO ROAD",600.00,S,N,C,-,Y,,,880,,,,,,N,Y,2,0,1,2,A,-,07,21658,A,N,C,C,A,B,H,-,A,D,0,,,Y,,Y,,A,01,1,0,0,0,0,0,0,0,1,"- ","- ",37.562339782714844,-122.03688812255859,ALAMEDA,FREMONT,-122.03692626953125,37.562301635742188
90658672,2017,2018-02-21,9370,2017-12-21,0248,020633,,4,3,7,0109,0,1,1,,2,176,"I-880 S/B","66TH AVENUE",1518.00,N,N,A,-,Y,,,880,,,,,,S,Y,1,1,0,2,A,-,01,23152,A,N,B,C,A,A,H,-,C,D,0,,,,Y,Y,Y,A,01,0,0,0,0,0,0,0,0,0,"- ","- ",37.757930000000002,-122.21178,ALAMEDA,OAKLAND,-122.21181230000001,37.757902289999997
90659222,2018,2018-02-12,9370,2018-02-08,2025,021645,,4,2,2,0104,0,1,1,,2,080,"I-80 W/B","POWELL STREET",60.00,E,N,A,-,Y,,,80,,,,,,W,Y,2,0,3,3,A,-,03,22350,,N,C,C,A,A,H,-,C,D,0,,,,,Y,,A,07,1,0,2,0,0,0,0,0,0,"- ","- ",37.838298797607422,-122.29679107666016,ALAMEDA,EMERYVILLE,-122.29682159423828,37.838294982910156
90659540,2018,2018-02-12,9390,2018-02-07,1545,020761,,3,2,9,0100,0,2,4,,2,441,"TESLA ROAD (15000 BLOCK)","EAGLES RUN ROAD",6494.00,E,N,A,-,N,,,,,,,,,,Y,2,0,1,1,A,-,00,22017,,N,F,A,A,A,H,-,A,D,0,,,Y,,Y,,C,02,1,0,0,0,0,0,0,0,1,"- ","- ",37.649078369140625,-121.60819244384766,ALAMEDA,UNINCORPORATED,-121.61211395263672,37.649890899658203
90664233,2018,2018-02-20,9345,2018-02-09,0835,021581,,5,1,5,0112,0,1,1,,2,075,"I-880 N/B (NIMITZ FREEWAY)","FLORESTA BOULEVARD",200.00,N,N,A,-,Y,,,880,,,,,,N,Y,2,0,1,3,A,-,08,22107,,N,D,C,A,A,D,-,A,D,0,,,,,Y,,D,22,1,0,0,0,0,0,0,0,0,"- ","- ",37.69879150390625,-122.14942932128906,ALAMEDA,"SAN LEANDRO",-122.1494140625,37.698810577392578
90673292,2018,2018-03-01,9370,2018-03-01,1047,021979,,4,1,7,0109,0,1,1,,2,098,"I-980 E/B","23RD ST",317.00,E,N,C,-,Y,,,980,,,,,,E,Y,2,0,1,1,A,-,03,22350,,N,E,I,A,B,H,-,A,D,0,,,,,Y,,D,22,1,0,0,0,0,0,0,0,0,"- ","- ",37.810501098632812,-122.27545928955078,ALAMEDA,OAKLAND,-122.27536773681641,37.810432434082031
90682339,2018,2018-03-14,9375,2018-03-07,1140,016802,,3,1,9,0100,0,2,4,,1,045,"CROW CANYON RD","CASTRO VALLEY BLVD",16.00,N,N,A,-,N,,,,,,,,,,N,2,0,1,2,A,-,10,21950,A,N,G,B,B,A,H,-,A,A,0,Y,,,,Y,,A,07,1,0,0,0,1,0,0,0,0,"- ","- ",37.694648742675781,-122.05645751953125,ALAMEDA,UNINCORPORATED,-122.05648040771484,37.694507598876953
9069315,2020,2020-08-10,0109,2020-05-01,1709,8959,1,5,5,7,0109,0,0,0,,0,21X,"FRUITVALE AV","E 29TH ST",5.00,N,N,A,-,N,,,,,,,,,,N,2,0,1,2,A,-,11,21955,,N,G,B,E,A,H,-,A,D,0,Y,,,,Y,,N,60,1,0,0,0,1,0,0,0,0,"- ","- ",,,ALAMEDA,OAKLAND,-122.21950531005859,37.791923522949219
90705544,2018,2018-04-16,9390,2018-04-04,1730,021971,,3,2,9,0100,0,1,1,,2,065,"I-680 NORTHBOUND","CALAVERAS ROAD",2640.00,S,N,B,-,Y,,,680,,,,,,N,Y,2,0,1,2,A,-,03,22350,,N,C,C,A,A,H,-,A,D,0,,,Y,,Y,,C,02,1,0,0,0,0,0,0,0,1,"- ","- ",37.582389831542969,-121.87403106689453,ALAMEDA,UNINCORPORATED,-121.87408447265625,37.582416534423828
90705709,2018,2018-04-16,9370,2018-04-06,1614,019815,,5,2,7,0109,0,1,3,,2,024,"SR-24 W/B","STATE ROUTE 13",2000.00,W,N,B,C,Y,,,24,,,,,,W,Y,2,0,5,1,A,-,03,22350,,N,E,I,A,B,H,-,A,D,0,,,,,Y,,A,01,1,2,2,0,0,0,0,0,0,"- ","- ",37.849079132080078,-122.23578643798828,ALAMEDA,OAKLAND,-122.23580932617188,37.849018096923828
90718784,2018,2018-05-03,9370,2018-04-01,2243,021826,,7,3,7,0109,0,1,1,,2,008,"I-80 W/B","WEST GRAND AVENUE",3720.00,E,N,A,-,Y,,,80,,,,,,W,Y,2,0,4,2,A,-,05,21651,B,N,A,C,A,A,H,-,D,D,0,,,,,Y,,A,07,1,0,3,0,0,0,0,0,0,"- ","- ",37.829490661621094,-122.2943115234375,ALAMEDA,OAKLAND,-122.294189453125,37.829444885253906
90735275,2018,2018-05-28,9375,2018-05-19,0232,020911,,6,3,5,0112,0,1,1,,2,580,"I-580 E/B","150TH AVE",1800.00,W,N,A,-,Y,,,580,,,,,,E,Y,2,0,2,2,A,-,03,22350,,N,A,C,A,A,H,-,C,D,0,,,,,Y,,A,01,1,1,0,0,0,0,0,0,0,"- ","- ",37.712848663330078,-122.12993621826172,ALAMEDA,"SAN LEANDRO",-122.12989807128906,37.712898254394531
90738884,2018,2018-06-01,9375,2018-05-25,2158,020911,,5,2,9,0100,0,2,4,,1,022,"MATTOX RD","SR-185 (MISSION BLVD)",60.00,E,N,A,-,N,,,185,,,,,,,Y,2,0,1,1,A,-,08,22107,,N,F,A,A,A,H,-,C,A,0,,,Y,,Y,,C,02,1,0,0,0,0,0,0,0,1,"- ","- ",37.685901641845703,-122.10060882568359,ALAMEDA,UNINCORPORATED,-122.1007080078125,37.685775756835938
90740282,2018,2018-06-04,9390,2018-05-27,0010,021452,,7,3,9,0100,0,2,4,,2,556,"GRANT LINE ROAD E/B (16000 BLOCK)","MIDWAY ROAD",528.00,W,N,A,-,N,,,,,,,,,,Y,2,0,1,1,A,-,08,22107,,N,E,I,A,A,H,-,D,D,0,,,Y,,Y,,C,02,1,0,0,0,0,0,0,0,1,"- ","- ",37.749530792236328,-121.57878112792969,ALAMEDA,UNINCORPORATED,-121.57778930664062,37.749675750732422
90742898,2018,2018-06-07,9375,2018-05-26,1445,021401,,6,2,9,0100,0,2,4,,1,022,"MEEKLAND AVENUE","SUNSET BOULEVARD",3.00,S,N,B,-,N,,,,,,,,,,Y,2,0,2,2,A,-,03,22350,,N,C,C,A,A,D,-,A,D,0,,,Y,,Y,,C,02,1,1,0,0,0,0,0,0,1,"- ","- ",37.671421051025391,-122.10410308837891,ALAMEDA,UNINCORPORATED,-122.10416412353516,37.671493530273438
90747393,2018,2018-06-13,9370,2018-06-11,0750,021023,,1,1,6,0103,0,1,1,,2,081,"I-80 W/B","UNIVERSITY AVE",1200.00,W,N,A,-,Y,,,80,,,,,,W,Y,2,0,1,2,A,-,03,22350,,F,C,C,A,A,H,-,A,D,0,,,Y,,Y,,C,02,1,0,0,0,0,0,0,0,1,"- ","- ",37.863430023193359,-122.30355072021484,ALAMEDA,BERKELEY,-122.30298614501953,37.863597869873047
90749598,2018,2018-06-18,9390,2018-06-06,0605,017966,,3,1,6,0105,0,1,1,,2,064,"I-680 SOUTHBOUND","WASHINGTON BLVD.",1584.00,S,N,A,-,Y,,,680,,,,,,S,Y,2,0,1,1,A,-,08,22107,,N,F,A,A,A,H,-,B,D,0,,,Y,,Y,,C,02,1,0,0,0,0,0,0,0,1,"- ","- ",37.528518676757812,-121.94548797607422,ALAMEDA,FREMONT,-121.94553375244141,37.528564453125
90753233,2018,2018-06-21,9345,2018-06-14,1711,021379,,4,2,6,0105,0,1,1,,2,070,"I-880 S/B (NIMITZ FREEWAY)","WARREN AVE",2112.00,S,N,A,-,Y,,,880,,,,,,S,Y,2,0,1,2,A,-,08,22107,,N,F,A,A,A,H,-,A,D,0,,,Y,,Y,,C,02,1,0,0,0,0,0,0,0,1,"- ","- ",37.477180480957031,-121.93319702148438,ALAMEDA,FREMONT,-121.93331909179688,37.477123260498047
90776492,2018,2018-07-25,9345,2018-07-21,1630,021688,,6,2,6,0105,0,1,1,,2,070,"I-880 NORTHBOUND (NIMITZ FREEWAY)","DIXON LANDING ROAD",2112.00,N,N,A,-,Y,,,880,,,,,,N,Y,2,0,1,2,A,-,08,22107,,N,C,C,A,A,H,-,A,D,0,,,Y,,Y,,C,02,1,0,0,0,0,0,0,0,1,"- ","- ",37.4635009765625,-121.92620086669922,ALAMEDA,FREMONT,-121.92617034912109,37.463516235351562
90790091,2018,2018-08-14,9370,2018-08-01,0912,020657,,3,1,6,0103,0,1,1,,2,081,"I-80 EASTBOUND","GILMAN STREET",2290.00,E,N,B,-,Y,,,80,,,,,,E,Y,2,0,1,2,A,-,07,21658,A,N,B,C,A,A,H,-,A,D,0,,,Y,,Y,,A,01,1,0,0,0,0,0,0,0,1,"- ","- ",37.881389617919922,-122.30815887451172,ALAMEDA,BERKELEY,-122.30796813964844,37.881435394287109
90799463,2018,2018-08-28,9375,2018-08-19,2100,020911,,7,2,9,0100,0,1,1,,2,580,"I-580 E/B TO 164TH AVE","LIBERTY ST",60.00,E,N,A,-,Y,,,580,,,,R,,E,Y,2,0,2,1,A,-,08,22107,,F,E,I,A,A,H,-,C,D,0,,,,,Y,,A,07,2,0,0,0,0,0,0,0,0,"- ","- ",37.702648162841797,-122.11264801025391,ALAMEDA,UNINCORPORATED,-122.11264801025391,37.702648162841797
90805911,2018,2018-09-05,9390,2018-08-31,1633,020013,,5,2,5,0111,0,1,1,,2,051,"I-580 EASTBOUND","SANTA RITA ROAD",1584.00,W,N,A,-,N,,,580,,,,,,E,Y,2,0,1,2,A,-,01,23152,A,N,E,J,A,A,H,-,A,D,0,,,Y,,Y,Y,C,02,1,0,0,0,0,0,0,0,1,"- ","- ",37.701400756835938,-121.87930297851562,ALAMEDA,PLEASANTON,-121.87930297851562,37.701393127441406
90805998,2018,2018-10-04,9330,2018-04-22,0041,020770,,7,3,6,0106,0,1,3,,1,037,"SR-92 W/B","SAN MATEO COUNTY LINE",1116.00,E,N,A,-,Y,,,92,,,,,,W,Y,1,1,2,5,A,-,01,23152,A,N,E,C,E,A,H,-,C,D,0,Y,,,Y,Y,Y,A,01,1,1,0,0,2,0,0,0,0,"- ","- ",37.605800628662109,-122.19319915771484,ALAMEDA,HAYWARD,-122.19318389892578,37.605751037597656
90808096,2018,2018-09-07,9390,2018-08-31,1634,020013,,5,2,5,0111,0,1,1,,2,051,"I-580 EASTBOUND","SANTA RITA ROAD",1584.00,W,N,A,-,Y,,,580,,,,,,E,Y,2,0,1,1,A,-,05,21651,A,N,E,J,A,A,H,-,A,D,0,,,Y,,Y,,C,02,1,0,0,0,0,0,0,0,1,"- ","- ",37.701400756835938,-121.87930297851562,ALAMEDA,PLEASANTON,-121.87930297851562,37.701393127441406
90810733,2018,2018-09-12,9345,2018-08-31,1135,021961,,5,1,6,0105,0,1,1,,2,071,"I-880 S/B (NIMITZ FREEWAY)","DECOTO RD",1160.00,N,N,A,-,Y,,,880,,,,,,S,Y,2,0,1,2,A,-,03,22350,,N,F,I,A,A,H,-,A,D,0,,,,,Y,,A,07,1,0,0,0,0,0,0,0,0,"- ","- ",37.566909790039062,-122.04228210449219,ALAMEDA,FREMONT,-122.04232025146484,37.566867828369141
90811422,2018,2018-09-12,9390,2018-09-05,1950,018228,,3,2,9,0100,0,1,1,,2,054,"I-580 EASTBOUND","N. FLYNN RD.",400.00,E,N,A,-,Y,,,580,,,,,,E,N,2,0,1,2,A,-,07,21658,A,N,C,C,A,A,D,-,B,D,0,,,Y,,Y,,C,02,1,0,0,0,0,0,0,0,1,"- ","- ",37.721839904785156,-121.65186309814453,ALAMEDA,UNINCORPORATED,-121.65185546875,37.721828460693359
90817144,2018,2018-09-20,9370,2018-09-13,2042,019059,,4,2,7,0109,0,1,1,,2,098,"I-980 W/B","14TH ST",85.00,W,N,A,-,Y,,,,,,,,,,Y,2,0,2,2,C,-,18,,,N,D,C,A,A,H,-,D,D,0,,,,,Y,,-,"- ",1,1,0,0,0,0,0,0,0,"- ","- ",37.482219696044922,-122.16417694091797,ALAMEDA,OAKLAND,-122.27809143066406,37.806751251220703