CASE_ID,ACCIDENT_YEAR,PROC_DATE,JURIS,COLLISION_DATE,COLLISION_TIME,OFFICER_ID,REPORTING_DISTRICT,DAY_OF_WEEK,CHP_SHIFT,POPULATION,CNTY_CITY_LOC,SPECIAL_COND,BEAT_TYPE,CHP_BEAT_TYPE,CITY_DIVISION_LAPD,CHP_BEAT_CLASS,BEAT_NUMBER,PRIMARY_RD,SECONDARY_RD,DISTANCE,DIRECTION,INTERSECTION,WEATHER_1,WEATHER_2,STATE_HWY_IND,CALTRANS_COUNTY,CALTRANS_DISTRICT,STATE_ROUTE,ROUTE_SUFFIX,POSTMILE_PREFIX,POSTMILE,LOCATION_TYPE,RAMP_INTERSECTION,SIDE_OF_HWY,TOW_AWAY,COLLISION_SEVERITY,NUMBER_KILLED,NUMBER_INJURED,PARTY_COUNT,PRIMARY_COLL_FACTOR,PCF_CODE_OF_VIOL,PCF_VIOL_CATEGORY,PCF_VIOLATION,PCF_VIOL_SUBSECTION,HIT_AND_RUN,TYPE_OF_COLLISION,MVIW,PED_ACTION,ROAD_SURFACE,ROAD_COND_1,ROAD_COND_2,LIGHTING,CONTROL_DEVICE,CHP_ROAD_TYPE,PEDESTRIAN_ACCIDENT,BICYCLE_ACCIDENT,MOTORCYCLE_ACCIDENT,TRUCK_ACCIDENT,NOT_PRIVATE_PROPERTY,ALCOHOL_INVOLVED,STWD_VEHTYPE_AT_FAULT,CHP_VEHTYPE_AT_FAULT,COUNT_SEVERE_INJ,COUNT_VISIBLE_INJ,COUNT_COMPLAINT_PAIN,COUNT_PED_KILLED,COUNT_PED_INJURED,COUNT_BICYCLIST_KILLED,COUNT_BICYCLIST_INJURED,COUNT_MC_KILLED,COUNT_MC_INJURED,PRIMARY_RAMP,SECONDARY_RAMP,LATITUDE,LONGITUDE,COUNTY,CITY,POINT_X,POINT_Y
90819126,2018,2018-09-24,9375,2018-07-14,2224,021070,,6,3,9,0100,0,3,5,,2,004,"REDWOOD RD","MARCIEL RD",2322.00,S,N,B,-,N,,,,,,,,,,Y,1,2,3,1,A,-,08,22107,,N,E,I,A,A,H,-,D,D,0,,,,,Y,,A,01,2,0,1,0,0,0,0,0,0,"- ","- ",37.754280090332031,-122.10109710693359,ALAMEDA,UNINCORPORATED,-122.10111999511719,37.754341125488281
90819202,2018,2018-09-24,9370,2018-09-13,2044,019059,,4,2,7,0109,0,1,1,,2,098,"I-980 W/B","14TH ST",225.00,W,N,A,-,Y,,,,,,,,,,Y,2,0,3,2,C,-,18,,,N,A,C,A,A,H,-,C,D,0,,,,,Y,,-,"- ",1,2,0,0,0,0,0,0,0,"- ","- ",37.482219696044922,-122.16417694091797,ALAMEDA,OAKLAND,-122.27830505371094,37.806407928466797
9083592,2019,2020-05-09,0109,2019-11-14,1838,9275,1,4,5,7,0109,0,0,0,,0,03X,"HARRISON ST","9TH ST",0.00,,Y,A,-,N,,,,,,,,,,N,2,0,1,2,A,-,12,21453,A,N,D,C,A,A,H,-,C,A,0,,,,,Y,,A,07,1,0,0,0,0,0,0,0,0,"- ","- ",,,ALAMEDA,OAKLAND,-122.26975250244141,37.799468994140625
90840838,2018,2018-10-22,9335,2018-10-10,0743,014455,,3,1,7,0109,0,1,1,,1,082,"I-80 W/B","SFOBB TOLL PLAZA",100.00,W,N,A,-,Y,,,80,,,,,,W,Y,2,0,1,3,A,-,08,22107,,N,D,C,A,A,H,-,A,B,0,,,Y,,Y,,A,01,1,0,0,0,0,0,0,0,1,"- ","- ",37.824459075927734,-122.31417846679688,ALAMEDA,OAKLAND,-122.31424713134766,37.824771881103516
90862772,2018,2018-11-19,9345,2018-11-09,2036,021693,,5,2,5,0112,0,1,1,,2,075,"I-880 NORTHBOUND TO DAVIS STREET","DAVIS STREET",369.00,S,N,B,-,Y,,,880,,,,R,,N,Y,2,0,2,1,A,-,08,22107,,N,E,I,A,A,H,-,C,D,0,,,,,Y,,A,08,1,1,0,0,0,0,0,0,0,"- ","- ",37.718521118164062,-122.17545318603516,ALAMEDA,"SAN LEANDRO",-122.17545318603516,37.718521118164062
90864694,2018,2018-11-21,9370,2018-11-17,1150,022077,,6,1,7,0109,0,1,1,,2,177,"I-880 N/B","OAK ST.",40.00,N,N,A,-,Y,,,880,,,,,,N,Y,2,0,2,2,A,-,07,21658,A,N,B,C,A,A,H,-,A,D,0,,,,,Y,,A,01,1,0,1,0,0,0,0,0,0,"- ","- ",37.795299530029297,-122.26663970947266,ALAMEDA,OAKLAND,-122.26661682128906,37.79534912109375
90869208,2018,2018-11-28,9370,2018-10-16,2004,019059,,2,2,7,0109,0,1,1,,2,177,"I-880 S/B (NIMITZ FREEWAY)","JACKSON STREET",338.00,N,N,A,-,Y,,,880,,,,,,S,Y,1,1,2,2,A,-,01,23152,A,N,C,C,A,A,H,-,C,D,0,,,,,Y,Y,A,01,0,1,1,0,0,0,0,0,0,"- ","- ",37.796581268310547,-122.27008819580078,ALAMEDA,OAKLAND,-122.27011108398438,37.796524047851562
90870042,2018,2018-11-29,9345,2018-11-20,2351,022138,,2,3,6,0106,0,1,1,,2,074,"VICTORY DRIVE","A"" STREET""",45.00,S,N,A,-,N,,,,,,,,,,Y,2,0,1,2,A,-,03,22350,,F,B,E,A,A,H,-,C,A,0,,,,,Y,,A,01,1,0,0,0,0,0,0,0,0,"- ","- ",37.666011810302734,-122.11081695556641,ALAMEDA,HAYWARD,-122.11077117919922,37.665920257568359
90880415,2018,2019-02-14,9330,2018-12-09,0003,021598,,7,3,6,0106,0,1,3,,1,037,"SR-92 E/B","TOLL PLAZA",513.00,W,N,A,-,Y,,,92,,,,,,E,Y,2,0,2,2,A,-,01,23152,A,N,C,C,A,A,H,-,C,D,0,,,,,Y,Y,A,01,2,0,0,0,0,0,0,0,0,"- ","- ",37.615200042724609,-122.16049957275391,ALAMEDA,HAYWARD,-122.16051483154297,37.615261077880859
90887511,2018,2018-12-21,9375,2018-12-13,0400,021846,,4,3,9,0100,0,1,3,,1,185,"SR-185 (E. 14TH STREET)","167TH AVE",15.00,N,N,A,-,Y,,,185,,,,,,,N,2,0,1,2,A,-,11,21950,B,N,G,B,B,A,H,-,C,A,0,Y,,,,Y,,N,60,1,0,0,0,1,0,0,0,0,"- ","- ",37.692131042480469,-122.10994720458984,ALAMEDA,UNINCORPORATED,-122.10995483398438,37.692123413085938
90889526,2018,2018-12-24,9370,2018-12-12,2112,020235,,3,2,7,0109,0,1,1,,2,098,"I-980 E/B","MARTIN LUTHER KING JR WAY",50.00,E,N,A,-,Y,,,980,,,,,,E,Y,2,0,1,1,A,-,08,22107,,N,E,I,A,A,H,-,C,D,0,,,,,Y,,A,01,1,0,0,0,0,0,0,0,0,"- ","- ",37.800899505615234,-122.27958679199219,ALAMEDA,OAKLAND,-122.27957153320312,37.800914764404297
90896125,2018,2019-01-02,9390,2018-12-23,1233,014771,,7,1,9,0100,0,1,1,,2,065,"I-680 (NB)","SHERIDAN ROAD",2640.00,N,N,B,-,Y,,,680,,,,,,,Y,2,0,1,4,A,-,04,21703,,N,C,C,A,A,D,-,A,D,0,,,,,Y,,A,01,1,0,0,0,0,0,0,0,0,"- ","- ",37.567729949951172,-121.89662933349609,ALAMEDA,UNINCORPORATED,-121.89663696289062,37.567745208740234
90899793,2018,2019-01-28,9390,2018-12-30,0225,021445,,7,3,9,0100,0,1,1,,2,054,"I-580 E/B","GRANT LINE ROAD",1584.00,W,N,A,-,Y,,,580,,,,,,E,Y,2,0,2,1,A,-,08,22107,,N,F,I,A,A,D,-,D,D,0,,,,,Y,,A,01,1,1,0,0,0,0,0,0,0,"- ","- ",37.739040374755859,-121.59201812744141,ALAMEDA,UNINCORPORATED,-121.59203338623047,37.739116668701172
9090328,2020,2020-07-02,0103,2020-02-14,1355,111,,5,5,6,0103,0,0,0,,0,016,"LINCOLN ST","UTILITY POLE #110157843",72.00,N,N,A,-,N,,,,,,,,,,N,2,0,1,1,A,-,03,22350,,N,E,I,A,A,H,-,A,D,0,,,,,Y,,A,01,1,0,0,0,0,0,0,0,0,"- ","- ",37.875419616699219,-122.28389739990234,ALAMEDA,BERKELEY,,
90904343,2019,2019-05-29,9345,2019-01-03,1830,021398,,4,2,6,0105,0,1,1,,2,070,"I-880 SOUTHBOUND (NIMITZ FREEWAY)","AUTO MALL PKY",50.00,S,N,A,-,Y,,,880,,,,,,S,Y,2,0,3,3,A,-,08,22107,,N,E,I,A,A,H,-,D,D,0,,,,,Y,Y,A,01,2,0,1,0,0,0,0,0,0,"- ","- ",37.507148742675781,-121.96717834472656,ALAMEDA,FREMONT,-121.96729278564453,37.507003784179688
90916190,2019,2019-01-31,9320,2019-01-19,1855,021499,,6,2,9,0100,0,2,4,,2,104,"BYRON-BETHANY RD","MOUNTAIN HOUSE RD",50.00,E,N,B,-,N,,,,,,,,,,N,2,0,1,1,A,-,01,23152,A,N,F,A,A,A,H,-,D,D,0,,,Y,,Y,Y,C,02,1,0,0,0,0,0,0,0,1,"- ","- ",37.484050750732422,-121.34374237060547,ALAMEDA,UNINCORPORATED,-121.57710266113281,37.811374664306641
9092407,2020,2020-07-29,0109,2020-04-11,1211,9788,1,6,5,7,0109,0,0,0,,0,08X,"NORTHGATE AV","SYCAMORE ST",71.00,N,N,A,B,N,,,,,,,,,,N,2,0,1,2,A,-,00,21120,A,N,B,G,A,A,H,-,-,D,0,,Y,,,Y,,L,04,1,0,0,0,0,0,1,0,0,"- ","- ",,,ALAMEDA,OAKLAND,-122.27030181884766,37.815608978271484
90938294,2019,2019-09-17,9370,2019-02-22,2002,021946,,5,2,7,0109,0,1,1,,2,052,"I-580 E/B","106TH AVE",1992.00,E,N,A,-,Y,,,,,,,,,,Y,2,0,1,1,A,-,08,22107,,N,E,I,A,A,H,-,D,D,0,,,,,Y,,D,22,1,0,0,0,0,0,0,0,0,"- ","- ",37.442661285400391,-122.84042358398438,ALAMEDA,OAKLAND,-122.14453125,37.740871429443359
90978054,2019,2019-04-29,9390,2019-01-23,1315,021445,,3,1,9,0100,0,1,1,,2,054,"I-580 WESTBOUND","GRANT LINE ROAD",5280.00,W,N,A,-,Y,,,580,,,,,,W,Y,1,1,0,1,A,-,08,22107,,N,F,I,A,A,D,-,A,D,0,,,,,Y,,A,01,0,0,0,0,0,0,0,0,0,"- ","- ",37.737480163574219,-121.6026611328125,ALAMEDA,UNINCORPORATED,-121.60271453857422,37.73828125
90986798,2019,2019-05-13,9370,2019-05-06,0448,021825,,1,3,7,0109,0,1,1,,2,177,"I-880 S/B","5TH AVE",341.00,S,N,A,-,Y,,,880,,,,,,S,Y,2,0,1,2,A,-,08,22107,,N,B,C,A,A,H,-,A,D,0,,,,,Y,,A,08,1,0,0,0,0,0,0,0,0,"- ","- ",37.790081024169922,-122.25881958007812,ALAMEDA,OAKLAND,-122.25881958007812,37.790077209472656
90987867,2019,2019-05-14,9370,2019-05-09,2145,020877,,4,2,7,0109,0,1,3,,2,013,"SR-13 N/B","REDWOOD ROAD",1513.00,N,N,A,-,Y,,,13,,,,,,N,Y,2,0,1,2,A,-,08,22107,,N,C,C,A,A,H,-,D,D,0,,,,,Y,,A,07,1,0,0,0,0,0,0,0,0,"- ","- ",37.802158355712891,-122.18888854980469,ALAMEDA,OAKLAND,-122.18895721435547,37.802085876464844
90991698,2019,2019-05-20,9345,2019-05-06,1755,022201,,1,2,6,0105,0,1,1,,2,071,"I-880 SOUTHBOUND (NIMITZ FREEWAY)","CENTRAL AVENUE",500.00,S,N,A,-,Y,,,880,,,,,,S,Y,2,0,1,2,A,-,03,22350,,N,C,C,A,A,H,-,A,D,0,,,,,Y,,A,07,1,0,0,0,0,0,0,0,0,"- ","- ",37.537921905517578,-122.01638793945312,ALAMEDA,FREMONT,-122.01638793945312,37.537925720214844
90999533,2019,2019-05-30,9375,2019-05-23,1650,017260,,4,2,9,0100,0,3,5,,2,001,"VIA MARIPOSA","VIA MEDIA",274.00,W,N,A,-,N,,,,,,,,,,N,2,0,1,1,A,-,03,22350,,N,F,A,A,A,H,-,A,D,0,,,Y,,Y,,C,02,1,0,0,0,0,0,0,0,1,"- ","- ",37.675201416015625,-122.130126953125,ALAMEDA,UNINCORPORATED,-122.13028717041016,37.675121307373047
91007024,2019,2019-06-10,9370,2019-05-30,1410,020844,,4,2,7,0109,0,1,3,,2,024,"SR-24 E/B","WEST EDGE OF BORE #2",150.00,E,N,A,-,Y,,,24,,,,,,E,Y,2,0,1,2,A,-,03,22350,,N,C,C,A,A,H,-,A,D,0,,,Y,,Y,,C,02,1,0,0,0,0,0,0,0,1,"- ","- ",37.855068206787109,-122.21788787841797,ALAMEDA,OAKLAND,-122.21776580810547,37.854572296142578
91029251,2019,2019-07-11,9345,2019-07-02,2020,021750,,2,2,6,0106,0,1,3,,2,092,"SR-92 E/B","INDUSTRIAL BLVD",1056.00,E,N,A,-,Y,,,92,,,,,,E,Y,2,0,3,3,A,-,03,22350,,N,C,C,A,A,H,-,B,D,0,,,,Y,Y,,G,26,1,1,1,0,0,0,0,0,0,"- ","- ",37.633281707763672,-122.10752105712891,ALAMEDA,HAYWARD,-122.10751342773438,37.633262634277344
91032225,2019,2019-07-17,9390,2019-07-10,1630,020357,,3,2,9,0100,0,1,1,,2,054,"I-580 EASTBOUND","N FLYNN RD.",1700.00,E,N,A,-,Y,,,580,,,,,,E,Y,2,0,2,2,A,-,03,22350,,N,C,C,A,A,H,-,A,D,0,,,,Y,Y,,A,01,1,0,1,0,0,0,0,0,0,"- ","- ",37.720890045166016,-121.65483856201172,ALAMEDA,UNINCORPORATED,-121.65483856201172,37.720890045166016
91054194,2019,2019-08-19,9345,2019-08-07,1625,020649,,3,2,5,0112,0,1,1,,2,075,"I-880 SOUTHBOUND (NIMITZ FREEWAY)","WASHINGTON AVENUE",140.00,N,N,A,-,Y,,,880,,,,,,S,Y,2,0,1,3,A,-,08,22107,,N,B,C,A,A,H,-,A,D,0,,,Y,,Y,,A,01,1,0,0,0,0,0,0,0,1,"- ","- ",37.691699981689453,-122.13929748535156,ALAMEDA,"SAN LEANDRO",-122.13941955566406,37.691524505615234
91066761,2019,2019-09-04,9370,2019-08-27,0229,021946,,2,3,7,0109,0,2,S,,2,901,"MACARTHUR BOULEVARD (5400 BLOCK)","55TH AVE",76.00,N,N,A,-,N,,,,,,,,,,Y,2,0,1,1,A,-,01,23152,A,N,E,I,A,A,H,-,C,D,0,,,,,Y,Y,A,01,1,0,0,0,0,0,0,0,0,"- ","- ",37.464111328125,-122.11163330078125,ALAMEDA,OAKLAND,-122.18798065185547,37.778026580810547
91068298,2019,2019-09-05,9345,2019-01-04,0345,021681,,5,3,6,0105,0,1,1,,2,070,"I-880 NORTHBOUND (NIMITZ FREEWAY)","FREMONT BOULEVARD (SOUTH)",1090.00,S,N,A,-,Y,,,880,,,,,,N,N,1,1,0,3,A,-,00,21960,A,F,G,B,E,A,H,-,D,D,0,Y,,,,Y,Y,N,60,0,0,0,1,0,0,0,0,0,"- ","- ",37.490688323974609,-121.94564056396484,ALAMEDA,FREMONT,-121.94564819335938,37.490676879882812
91091274,2019,2019-10-07,9370,2019-09-06,0415,021357,,5,3,7,0109,0,1,1,,2,008,"I-80 W/B","POWELL ST",422.00,W,N,E,-,Y,,,,,,,,,,Y,1,1,0,4,A,-,11,21954,A,N,G,B,E,A,H,-,D,D,0,Y,,,,Y,,N,60,0,0,0,1,0,0,0,0,0,"- ","- ",37.836830139160156,-122.29634094238281,ALAMEDA,OAKLAND,,
91092257,2019,2019-10-08,9370,2019-09-30,0233,021825,,1,3,7,0109,0,1,1,,2,098,"I-980 W/B","WEST GRAND AVENUE",320.00,E,N,A,-,Y,,,980,,,,,,W,Y,2,0,1,1,A,-,08,22107,,N,E,I,A,A,H,-,D,D,0,,,,,Y,,A,07,1,0,0,0,0,0,0,0,0,"- ","- ",37.812908172607422,-122.27285003662109,ALAMEDA,OAKLAND,-122.27300262451172,37.813083648681641
91110289,2019,2019-11-07,9375,2019-10-19,1210,021454,,6,1,9,0100,0,1,1,,2,581,"I-580 E/B","FIVE CANYONS PKY",444.00,E,N,A,-,Y,,,580,,,,,,E,Y,2,0,1,3,A,-,07,21658,A,F,B,C,A,A,H,-,A,D,0,,,Y,Y,Y,,D,22,1,0,0,0,0,0,0,0,1,"- ","- ",37.699981689453125,-122.03984069824219,ALAMEDA,UNINCORPORATED,-122.03981018066406,37.699939727783203
91118834,2019,2019-11-13,9345,2019-11-02,1305,022352,,6,1,6,0106,0,1,3,,2,092,"SR-92 EASTBOUND","INDUSTRIAL BOULEVARD",2112.00,W,N,A,-,Y,,,92,,,,,,E,Y,2,0,2,3,A,-,03,22350,,N,C,C,A,A,H,-,A,D,0,,,,,Y,,A,07,1,1,0,0,0,0,0,0,0,"- ","- ",37.629409790039062,-122.11717224121094,ALAMEDA,HAYWARD,-122.11717224121094,37.629417419433594
91134027,2019,2019-12-03,9345,2019-11-30,0219,022076,,6,3,6,0105,0,1,1,,2,071,"I-880 NORTHBOUND","PASEO PADRE PKWY",1584.00,S,N,A,-,Y,,,880,,,,,,N,Y,2,0,2,1,A,-,01,23152,A,N,E,I,A,A,H,-,C,D,0,,,,,Y,Y,A,01,1,0,1,0,0,0,0,0,0,"- ","- ",37.56671142578125,-122.041748046875,ALAMEDA,FREMONT,-122.04169464111328,37.566764831542969
9114628,2020,2020-08-24,0109,2020-05-18,2346,9614,1,1,5,7,0109,0,0,0,,0,18X,"19TH ST","22ND AV",330.00,E,N,C,-,N,,,,,,,,,,Y,2,0,1,3,A,-,03,22350,,N,D,C,A,B,H,-,C,D,0,,,,,Y,,A,01,1,0,0,0,0,0,0,0,0,"- ","- ",,,ALAMEDA,OAKLAND,-122.23381805419922,37.787345886230469
91154214,2019,2019-12-27,9345,2019-12-15,2010,022236,,7,2,6,0105,0,1,1,,2,071,"I-880 S/B (NIMITZ FREEWAY)","DECOTO RD",2640.00,N,N,B,-,Y,,,880,,,,,,S,Y,2,0,1,2,A,-,03,22350,,N,C,C,A,A,C,-,C,D,0,,,,,Y,,A,01,1,0,0,0,0,0,0,0,0,"- ","- ",37.567958831787109,-122.04338073730469,ALAMEDA,FREMONT,-122.04341888427734,37.567920684814453
91160918,2020,2020-01-07,9345,2020-01-03,2342,021379,,5,3,5,0112,0,1,1,,2,075,"I-880 N/B (NIMITZ FREEWAY)","FLORESTA BLVD",1.00,N,N,A,-,Y,,,880,,,,,,N,Y,2,0,4,3,A,-,03,22350,,N,C,C,A,A,H,-,D,D,0,,,,,Y,,A,01,2,0,2,0,0,0,0,0,0,"- ","- ",37.698348999023438,-122.14897918701172,ALAMEDA,"SAN LEANDRO",-122.14890289306641,37.698455810546875
91176173,2020,2020-01-29,9375,2020-01-18,1910,022213,,6,2,9,0100,0,1,1,,2,581,"I-580 W/B","FIVE CANYONS RD",310.00,E,N,A,-,Y,,,580,,,,,,W,Y,2,0,1,1,A,-,08,22107,,N,E,I,A,A,H,-,D,D,0,,,,,Y,,A,07,1,0,0,0,0,0,0,0,0,"- ","- ",37.695159912109375,-122.04618072509766,ALAMEDA,UNINCORPORATED,-122.04615783691406,37.695114135742188
91194573,2020,2020-02-27,9345,2020-02-16,0605,022076,,7,1,6,0105,0,1,1,,2,072,"I-880 SOUTHBOUND","ALVARADO BLVD",3328.00,N,N,A,-,Y,,,880,,,,,,S,Y,2,0,2,2,C,-,18,,,N,D,C,A,A,H,-,D,D,0,,,,,Y,,-,"- ",1,0,1,0,0,0,0,0,0,"- ","- ",37.587371826171875,-122.05294799804688,ALAMEDA,FREMONT,-122.05303955078125,37.587303161621094
91206666,2020,2020-03-12,9375,2020-03-06,0155,021454,,5,3,9,0100,0,2,4,,2,043,"CENTER ST","JAMES AVE",60.00,N,N,A,-,N,,,,,,,,,,Y,2,0,1,4,A,-,03,22350,,N,D,E,A,A,H,-,C,D,0,,,,,Y,,A,01,1,0,0,0,0,0,0,0,0,"- ","- ",37.704921722412109,-122.060546875,ALAMEDA,UNINCORPORATED,-122.06130981445312,37.705474853515625
91251817,2020,2020-06-18,9390,2020-05-24,2355,022198,,7,3,9,0100,0,1,3,,2,330,"SR-84 / VALLECITOS ROAD","LITTLE VALLEY RD",4752.00,E,N,A,-,Y,,,84,,,,,,,Y,2,0,2,3,A,-,03,22350,,N,C,C,E,A,H,-,D,D,0,Y,,,,Y,,A,01,2,0,0,0,1,0,0,0,0,"- ","- ",37.606899261474609,-121.83141326904297,ALAMEDA,UNINCORPORATED,-121.83140563964844,37.606899261474609
91253688,2020,2020-06-18,9345,2020-06-12,0600,021687,,5,1,6,0105,0,1,1,,2,070,"I-880 SOUTHBOUND","DIXON LANDING ROAD",5280.00,N,N,A,-,Y,,,880,,,,,,S,Y,2,0,1,2,A,-,03,22350,,N,B,C,A,A,H,-,B,D,0,,,Y,,Y,,C,02,1,0,0,0,0,0,0,0,1,"- ","- ",37.468029022216797,-121.92864990234375,ALAMEDA,FREMONT,-121.92878723144531,37.467964172363281
91258913,2020,2020-06-26,9375,2020-02-24,1523,021939,,1,2,9,0100,0,2,4,,1,045,"CROW CANYON RD","MANTER RD",5.00,S,N,A,-,N,,,,,,,,,,N,1,1,0,2,A,-,10,21950,A,F,G,B,B,A,H,-,A,A,0,Y,,,,Y,,D,22,0,0,0,1,0,0,0,0,0,"- ","- ",37.698371887207031,-122.05428314208984,ALAMEDA,UNINCORPORATED,-122.05426788330078,37.698467254638672
91267712,2020,2020-07-13,9390,2020-03-29,2059,021971,,7,2,9,0100,0,2,4,,2,555,"VASCO ROAD (3300 BLOCK)","DALTON AVENUE",4224.00,N,N,B,-,N,,,,,,,,,,Y,1,1,1,2,A,-,05,21460,A,N,A,C,A,A,H,-,D,D,0,,,Y,,Y,Y,C,02,0,1,0,0,0,0,0,1,0,"- ","- ",37.740028381347656,-121.72335052490234,ALAMEDA,UNINCORPORATED,-121.72403717041016,37.738571166992188
91267977,2020,2020-07-14,9375,2020-07-03,2110,022184,,5,2,9,0100,0,3,5,,2,002,"E. LEWELLING BLVD.","SR-185 (MISSION BLVD.)",169.00,W,N,A,-,N,,,,,,,,,,N,2,0,2,2,A,-,09,21801,A,N,F,A,A,A,H,-,C,D,0,,,Y,,Y,,A,01,1,0,1,0,0,0,0,0,2,"- ","- ",37.688121795654297,-122.10498046875,ALAMEDA,UNINCORPORATED,-122.10501861572266,37.688148498535156
91303092,2020,2020-09-11,9375,2020-09-03,1729,022262,,4,2,9,0100,0,2,4,,2,021,"HATHAWAY AVE","EVE CT",78.00,N,N,A,-,N,,,,,,,,,,Y,2,0,3,5,A,-,21,22106,,N,B,C,A,A,H,-,A,D,0,,,,,Y,,D,22,1,2,0,0,0,0,0,0,0,"- ","- ",37.672111511230469,-122.10968780517578,ALAMEDA,UNINCORPORATED,-122.10980987548828,37.672172546386719
91309261,2020,2020-09-22,9345,2020-08-28,1846,021693,,5,2,6,0106,0,2,S,,2,901,"HESPERIAN BOULEVARD NORTHBOUND","SLEEPY HOLLOW AVENUE",0.00,,Y,B,-,N,,,,,,,,,,Y,2,0,1,3,A,-,12,21453,A,N,D,C,A,A,H,-,A,A,0,,,Y,,Y,,C,02,1,0,0,0,0,0,0,0,1,"- ","- ",37.634609222412109,-122.09889221191406,ALAMEDA,HAYWARD,-122.09896850585938,37.634479522705078
91313797,2020,2020-09-29,9345,2020-09-21,1020,022312,,1,1,6,0106,0,1,1,,2,073,"I-880 N/B","WINTON AVE",1050.00,S,N,A,-,Y,,,880,,,,,,N,Y,2,0,2,3,A,-,07,21658,A,N,B,C,A,A,H,-,A,D,0,,,,Y,Y,,G,25,1,0,1,0,0,0,0,0,0,"- ","- ",37.652790069580078,-122.09912109375,ALAMEDA,HAYWARD,-122.09908294677734,37.652812957763672
91323461,2020,2020-10-21,9370,2020-10-05,2145,020864,,1,2,7,0109,0,1,1,,2,176,"I-880 N/B","HEGENBERGER RD",25.00,S,N,A,-,Y,,,880,,,,,,N,Y,2,0,1,3,A,-,03,22349,A,F,C,C,A,A,H,-,D,D,0,,,,,Y,,A,01,1,0,0,0,0,0,0,0,0,"- ","- ",37.740749359130859,-122.19638824462891,ALAMEDA,OAKLAND,-122.19637298583984,37.740768432617188
91340660,2020,2020-11-06,9375,2020-10-29,1640,021726,,4,2,9,0100,0,3,5,,2,004,"NORRIS CANYON RD","ASHBOURNE DRIVE",3960.00,W,N,A,-,N,,,,,,,,,,Y,2,0,2,2,A,-,08,22107,,N,A,C,A,A,H,-,A,D,0,,,,,Y,,D,22,1,1,0,0,0,0,0,0,0,"- ","- ",37.753639221191406,-122.01737213134766,ALAMEDA,UNINCORPORATED,-122.01644134521484,37.754241943359375
91350401,2020,2020-11-20,9375,2020-11-15,1145,018844,,7,1,9,0100,0,3,5,,2,004,"REDWOOD ROAD","PINEHURST ROAD",102.00,S,N,A,-,N,,,,,,,,,,N,2,0,1,1,A,-,08,22107,,N,F,A,A,B,H,-,A,D,0,,,Y,,Y,,C,02,1,0,0,0,0,0,0,0,1,"- ","- ",37.798210144042969,-122.14064788818359,ALAMEDA,UNINCORPORATED,-122.14054870605469,37.798069000244141
91357488,2020,2020-12-02,9345,2020-11-25,1720,022559,,3,2,6,0106,0,1,3,,2,092,"SR-92 E/B","INDUSTRIAL BLVD",450.00,E,N,A,-,Y,,,92,,,,,,E,Y,2,0,1,2,A,-,03,22350,,N,C,C,A,A,H,-,C,D,0,,,Y,,Y,,C,02,1,0,0,0,0,0,0,0,1,"- ","- ",37.632831573486328,-122.10845184326172,ALAMEDA,HAYWARD,-122.10846710205078,37.632877349853516
9136425,2020,2020-09-14,0103,2020-06-15,1823,1,,1,5,6,0103,0,0,0,,0,014,VIRGINIA,"6TH ST",0.00,,Y,A,-,N,,,,,,,,,,N,2,0,1,2,A,-,10,21950,A,N,G,B,B,A,H,-,A,A,0,Y,,,,Y,,A,01,1,0,0,0,1,0,0,0,0,"- ","- ",37.872329711914062,-122.29905700683594,ALAMEDA,BERKELEY,-122.29908752441406,37.872318267822266
91369282,2020,2020-12-17,9375,2020-12-09,1720,020534,,3,2,9,0100,0,3,5,,2,003,"SANTA MARIA AVE","LUX AVE",0.00,,Y,B,-,N,,,,,,,,,,N,2,0,1,2,A,-,06,21951,,N,G,B,E,A,H,-,C,D,0,Y,,,,Y,,D,22,1,0,0,0,1,0,0,0,0,"- ","- ",37.705230712890625,-122.07853698730469,ALAMEDA,UNINCORPORATED,-122.07849884033203,37.705169677734375
91375531,2020,2020-12-28,9370,2020-12-20,1535,021573,,7,2,7,0109,0,1,1,,2,055,"I-580 W/B","SAN PABLO AVE",400.00,E,N,A,-,Y,,,,,,,,,,Y,2,0,1,2,A,-,03,22350,,N,C,C,A,A,H,-,A,D,0,,,Y,,Y,,C,02,1,0,0,0,0,0,0,0,1,"- ","- ",37.493549346923828,-122.16374206542969,ALAMEDA,OAKLAND,-122.27838897705078,37.826770782470703
91375870,2020,2020-12-28,9370,2020-12-17,1257,019737,,4,1,7,0109,0,1,1,,2,177,"I-880 N/B TO 5TH AVENUE",EMBARCADERO,170.00,S,N,A,-,Y,,,,,,,,,,Y,2,0,1,1,A,-,03,22350,,N,E,I,A,A,H,-,A,D,0,,,,,Y,,A,01,1,0,0,0,0,0,0,0,0,"- ","- ",37.472461700439453,-122.15299987792969,ALAMEDA,OAKLAND,,