CASE_ID,ACCIDENT_YEAR,PROC_DATE,JURIS,COLLISION_DATE,COLLISION_TIME,OFFICER_ID,REPORTING_DISTRICT,DAY_OF_WEEK,CHP_SHIFT,POPULATION,CNTY_CITY_LOC,SPECIAL_COND,BEAT_TYPE,CHP_BEAT_TYPE,CITY_DIVISION_LAPD,CHP_BEAT_CLASS,BEAT_NUMBER,PRIMARY_RD,SECONDARY_RD,DISTANCE,DIRECTION,INTERSECTION,WEATHER_1,WEATHER_2,STATE_HWY_IND,CALTRANS_COUNTY,CALTRANS_DISTRICT,STATE_ROUTE,ROUTE_SUFFIX,POSTMILE_PREFIX,POSTMILE,LOCATION_TYPE,RAMP_INTERSECTION,SIDE_OF_HWY,TOW_AWAY,COLLISION_SEVERITY,NUMBER_KILLED,NUMBER_INJURED,PARTY_COUNT,PRIMARY_COLL_FACTOR,PCF_CODE_OF_VIOL,PCF_VIOL_CATEGORY,PCF_VIOLATION,PCF_VIOL_SUBSECTION,HIT_AND_RUN,TYPE_OF_COLLISION,MVIW,PED_ACTION,ROAD_SURFACE,ROAD_COND_1,ROAD_COND_2,LIGHTING,CONTROL_DEVICE,CHP_ROAD_TYPE,PEDESTRIAN_ACCIDENT,BICYCLE_ACCIDENT,MOTORCYCLE_ACCIDENT,TRUCK_ACCIDENT,NOT_PRIVATE_PROPERTY,ALCOHOL_INVOLVED,STWD_VEHTYPE_AT_FAULT,CHP_VEHTYPE_AT_FAULT,COUNT_SEVERE_INJ,COUNT_VISIBLE_INJ,COUNT_COMPLAINT_PAIN,COUNT_PED_KILLED,COUNT_PED_INJURED,COUNT_BICYCLIST_KILLED,COUNT_BICYCLIST_INJURED,COUNT_MC_KILLED,COUNT_MC_INJURED,PRIMARY_RAMP,SECONDARY_RAMP,LATITUDE,LONGITUDE,COUNTY,CITY,POINT_X,POINT_Y
91376100,2020,2020-12-28,9390,2020-12-17,1720,021452,,4,2,5,0107,0,1,1,,2,052,"I-580 EASTBOUND","NORTH LIVERMORE AVENUE",1584.00,E,N,B,-,Y,,,580,,,,,,E,Y,2,0,3,6,A,-,03,22350,,N,C,C,A,A,H,-,C,D,0,,,,,Y,,D,23,1,2,0,0,0,0,0,0,0,"- ","- ",37.701671600341797,-121.76833343505859,ALAMEDA,LIVERMORE,-121.76832580566406,37.701652526855469
91384903,2020,2021-01-11,9375,2020-12-26,2030,022579,,6,2,9,0100,0,2,4,,1,020,"LEWELLING BLVD","TRACY ST.",17.00,W,N,A,-,N,,,,,,,,,,N,2,0,1,2,A,-,10,21950,A,F,G,B,B,A,H,-,C,A,0,Y,,,,Y,,A,07,1,0,0,0,1,0,0,0,0,"- ","- ",37.686771392822266,-122.12757110595703,ALAMEDA,UNINCORPORATED,-122.12752532958984,37.686672210693359
91395132,2021,2021-01-27,9390,2021-01-20,0935,020987,,3,1,9,0100,0,1,1,,2,054,"I-580 EASTBOUND","STONECUT OVERCROSSING",190.00,E,N,A,-,Y,,,580,,,,,,E,Y,2,0,4,2,A,-,08,22107,,N,B,C,A,A,H,-,A,D,0,,,,Y,Y,,A,01,1,3,0,0,0,0,0,0,0,"- ","- ",37.732498168945312,-121.62960052490234,ALAMEDA,UNINCORPORATED,-121.62970733642578,37.732692718505859
91400428,2020,2021-03-11,9345,2020-09-13,0220,022236,,7,3,6,0105,0,1,3,,1,184,"STATE ROUTE-84 NORTHBOUND","DUMBARTON BRIDGE TOLL PLAZA",387.00,E,N,B,-,Y,,,84,,,,,,N,Y,1,1,1,2,A,-,01,23152,A,N,C,C,A,A,H,-,C,D,0,,,Y,,Y,Y,A,01,1,0,0,0,0,0,0,1,1,"- ","- ",37.536979675292969,-122.07180023193359,ALAMEDA,FREMONT,-122.07177734375,37.536949157714844
91442647,2021,2021-04-05,9375,2021-03-28,1730,022530,,7,2,9,0100,0,3,5,,2,002,"COELHO DRIVE","159TH AVENUE",312.00,N,N,A,-,N,,,,,,,,,,Y,2,0,1,2,A,-,09,21804,A,N,F,A,A,A,H,-,A,D,0,,,Y,,Y,,A,07,1,0,0,0,0,0,0,0,1,"- ","- ",37.69866943359375,-122.12242126464844,ALAMEDA,UNINCORPORATED,-122.12116241455078,37.698619842529297
91453131,2021,2021-04-19,9370,2021-04-10,0045,021826,,6,3,7,0109,0,1,1,,2,177,"I-880 N/B TO BROADWAY","JACKSON ST",310.00,S,N,A,-,Y,,,880,,,,R,,N,Y,2,0,1,1,A,-,08,22107,,N,E,I,A,A,H,-,D,D,0,,,Y,,Y,,C,02,1,0,0,0,0,0,0,0,1,"- ","- ",37.795890808105469,-122.26779174804688,ALAMEDA,OAKLAND,-122.26779174804688,37.795890808105469
9146828,2020,2020-09-18,0106,2020-07-22,1851,485,,3,5,6,0106,0,0,0,,0,00F,"INDUSTRIAL PKWY","DIXON ST",6.00,W,N,A,-,N,,,,,,,,,,N,2,0,1,2,A,-,10,21950,A,N,G,B,B,A,H,-,A,A,0,Y,,,,Y,,A,01,1,0,0,0,1,0,0,0,0,"- ","- ",37.627998352050781,-122.04902648925781,ALAMEDA,HAYWARD,-122.049072265625,37.627967834472656
91478698,2021,2021-05-27,9345,2021-05-13,1305,021398,,4,1,6,0106,0,1,1,,2,072,"I-880 NORTHBOUND","WHIPPLE ROAD",1100.00,N,N,A,-,Y,,,880,,,,,,N,Y,2,0,1,2,A,-,03,22350,,F,C,C,A,A,H,-,A,D,0,,,Y,,Y,,-,99,1,0,0,0,0,0,0,0,1,"- ","- ",37.610179901123047,-122.06906127929688,ALAMEDA,HAYWARD,-122.06894683837891,37.610260009765625
91489529,2021,2021-06-04,9390,2021-05-26,1840,018869,,3,2,9,0100,0,2,4,,2,222,"PLEASANTON-SUNOL ROAD","VERONA RD.",180.00,S,N,A,-,N,,,,,,,,,,N,2,0,1,1,A,-,08,22107,,N,F,A,A,A,H,-,A,D,0,,Y,,,Y,,L,04,1,0,0,0,0,0,1,0,0,"- ","- ",37.626289367675781,-121.88139343261719,ALAMEDA,UNINCORPORATED,-121.88135528564453,37.626308441162109
91516236,2020,2021-07-09,9370,2020-11-21,2201,022054,,6,3,7,0109,0,1,1,,2,098,"I-980 W/B","11TH ST",255.00,W,N,A,-,Y,,,,,,,,,,Y,2,0,1,2,A,-,03,22350,,M,G,B,E,A,H,-,C,D,0,Y,,,,Y,,-,99,1,0,0,0,1,0,0,0,0,"- ","- ",37.481449127197266,-122.16452789306641,ALAMEDA,OAKLAND,-122.27964019775391,37.804317474365234
91518768,2021,2021-07-13,9370,2021-07-05,0110,020815,,1,3,7,0109,0,1,1,,2,055,"I-580 EB TO SAN PABLO AVE","HOLLIS STREET",230.00,W,N,A,-,Y,,,580,,,,R,,E,Y,2,0,1,4,A,-,03,22350,,N,C,C,E,A,H,-,C,D,0,Y,,,,Y,,A,07,1,0,0,0,1,0,0,0,0,"- ","- ",37.826961517333984,-122.28533935546875,ALAMEDA,OAKLAND,-122.28533935546875,37.826961517333984
9152175,2020,2020-09-25,0109,2020-05-29,2155,9695,1,5,5,7,0109,0,0,0,,0,07X,"MARKET ST","27TH ST",100.00,N,N,A,-,N,,,,,,,,,,N,2,0,1,2,A,-,03,22350,,F,G,B,D,A,H,-,D,D,0,Y,,,,Y,,-,99,1,0,0,0,1,0,0,0,0,"- ","- ",,,ALAMEDA,OAKLAND,-122.27745056152344,37.817764282226562
91529352,2021,2021-07-27,9370,2021-02-10,1217,020258,,3,1,7,0109,0,1,3,,2,013,"SR-13 S/B",BROADWAY,528.00,S,N,A,-,Y,,,13,,,,,,S,Y,1,1,1,4,A,-,08,22107,,N,B,C,E,A,H,-,A,D,0,Y,,,,Y,,D,22,1,0,0,1,1,0,0,0,0,"- ","- ",37.846710205078125,-122.22773742675781,ALAMEDA,OAKLAND,-122.22767639160156,37.846710205078125
91530854,2020,2021-07-28,9370,2020-05-07,1128,020961,,4,1,7,0109,0,1,1,,2,053,"I-580 W/B","13TH AVE",115.00,E,N,A,-,Y,,,580,,,,,,W,Y,1,2,2,3,A,-,08,22107,,N,E,I,A,A,H,-,A,D,0,,,,,Y,,A,01,2,0,0,0,0,0,0,0,0,"- ","- ",37.802379608154297,-122.23095703125,ALAMEDA,OAKLAND,-122.23093414306641,37.802413940429688
91553702,2021,2021-08-25,9370,2021-08-19,0747,020258,,4,1,7,0109,0,1,1,,2,176,"I-880 N/B","29TH AVE",1056.00,S,N,B,-,Y,,,880,,,,,,N,Y,2,0,1,2,A,-,08,22107,,N,E,I,A,A,H,-,A,D,0,,,Y,,Y,,C,02,1,0,0,0,0,0,0,0,1,"- ","- ",37.773769378662109,-122.22956085205078,ALAMEDA,OAKLAND,-122.22954559326172,37.7738037109375
91567351,2021,2021-09-10,9370,2021-09-02,2210,022476,,4,3,7,0109,0,1,3,,2,024,"SR-24 W/B","CALDECOTT LN",190.00,W,N,A,-,Y,,,24,,,,,,W,Y,2,0,1,2,A,-,03,22350,,N,C,C,A,A,H,-,C,D,0,,,Y,,Y,,C,02,1,0,0,0,0,0,0,0,1,"- ","- ",37.854598999023438,-122.21961975097656,ALAMEDA,OAKLAND,-122.21961212158203,37.854560852050781
91573992,2021,2021-09-20,9370,2021-09-11,1340,022311,,6,1,3,0102,0,1,1,,2,081,"I-80 E/B","BUCHANAN STREET",1000.00,E,N,A,-,Y,,,80,,,,,,E,Y,2,0,1,2,A,-,03,22350,,N,C,C,A,A,H,-,A,D,0,,,Y,,Y,,C,02,1,0,0,0,0,0,0,0,1,"- ","- ",37.890380859375,-122.30800628662109,ALAMEDA,ALBANY,-122.30796813964844,37.890361785888672
91581744,2021,2021-12-20,9345,2021-09-17,2341,022705,,5,3,6,0106,0,1,1,,2,073,"I-880 SOUTHBOUND (NIMITZ FREEWAY)","WINTON AVENUE",2640.00,S,N,A,-,Y,,,880,,,,,,S,Y,2,0,5,4,A,-,01,23153,A,N,B,C,A,A,H,-,C,D,0,,,,Y,Y,Y,A,01,1,0,4,0,0,0,0,0,0,"- ","- ",37.649101257324219,-122.09709167480469,ALAMEDA,HAYWARD,-122.09709167480469,37.649097442626953
91581748,2021,2021-09-28,9370,2021-09-21,1515,021281,,2,2,7,0109,0,1,1,,2,052,"I-580 W/B","GOLF LINKS ROAD",985.00,E,N,A,-,Y,,,,,,,,,,Y,2,0,1,2,A,-,01,23152,A,M,F,C,A,A,H,-,A,D,0,,,Y,,Y,Y,C,02,1,0,0,0,0,0,0,0,1,"- ","- ",37.453071594238281,-122.95570373535156,ALAMEDA,OAKLAND,-122.14911651611328,37.755817413330078
9158177,2020,2020-10-15,0109,2020-06-21,1700,9622,2,7,5,7,0109,0,0,0,,0,31Y,"ROSSMOOR CT","CLARA ST",25.00,E,N,A,-,N,,,,,,,,,,N,2,0,1,2,A,-,10,21950,A,F,A,B,B,A,H,-,A,A,0,Y,,,,Y,,-,99,1,0,0,0,1,0,0,0,0,"- ","- ",,,ALAMEDA,OAKLAND,-122.1876220703125,37.736305236816406
91582587,2021,2021-09-29,9375,2021-09-26,2024,020568,,7,2,9,0100,0,2,4,,1,040,"CENTER ST","GROVE WAY",388.00,S,N,A,-,N,,,,,,,,,,N,2,0,1,2,A,-,01,23152,A,N,H,G,A,A,H,-,C,D,0,,Y,,,Y,Y,A,01,1,0,0,0,0,0,1,0,0,"- ","- ",37.688648223876953,-122.06256866455078,ALAMEDA,UNINCORPORATED,-122.06242370605469,37.688941955566406
91583137,2021,2021-09-30,9370,2021-02-14,1510,022124,,7,2,7,0109,0,1,1,,2,052,"I-580 E/B","EDWARDS AVE",1851.00,W,N,B,-,Y,,,580,,,,,,E,Y,1,1,1,2,A,-,03,22350,,F,C,C,A,A,H,-,A,D,0,,,,,Y,,-,99,1,0,0,0,0,0,0,0,0,"- ","- ",37.778949737548828,-122.16979217529297,ALAMEDA,OAKLAND,-122.16980743408203,37.778915405273438
91585674,2021,2021-10-01,9345,2021-09-24,1935,021693,,5,2,5,0113,0,1,1,,2,072,I-880,"DECOTO ROAD",1584.00,N,N,B,-,Y,,,,,,,,,,N,2,0,2,3,A,-,03,22350,,N,C,C,A,A,H,-,C,D,0,,,,,Y,,A,07,2,0,0,0,0,0,0,0,0,"- ","- ",37.567359924316406,-122.04273986816406,ALAMEDA,"UNION CITY",-122.04188537597656,37.566852569580078
91592733,2021,2022-10-14,9390,2021-07-29,0800,019612,,4,1,5,0107,0,1,1,,2,052,"I-580 WESTBOUND","ISABEL AVE. OVERCROSSING",1906.00,E,N,A,-,Y,,,580,,,,,,W,Y,1,1,0,2,A,-,03,22350,,N,C,C,A,A,H,-,A,D,0,,,Y,,Y,,C,02,0,0,0,0,0,0,0,1,0,"- ","- ",37.700908660888672,-121.79508209228516,ALAMEDA,LIVERMORE,-121.79508209228516,37.700885772705078
91594446,2021,2021-10-12,9390,2021-10-03,2324,022204,,7,3,9,0100,0,1,1,,2,053,I-580,"NORTH FLYNN ROAD",50.00,W,N,B,-,Y,,,580,,,,,,,N,2,0,1,2,C,-,18,,,N,G,B,E,A,H,-,D,D,0,Y,,,,Y,,-,"- ",1,0,0,0,1,0,0,0,0,"- ","- ",37.719211578369141,-121.66063690185547,ALAMEDA,UNINCORPORATED,-121.66062927246094,37.719184875488281
91618826,2021,2021-11-30,9345,2021-10-29,0110,022312,,5,3,6,0106,0,1,3,,2,092,"SR-92 W/B TO HESPERIAN BOULEVARD","HESPERIAN BLVD",300.00,W,N,A,-,Y,,,92,,,,R,,W,Y,2,0,2,1,A,-,01,23152,A,N,E,I,A,A,H,-,C,D,0,,,,,Y,Y,A,01,1,1,0,0,0,0,0,0,0,"- ","- ",37.636219024658203,-122.101318359375,ALAMEDA,HAYWARD,-122.101318359375,37.636219024658203
91624403,2021,2021-11-15,9370,2021-11-05,2135,022722,,5,2,7,0109,0,1,3,,2,024,"SR-24 E/B","KAY OVERCROSSING",958.00,W,N,A,-,Y,,,24,,,,,,E,Y,2,0,3,2,A,-,01,23152,A,N,A,C,A,A,H,-,D,D,0,,,,,Y,Y,A,01,1,1,1,0,0,0,0,0,0,"- ","- ",37.848701477050781,-122.22530364990234,ALAMEDA,OAKLAND,-122.22531890869141,37.848758697509766
91631500,2021,2021-11-22,9375,2021-11-12,1745,022278,,5,2,9,0100,0,2,4,,1,010,"CHANNEL STREET","BOCKMAN ROAD",3.00,N,N,A,-,N,,,,,,,,,,N,2,0,1,2,A,-,10,21950,A,N,G,B,B,A,H,-,C,D,0,Y,,,,Y,,A,01,1,0,0,0,1,0,0,0,0,"- ","- ",37.669990539550781,-122.13797760009766,ALAMEDA,UNINCORPORATED,-122.13748168945312,37.669998168945312
91632272,2021,2021-11-22,9390,2021-11-12,1600,020206,,5,2,9,0100,0,1,1,,2,054,"I-580 E/B","GRANT LINE ROAD",6177.00,W,N,A,-,Y,,,,,,,,,,Y,2,0,1,3,A,-,03,22350,,N,C,C,A,A,H,-,A,D,0,,,,,Y,,A,07,1,0,0,0,0,0,0,0,0,"- ","- ",37.440921783447266,-121.36235046386719,ALAMEDA,UNINCORPORATED,-121.60355377197266,37.736656188964844
91659307,2021,2021-12-22,9390,2021-12-19,0230,022273,,7,3,5,0111,0,1,1,,2,051,"EB I-580",I-680,5.00,E,N,B,-,Y,,,580,,,,,,,Y,2,0,3,2,A,-,01,23152,F,N,C,C,A,A,H,-,D,D,0,,,,,Y,,A,01,1,2,0,0,0,0,0,0,0,"- ","- ",37.700950622558594,-121.92227172851562,ALAMEDA,PLEASANTON,-121.92226409912109,37.700939178466797
91659871,2021,2021-12-23,9375,2021-12-14,1820,020270,,2,2,9,0100,0,3,5,,2,001,"PASEO GRANDE","VIA PRIMERO",19.00,W,N,B,-,N,,,,,,,,,,N,2,0,1,2,A,-,10,21950,A,N,G,B,B,B,H,-,D,D,0,Y,,,,Y,,D,22,1,0,0,0,1,0,0,0,0,"- ","- ",37.679840087890625,-122.12580108642578,ALAMEDA,UNINCORPORATED,-122.12568664550781,37.679851531982422
91667356,2021,2021-12-31,9345,2021-12-28,1950,021676,,2,2,6,0106,0,1,1,,2,073,"I-880 NORTHBOUND","TENNYSON ROAD",1056.00,N,N,B,-,Y,,,880,,,,,,N,Y,2,0,1,3,A,-,03,22350,,N,C,C,A,B,H,-,C,D,0,,,,,Y,,D,22,1,0,0,0,0,0,0,0,0,"- ","- ",37.634971618652344,-122.08659362792969,ALAMEDA,HAYWARD,-122.08665466308594,37.634918212890625
91669674,2021,2022-01-04,9390,2021-12-13,2230,019863,,1,3,5,0111,0,1,1,,2,051,"I-580 W/B","SANTA RITA RD",300.00,W,N,B,C,Y,,,580,,,,,,W,Y,2,0,1,2,A,-,03,22350,,N,C,C,A,B,H,-,D,D,0,,,,,Y,,A,01,1,0,0,0,0,0,0,0,0,"- ","- ",37.701511383056641,-121.87323760986328,ALAMEDA,PLEASANTON,-121.87323760986328,37.70159912109375
91675362,2022,2022-01-11,9345,2022-01-08,0240,022559,,6,3,6,0105,0,1,1,,2,071,"I-880 N/B","DECOTO ROAD",660.00,N,N,A,-,Y,ALA,,880,,,10.445,H,,R,Y,2,0,4,2,A,-,01,23152,A,N,C,C,A,A,H,-,C,D,0,,,,,Y,Y,A,01,3,1,0,0,0,0,0,0,0,"- ","- ",37.565170288085938,-122.04015350341797,ALAMEDA,FREMONT,-122.04008483886719,37.565216064453125
91677847,2022,2022-01-14,9370,2022-01-01,0342,022358,,6,3,7,0109,0,1,1,,2,008,"I-80 E/B","W. GRAND AVENUE",1052.00,E,N,A,-,Y,ALA,,80,,,2.445,H,,R,Y,2,0,1,2,A,-,01,23152,A,N,C,C,A,A,H,-,C,D,0,,,,,Y,Y,A,01,1,0,0,0,0,0,0,0,0,"- ","- ",37.825008392333984,-122.30583953857422,ALAMEDA,OAKLAND,-122.30582427978516,37.824962615966797
91690102,2021,2022-02-01,9370,2021-12-27,0330,022299,,1,3,7,0109,0,1,3,,2,024,"SR-24 W/B",BROADWAY,600.00,W,N,C,-,Y,,,24,,,,,,W,Y,2,0,2,3,A,-,03,22350,,N,G,B,E,B,H,-,C,D,0,Y,,,,Y,,A,07,1,0,1,0,1,0,0,0,0,"- ","- ",37.847270965576172,-122.245849609375,ALAMEDA,OAKLAND,-122.24588012695312,37.847320556640625
91694675,2022,2022-02-07,9375,2022-01-30,1453,022229,,7,2,9,0100,0,1,1,,2,580,"I-580 W/B","164TH AVENUE",1200.00,E,N,A,-,Y,ALA,,580,,R,31.515,H,,L,Y,2,0,1,2,A,-,08,22107,,F,B,A,A,A,H,-,A,D,0,,,,,Y,,-,99,1,0,0,0,0,0,0,0,0,"- ","- ",37.697360992431641,-122.10597229003906,ALAMEDA,UNINCORPORATED,-122.10612487792969,37.697273254394531
91697775,2022,2022-02-10,9345,2022-01-30,2105,022144,,7,2,9,0100,0,1,1,,2,074,"I-880 N/B","LEWELLING BLVD",100.00,N,N,A,-,Y,ALA,,880,,,20.354,H,,R,N,2,0,2,2,A,-,03,22350,,N,A,2,A,A,H,-,C,D,0,,,,,Y,,A,01,1,0,1,0,0,0,0,0,0,"- ","- ",37.686798095703125,-122.13230895996094,ALAMEDA,UNINCORPORATED,-122.13220977783203,37.6868896484375
91728736,2022,2022-03-22,9370,2022-03-10,1505,022826,,4,2,7,0109,0,1,3,,2,024,"SR-24 E/B",BROADWAY,50.00,E,N,A,-,Y,,,,,,,,,,Y,2,0,1,3,A,-,03,22350,,N,C,C,A,A,H,-,A,D,0,,,,,Y,,A,01,1,0,0,0,0,0,0,0,0,"- ","- ",37.825069427490234,-122.26583862304688,ALAMEDA,OAKLAND,-122.21700286865234,37.854820251464844
91745905,2022,2022-04-12,9370,2022-04-04,2325,022826,,1,3,7,0109,0,1,1,,2,052,"I-580 E/B","BUELL ST",500.00,E,N,A,-,Y,ALA,,580,,R,39.671,H,,R,Y,2,0,1,2,A,-,01,23152,A,N,C,C,A,A,H,-,D,D,0,,,,,Y,Y,A,01,1,0,0,0,0,0,0,0,0,"- ","- ",37.784069061279297,-122.18602752685547,ALAMEDA,OAKLAND,-122.18601226806641,37.784236907958984
91748809,2022,2022-04-15,9375,2022-03-05,1630,022475,,6,2,9,0100,0,3,5,,2,003,"REDWOOD ROAD","MARCIEL ROAD",6336.00,N,N,A,-,N,,,,,,,,,,Y,1,1,0,1,A,-,08,22107,,N,E,I,A,A,H,-,A,D,0,,,Y,,Y,,C,02,0,0,0,0,0,0,0,1,0,"- ","- ",37.771579742431641,-122.11492919921875,ALAMEDA,UNINCORPORATED,-122.1148681640625,37.770809173583984
91761726,2021,2023-01-04,9370,2021-11-14,1830,022124,,7,2,7,0109,0,1,1,,2,178,"I-880 S/B","7TH ST",1277.00,N,N,A,-,Y,,,880,,,,,,S,Y,1,1,0,2,A,-,11,21954,A,N,G,B,E,A,H,-,D,D,0,Y,,,,Y,,N,60,0,0,0,1,0,0,0,0,0,"- ","- ",37.811210632324219,-122.30422973632812,ALAMEDA,OAKLAND,-122.30430603027344,37.811248779296875
91763144,2022,2022-05-03,9390,2022-04-24,0630,021677,,7,1,9,0100,0,1,1,,2,064,I-680,"ANDRADE ROAD",301.00,N,N,A,-,Y,ALA,,680,,R,9.970,H,,R,Y,2,0,1,1,A,-,03,22350,,N,E,I,A,A,H,-,A,D,0,,,Y,,Y,,C,02,1,0,0,0,0,0,0,0,1,"- ","- ",37.575851440429688,-121.88092803955078,ALAMEDA,UNINCORPORATED,-121.88092803955078,37.575843811035156
91769885,2022,2022-05-11,9390,2022-05-03,1950,022149,,2,2,9,0100,0,1,1,,2,054,"I-580 EASTBOUND","UNION PACIFIC RAILROAD OVERCROSSING (STONECUT)",3900.00,W,N,A,-,Y,ALA,,580,,R,4.650,H,,L,Y,2,0,1,2,A,-,01,23152,A,N,E,8,A,A,H,-,A,D,0,,,,,Y,Y,A,01,1,0,0,0,0,0,0,0,0,"- ","- ",37.726058959960938,-121.63864898681641,ALAMEDA,UNINCORPORATED,-121.63872528076172,37.726207733154297
91772740,2022,2022-05-16,9390,2022-05-08,1714,022303,,7,2,9,0100,0,3,5,,2,500,"CROSS RD (3700 BLOCK)","PATTERSON PASS RD",4118.00,S,N,A,-,N,,,,,,,,,,N,2,0,1,1,A,-,08,22107,,N,E,J,A,A,H,-,A,D,0,,,,,Y,,A,01,1,0,0,0,0,0,0,0,0,"- ","- ",37.675998687744141,-121.66307830810547,ALAMEDA,UNINCORPORATED,-121.66202545166016,37.676334381103516
91777788,2021,2022-05-23,9370,2021-09-06,0110,022529,,1,3,7,0109,0,1,1,,2,008,"I-80 E/B TO I-580 E/B","BEACH ST",1202.00,W,N,A,-,Y,,,80,,,,R,,E,Y,1,1,1,2,A,-,01,23152,A,F,A,C,A,A,H,-,D,D,0,,,,,Y,Y,A,01,1,0,0,0,0,0,0,0,0,"- ","- ",37.827320098876953,-122.29518127441406,ALAMEDA,OAKLAND,-122.29518127441406,37.827320098876953
91784186,2022,2022-05-30,9390,2022-05-21,1830,022322,,6,2,6,0105,0,1,1,,2,064,"I-680 SOUTHBOUND","WARREN AVENUE",2900.00,S,N,A,-,Y,,,,,,,,,,N,2,0,1,2,A,-,03,22350,,N,C,C,A,A,H,-,A,D,0,,,Y,,Y,,C,02,1,0,0,0,0,0,0,0,1,"- ","- ",37.290199279785156,-121.54505920410156,ALAMEDA,FREMONT,-121.91416931152344,37.483844757080078
91784698,2022,2022-05-31,9370,2022-05-14,0252,022648,,6,3,7,0109,0,1,1,,2,055,"I-580 W/B","MANDELA PAKWAY",1160.00,W,N,A,-,Y,ALA,,580,,,46.569,H,,R,Y,2,0,1,1,A,-,03,22350,,N,E,I,A,A,H,-,D,D,0,,,Y,,Y,,C,02,1,0,0,0,0,0,0,0,1,"- ","- ",37.828109741210938,-122.29351806640625,ALAMEDA,OAKLAND,-122.29351806640625,37.828086853027344
91787750,2022,2022-06-03,9370,2022-05-12,2215,022859,,4,3,7,0109,0,1,1,,2,053,"I-580 E/B","BEAUMONT AVE",235.00,E,N,A,-,Y,ALA,,580,,R,42.166,H,,R,N,2,0,1,1,A,-,08,22107,,N,E,I,A,A,H,-,D,D,0,,,,,Y,,A,07,1,0,0,0,0,0,0,0,0,"- ","- ",37.800788879394531,-122.22834777832031,ALAMEDA,OAKLAND,-122.22827911376953,37.800914764404297
91788042,2022,2022-06-03,9370,2022-05-22,1315,022831,,7,1,7,0109,0,1,1,,2,008,"I-80 W/B","SFOBB TOLL PLAZA",330.00,E,N,A,-,Y,,,,,,,,,,Y,2,0,1,2,A,-,05,21651,A,N,B,C,A,A,H,-,A,D,0,,,Y,,Y,,C,02,1,0,0,0,0,0,0,0,1,"- ","- ",37.825908660888672,-122.31272888183594,ALAMEDA,OAKLAND,,
91799600,2022,2022-06-21,9345,2022-06-20,0155,022559,,1,3,6,0106,0,1,1,,2,073,"I-880 S/B","WINTON AVENUE",85.00,S,N,A,-,Y,ALA,,880,,,17.580,H,,L,Y,2,0,2,2,A,-,01,23152,A,N,C,2,A,A,H,-,C,D,0,,,,,Y,Y,A,01,1,0,1,0,0,0,0,0,0,"- ","- ",37.656078338623047,-122.10147857666016,ALAMEDA,HAYWARD,-122.10143280029297,37.656097412109375
91814301,2022,2022-07-11,9375,2022-07-03,1007,022870,,7,1,9,0100,0,1,3,,1,185,"SR-185 (E. 14TH ST.)","167TH AVE",134.00,N,N,A,-,Y,,,,,,,,,,Y,2,0,1,3,A,-,01,23152,F,N,C,E,A,A,H,-,A,D,0,,,,,Y,,A,01,1,0,0,0,0,0,0,0,0,"- ","- ",37.692470550537109,-122.11026763916016,ALAMEDA,UNINCORPORATED,-122.11026000976562,37.692485809326172
91829264,2022,2022-08-01,9370,2022-02-02,1517,020279,,3,2,7,0109,0,1,3,,2,013,"SR-13 S/B","CALAVERAS AVENUE",1537.00,N,N,A,-,Y,ALA,,13,,,4.620,H,,L,Y,1,1,0,1,A,-,08,22107,,N,E,8,A,A,H,-,A,D,0,,,,,Y,,A,01,0,0,0,0,0,0,0,0,0,"- ","- ",37.788188934326172,-122.18138885498047,ALAMEDA,OAKLAND,-122.18129730224609,37.788211822509766
91835536,2022,2022-08-08,9370,2022-06-24,1600,022859,,5,2,7,0109,0,1,1,,2,176,"I-880 S/B","FRUITVALE AVENUE",1000.00,N,N,A,-,Y,ALA,,880,,,28.558,H,,L,Y,2,0,1,2,A,-,03,22350,,N,C,A,A,A,H,-,A,D,0,,,,,Y,,A,01,1,0,0,0,0,0,0,0,0,"- ","- ",37.774280548095703,-122.23133087158203,ALAMEDA,OAKLAND,-122.23135375976562,37.774234771728516
91843129,2022,2022-08-18,9345,2022-08-06,0140,022232,,6,3,6,0106,0,1,1,,2,073,"I-880 SOUTHBOUND","WINTON AVE.",1584.00,S,N,A,-,Y,ALA,,880,,,17.276,H,,L,Y,2,0,3,3,A,-,01,23152,A,N,C,2,A,A,H,-,C,D,0,,,,,Y,Y,A,01,1,0,2,0,0,0,0,0,0,"- ","- ",37.652111053466797,-122.09896850585938,ALAMEDA,HAYWARD,-122.09897613525391,37.652107238769531