CASE_ID,ACCIDENT_YEAR,PROC_DATE,JURIS,COLLISION_DATE,COLLISION_TIME,OFFICER_ID,REPORTING_DISTRICT,DAY_OF_WEEK,CHP_SHIFT,POPULATION,CNTY_CITY_LOC,SPECIAL_COND,BEAT_TYPE,CHP_BEAT_TYPE,CITY_DIVISION_LAPD,CHP_BEAT_CLASS,BEAT_NUMBER,PRIMARY_RD,SECONDARY_RD,DISTANCE,DIRECTION,INTERSECTION,WEATHER_1,WEATHER_2,STATE_HWY_IND,CALTRANS_COUNTY,CALTRANS_DISTRICT,STATE_ROUTE,ROUTE_SUFFIX,POSTMILE_PREFIX,POSTMILE,LOCATION_TYPE,RAMP_INTERSECTION,SIDE_OF_HWY,TOW_AWAY,COLLISION_SEVERITY,NUMBER_KILLED,NUMBER_INJURED,PARTY_COUNT,PRIMARY_COLL_FACTOR,PCF_CODE_OF_VIOL,PCF_VIOL_CATEGORY,PCF_VIOLATION,PCF_VIOL_SUBSECTION,HIT_AND_RUN,TYPE_OF_COLLISION,MVIW,PED_ACTION,ROAD_SURFACE,ROAD_COND_1,ROAD_COND_2,LIGHTING,CONTROL_DEVICE,CHP_ROAD_TYPE,PEDESTRIAN_ACCIDENT,BICYCLE_ACCIDENT,MOTORCYCLE_ACCIDENT,TRUCK_ACCIDENT,NOT_PRIVATE_PROPERTY,ALCOHOL_INVOLVED,STWD_VEHTYPE_AT_FAULT,CHP_VEHTYPE_AT_FAULT,COUNT_SEVERE_INJ,COUNT_VISIBLE_INJ,COUNT_COMPLAINT_PAIN,COUNT_PED_KILLED,COUNT_PED_INJURED,COUNT_BICYCLIST_KILLED,COUNT_BICYCLIST_INJURED,COUNT_MC_KILLED,COUNT_MC_INJURED,PRIMARY_RAMP,SECONDARY_RAMP,LATITUDE,LONGITUDE,COUNTY,CITY,POINT_X,POINT_Y
91847028,2022,2022-08-23,9390,2022-08-15,0405,022215,,1,3,5,0107,0,1,1,,2,053,"I-580 EASTBOUND","FIRST ST",1056.00,E,N,B,-,Y,ALA,,580,,,10.591,H,,R,Y,2,0,1,1,A,-,01,23152,A,N,E,I,A,A,H,-,C,B,0,,,,Y,Y,Y,G,27,1,0,0,0,0,0,0,0,0,"- ","- ",37.70294189453125,-121.73841094970703,ALAMEDA,LIVERMORE,-121.73849487304688,37.703136444091797
91852381,2022,2022-08-29,9370,2022-08-17,2140,022863,,3,2,7,0109,0,1,1,,2,177,"I-880 S/B","OAK ST",500.00,S,N,A,-,Y,ALA,,880,,,30.983,H,,L,Y,2,0,1,2,A,-,03,22350,,N,C,C,A,A,H,-,C,D,0,,,,Y,Y,,A,01,1,0,0,0,0,0,0,0,0,"- ","- ",37.794200897216797,-122.26513671875,ALAMEDA,OAKLAND,-122.26503753662109,37.794303894042969
91853186,2022,2023-02-07,9390,2022-08-22,0315,022322,,1,3,9,0100,0,1,3,,2,330,"SR-84 / VALLECITOS ROAD","LITTLE VALLEY ROAD",650.00,W,N,A,-,Y,,,,,,,,,,Y,2,0,2,2,A,-,05,21460,A,N,A,C,A,A,H,-,D,D,0,,,,,Y,,A,01,2,0,0,0,0,0,0,0,0,"- ","- ",37.364109039306641,-121.50546264648438,ALAMEDA,UNINCORPORATED,-121.848388671875,37.601215362548828
91853638,2022,2022-08-30,9370,2022-08-26,1310,022529,,5,1,6,0103,0,1,1,,2,081,"I-80 W/B","UNIVERSITY AVE",94.00,E,N,A,-,Y,ALA,,80,,,5.858,H,,L,Y,2,0,2,2,A,-,01,23152,A,M,C,C,A,A,H,-,A,D,0,,,,,Y,Y,A,01,1,1,0,0,0,0,0,0,0,"- ","- ",37.867069244384766,-122.30406951904297,ALAMEDA,BERKELEY,-122.30400085449219,37.867084503173828
91857304,2022,2022-09-05,9345,2022-08-24,2205,022548,,3,3,6,0106,0,1,1,,2,072,"I-880 N/B","INDUSTRIAL PKY",100.00,S,N,A,-,Y,ALA,,880,,,14.513,H,,R,Y,2,0,2,2,A,-,01,23153,G,N,B,C,A,A,H,-,C,D,0,,,,,Y,Y,A,01,2,0,0,0,0,0,0,0,0,"- ","- ",37.617179870605469,-122.07402801513672,ALAMEDA,HAYWARD,-122.07393646240234,37.617225646972656
9186365,2020,2021-01-05,0112,2020-10-11,2234,328,,7,5,5,0112,0,0,0,,0,001,"MACARTHUR BL","MACARTHUR BL 310",0.00,,N,A,-,N,,,,,,,,,,Y,2,0,1,2,A,-,08,22107,,N,A,I,A,A,H,-,C,D,0,,,,,Y,,-,,1,0,0,0,0,0,0,0,0,"- ","- ",37.740249633789062,-122.147216796875,ALAMEDA,"SAN LEANDRO",-122.14732600000001,37.740231000000001
91868599,2022,2022-09-20,9375,2022-09-15,0825,016802,,4,1,9,0100,0,1,1,,2,581,"I-580 W/B","LAKE CHABOT PEDESTRIAN O/C",580.00,W,N,B,-,Y,ALA,,580,,,30.196,H,,R,Y,2,0,2,2,A,-,03,22350,,N,C,C,A,A,H,-,A,D,0,,,,,Y,,D,22,1,0,1,0,0,0,0,0,0,"- ","- ",37.690788269042969,-122.08586883544922,ALAMEDA,UNINCORPORATED,-122.08586883544922,37.690834045410156
91889908,2021,2022-10-13,9370,2021-09-14,2100,022307,,2,2,7,0109,0,1,1,,2,052,"I-580 W/B","FOOTHILL BLVD",1640.00,W,N,A,-,Y,,,580,,,,,,W,Y,1,1,0,2,A,-,08,22107,,N,C,C,A,A,H,-,D,D,0,,,,,Y,,A,01,0,0,0,0,0,0,0,0,0,"- ","- ",37.741199493408203,-122.14450836181641,ALAMEDA,OAKLAND,-122.14448547363281,37.741214752197266
91904229,2022,2022-10-28,9345,2022-10-20,0735,022936,,4,1,6,0106,0,1,1,,2,073,"I-880 SOUTHBOUND","A STREET",528.00,S,N,A,-,Y,ALA,,880,,,18.080,H,,L,N,2,0,1,3,A,-,03,22350,,F,C,2,A,A,H,-,A,D,0,,,Y,,Y,,A,07,1,0,0,0,0,0,0,0,1,"- ","- ",37.662578582763672,-122.10540771484375,ALAMEDA,HAYWARD,-122.10545349121094,37.662563323974609
91907295,2022,2022-11-02,9345,2022-10-23,0325,022943,,7,3,9,0100,0,1,1,,2,238,"I-238 NORTHBOUND","E14TH STREET",1162.00,N,N,A,-,Y,ALA,,238,,,15.160,H,,R,N,2,0,1,2,A,-,21,22106,,N,C,C,A,A,H,-,C,D,0,,,,Y,Y,,A,01,1,0,0,0,0,0,0,0,0,"- ","- ",37.688838958740234,-122.11007690429688,ALAMEDA,UNINCORPORATED,-122.11007690429688,37.688804626464844
9191003,2020,2021-01-11,0109,2020-10-18,1924,9812,1,7,5,7,0109,0,0,0,,0,03X,"FRANKLIN ST","12TH ST",0.00,,Y,A,-,N,,,,,,,,,,N,2,0,4,2,A,-,12,21453,A,N,D,C,A,A,H,-,C,A,0,,,,,Y,,A,01,2,0,2,0,0,0,0,0,0,"- ","- ",,,ALAMEDA,OAKLAND,-122.27082061767578,37.802471160888672
91911273,2022,2022-11-07,9390,2022-10-28,2225,021947,,5,3,9,0100,0,2,4,,2,222,"PLEASANTON-SUNOL ROAD","CASTLEWOOD DRIVE",83.00,E,N,A,-,N,,,,,,,,,,Y,2,0,1,1,A,-,01,23152,A,N,E,I,A,A,H,-,D,D,0,,,,,Y,Y,A,07,1,0,0,0,0,0,0,0,0,"- ","- ",37.638889312744141,-121.88655090332031,ALAMEDA,UNINCORPORATED,-121.88648986816406,37.63885498046875
91923932,2022,2022-11-22,9390,2022-11-11,0600,022149,,5,1,9,0100,0,1,1,,2,053,"I-580 EASTBOUND","N. FLYNN ROAD",3200.00,W,N,A,-,Y,ALA,,580,,R,6.749,H,,R,Y,2,0,1,1,A,-,08,22107,,N,E,I,A,A,H,-,C,A,0,,,,,Y,Y,-,"- ",1,0,0,0,0,0,0,0,0,"- ","- ",37.720420837402344,-121.67349243164062,ALAMEDA,UNINCORPORATED,-121.67340087890625,37.720504760742188
91927070,2022,2022-11-28,9370,2022-10-18,0240,022990,,2,3,6,0103,0,1,1,,2,081,"I-80 E/B","BUCHANAN STREET",1160.00,W,N,A,-,Y,ALA,,80,,R,7.066,H,,R,Y,2,0,1,1,A,-,08,22107,,N,B,J,A,A,H,-,C,D,0,,,,,Y,,A,01,1,0,0,0,0,0,0,0,0,"- ","- ",37.884059906005859,-122.30860137939453,ALAMEDA,BERKELEY,-122.30850982666016,37.884071350097656
91928706,2022,2022-11-29,9370,2022-10-14,0530,022830,,5,3,7,0109,0,1,1,,2,052,"I-580 WB","FOOTHILL BLVD",900.00,E,N,A,-,Y,ALA,,580,,R,34.873,H,,L,Y,2,0,1,2,A,-,03,22350,,F,C,C,A,A,H,-,D,D,0,,,,,Y,Y,-,99,1,0,0,0,0,0,0,0,0,"- ","- ",37.735221862792969,-122.13976287841797,ALAMEDA,OAKLAND,-122.14005279541016,37.735179901123047
91929944,2022,2022-11-30,9345,2022-08-11,0145,022662,,4,3,6,0105,0,1,1,,2,070,"I-880 N/B TO FREMONT BLVD (SOUTH)","FREMONT BOULEVARD (SOUTH)",570.00,S,N,A,-,Y,ALA,,880,,,3.146,H,,R,N,1,1,0,2,A,-,08,22107,,F,G,B,E,A,H,-,C,D,0,Y,,,,Y,,-,99,0,0,0,1,0,0,0,0,0,"- ","- ",37.491859436035156,-121.94670867919922,ALAMEDA,FREMONT,-121.94694519042969,37.491664886474609
91948374,2022,2022-12-21,9370,2022-12-03,0105,022529,,6,3,7,0109,0,1,1,,2,177,"I-880 S/B TO 23RD AVENUE","23RD AVENUE",965.00,N,N,B,-,Y,ALA,,880,,,29.164,H,,L,N,2,0,1,2,A,-,01,23152,A,N,D,C,A,A,H,-,C,D,0,,,,,Y,Y,A,07,1,0,0,0,0,0,0,0,0,"- ","- ",37.780258178710938,-122.23860931396484,ALAMEDA,OAKLAND,-122.23846435546875,37.780292510986328
91956309,2022,2022-12-30,9370,2022-12-10,1635,022862,,6,2,7,0109,0,1,1,,2,179,"I-880 N/B TO I-80 E/B","POWELL ST",1696.00,S,N,B,-,Y,ALA,,880,,R,35.613,H,,R,Y,2,0,1,1,A,-,08,22107,,N,E,I,A,B,H,-,A,D,0,,,,Y,Y,,F,25,1,0,0,0,0,0,0,0,0,"- ","- ",37.833648681640625,-122.29425811767578,ALAMEDA,OAKLAND,-122.29435729980469,37.833614349365234
91961584,2022,2023-06-22,9370,2022-12-16,1330,022859,,5,1,6,0106,0,1,S,,2,904,"I-580 W/B","REDWOOD ROAD",2500.00,E,N,A,-,Y,ALA,,580,,R,28.892,H,,R,Y,2,0,1,2,A,-,03,22350,,N,C,C,A,A,H,-,A,D,0,,,,,Y,,A,01,1,0,0,0,0,0,0,0,0,"- ","- ",37.692218780517578,-122.06500244140625,ALAMEDA,HAYWARD,-122.06499481201172,37.692211151123047
91972880,2023,2023-01-20,9345,2023-01-14,1900,022811,,6,2,9,0100,0,1,1,,2,238,"I-238 N/B","E 14TH STREET",1426.00,N,N,B,-,Y,ALA,,238," "," ",15.210,H,,R,Y,2,0,1,2,A,-,01,23152,A,N,C,2,A,B,H,-,C,D,0,,,,,Y,Y,A,01,1,0,0,0,0,0,0,0,0,"- ","- ",37.688770294189453,-122.11100769042969,ALAMEDA,UNINCORPORATED,-122.11100769042969,37.688724517822266
91980882,2023,2023-01-30,9390,2023-01-14,1313,022149,,6,1,9,0100,0,1,1,,2,053,"I-580 WESTBOUND","N. FLYNN ROAD.",2600.00,W,N,B,C,Y,ALA,,580," ",R,6.484,H,,L,Y,2,0,1,1,A,-,01,23152,A,M,E,I,A,B,H,-,A,D,0,,,,,Y,Y,A,01,1,0,0,0,0,0,0,0,0,"- ","- ",37.718318939208984,-121.66944885253906,ALAMEDA,UNINCORPORATED,-121.66947937011719,37.718242645263672
91985288,2022,2023-02-02,9370,2022-12-22,1241,022974,,4,1,7,0109,0,1,1,,2,055,"I-580 E/B FROM MARITIME STREET","MARITIME STREET",1130.00,E,N,A,-,Y,ALA,,580,,,47.152,H,,L,Y,2,0,5,1,A,-,08,22107,,N,E,I,A,A,H,-,A,D,0,,,,,Y,,A,07,1,4,0,0,0,0,0,0,0,"- ","- ",37.825210571289062,-122.30325317382812,ALAMEDA,OAKLAND,-122.30330657958984,37.825420379638672
91985954,2023,2023-02-03,9345,2023-01-25,1120,023093,,3,1,9,0100,0,2,S,,2,012,"HESPERIAN BLVD","PASEO GRANDE AVE",0.00,,Y,A,-,N,,,,,,,,,,Y,2,0,5,3,A,-,12,21453,A,N,D,2,A,A,H,-,A,A,0,,,,,Y,,A,01,1,2,2,0,0,0,0,0,0,"- ","- ",37.679378509521484,-122.12660980224609,ALAMEDA,UNINCORPORATED,-122.1268310546875,37.679344177246094
92017079,2022,2023-03-14,9390,2022-09-10,0543,021817,,6,3,5,0111,0,1,1,,2,066,"INTERSTATE 680 NORTHBOUND","LAGUNA CREEK LANE",446.00,N,N,B,-,Y,ALA,,680,,R,16.055,H,,R,Y,1,1,1,1,A,-,01,23152,A,F,E,J,A,A,D,-,D,A,0,,,,,Y,Y,A,01,0,1,0,0,0,0,0,0,0,"- ","- ",37.648868560791016,-121.89320373535156,ALAMEDA,PLEASANTON,-121.89318084716797,37.648883819580078
92017730,2023,2023-03-14,9390,2023-03-05,1601,022174,,7,2,9,0100,0,1,1,,2,054,"I-580 E/B","GRANT LINE ROAD",1056.00,W,N,A,-,Y,ALA,,580," ",R,1.706,H,,L,Y,2,0,4,8,A,-,03,22350,,N,C,C,A,A,H,-,A,A,0,,,,Y,Y,,A,07,1,3,0,0,0,0,0,0,0,"- ","- ",37.739578247070312,-121.58949279785156,ALAMEDA,UNINCORPORATED,-121.58950805664062,37.739646911621094
92025549,2022,2023-03-22,9370,2022-12-12,0732,019160,,1,1,7,0109,0,1,1,,2,176,"I-880 N/B","98TH AVE",1928.00,N,N,B,-,Y,ALA,,880,,,25.124,H,,R,Y,1,1,0,1,A,-,01,23152,F,N,E,I,A,B,H,-,A,D,0,,,,,Y,,A,01,0,0,0,0,0,0,0,0,0,"- ","- ",37.736309051513672,-122.19230651855469,ALAMEDA,OAKLAND,-122.19239807128906,37.736263275146484
92045354,2022,2023-04-14,9370,2022-10-16,1718,022862,,7,2,7,0109,0,1,1,,2,176,"I-880 S/B","HEGENBERGER RD",2252.00,N,N,A,-,Y,ALA,,880,,,25.942,H,,L,Y,1,1,0,1,A,-,08,22107,,N,E,8,A,A,H,-,A,D,0,,,,,Y,,A,01,0,0,0,0,0,0,0,0,0,"- ","- ",37.74591064453125,-122.20137023925781,ALAMEDA,OAKLAND,-122.20123291015625,37.745983123779297
92048613,2023,2023-04-19,9345,2023-04-13,"550 ",015147,,4,3,9,0100,0,2,S,,2,022,"MEEKLAND AVE.","HOOD ST.",0.00,,Y,A,-,N,,,,,,,,,,N,2,0,2,2,A,-,09,21804,A,N,D,C,A,A,H,-,C,D,0,,,,,Y,,A,07,2,0,0,0,0,0,0,0,0,"- ","- ",37.681369781494141,-122.11383819580078,ALAMEDA,UNINCORPORATED,-122.11380004882812,37.680904388427734
92073073,2023,2023-05-19,9345,2023-05-08,1810,023046,,1,2,5,0112,0,1,S,,2,580,"I-580 W/B","DUTTON AVENUE",100.00,E,N,A,-,Y,ALA,,580," ",R,34.768,H,,L,Y,2,0,1,1,A,-,08,22107,,F,E,8,A,A,H,-,A,D,0,,,,,Y,,A,08,1,0,0,0,0,0,0,0,0,"- ","- ",37.733680725097656,-122.13957977294922,ALAMEDA,"SAN LEANDRO",-122.13970184326172,37.733661651611328
92088187,2023,2023-06-07,9390,2023-05-06,2109,020760,,6,2,9,0100,0,2,4,,2,226,"NORTH LIVERMORE AVENUE","I-580 WESTBOUND",0.00,,Y,B,-,Y,,,,,,,,,,Y,1,1,4,3,A,-,12,21453,A,N,D,C,A,A,H,-,C,A,0,,,,,Y,,A,01,0,1,3,0,0,0,0,0,0,"- ","- ",37.701400756835938,-121.77391815185547,ALAMEDA,UNINCORPORATED,-121.77392578125,37.700965881347656
92089192,2023,2023-06-08,9370,2023-05-26,"525 ",022831,,5,3,6,0103,0,1,1,,2,081,"I-80 WB","UNIVERSITY AVE",1173.00,W,N,A,-,Y,ALA,,80," "," ",5.606,H,,L,N,2,0,1,2,A,-,07,21658,A,N,C,C,A,A,H,-,A,D,0,,,Y,,Y,,A,07,1,0,0,0,0,0,0,0,1,"- ","- ",37.863548278808594,-122.30287933349609,ALAMEDA,BERKELEY,-122.30296325683594,37.863533020019531
9210005,2020,2021-01-12,0109,2020-10-22,0730,8881,1,4,5,7,0109,0,0,0,,0,14X,"GRAND AV","PERKINS ST",0.00,,Y,A,-,N,,,,,,,,,,N,2,0,1,2,A,-,11,21950,B,N,G,B,D,A,H,-,A,A,0,Y,,,,Y,,N,60,1,0,0,0,1,0,0,0,0,"- ","- ",,,ALAMEDA,OAKLAND,-122.25611877441406,37.808948516845703
92102448,2023,2023-06-26,9390,2023-06-17,"730 ",019612,,6,1,5,0111,0,1,1,,2,051,"I-580 E/B","SANTA RITA RD.",600.00,W,N,A,-,Y,ALA,,580," "," ",18.127,H,,L,Y,2,0,2,3,C,-,18,,,N,C,C,A,A,H,-,A,D,0,,,,Y,Y,,-,"- ",1,0,1,0,0,0,0,0,0,"- ","- ",37.701271057128906,-121.87538909912109,ALAMEDA,PLEASANTON,-121.87538909912109,37.701389312744141
9211445,2020,2022-06-11,0106,2020-07-23,0105,497,,4,5,6,0106,0,0,0,,0,00D,"HESPERIAN BL","WEST ST",143.00,N,N,A,-,N,,,,,,,,,,Y,1,2,0,1,A,-,07,21658,A,N,A,I,A,-,H,-,C,A,0,,,,,Y,,A,01,0,0,0,0,0,0,0,0,0,"- ","- ",37.647178649902344,-122.10624694824219,ALAMEDA,HAYWARD,-122.10751342773438,37.648334503173828
92128057,2023,2023-07-27,9345,2023-07-21,1745,022870,,5,2,9,0100,0,2,S,,2,022,"BLOSSOM WAY","SANTOS ST",145.00,E,N,A,-,N,,,,,,,,,,Y,2,0,2,2,A,-,01,23152,A,N,B,C,A,A,H,-,A,D,0,,,Y,,Y,Y,C,02,2,0,0,0,0,0,0,0,2,"- ","- ",37.678611755371094,-122.10308837890625,ALAMEDA,UNINCORPORATED,-122.10315704345703,37.678615570068359
92140398,2023,2023-08-10,9345,2023-07-21,1650,022752,,5,2,6,0106,0,1,1,,2,073,"I-880 N/B","A"" STREET""",18.00,S,N,A,-,Y,ALA,,880," "," ",18.360,H,,R,Y,2,0,1,2,A,-,08,22107,,F,B,8,A,A,H,-,A,D,0,,,Y,,Y,Y,-,99,1,0,0,0,0,0,0,0,1,"- ","- ",37.666191101074219,-122.10752868652344,ALAMEDA,HAYWARD,-122.10741424560547,37.666233062744141
92158979,2023,2023-08-30,9345,2023-08-24,1235,015147,,4,1,9,0100,0,2,S,,2,045,"CROW CANYON RD.","NORRIS CANYON RD.",6072.00,S,N,A,-,N,,,,,,,,,,N,2,0,1,2,A,-,21,22106,,N,C,C,A,A,H,-,A,D,0,,,Y,,Y,,A,07,1,0,0,0,0,0,0,0,1,"- ","- ",37.723419189453125,-122.03690338134766,ALAMEDA,UNINCORPORATED,-122.0379638671875,37.717880249023438
92160190,2023,2023-08-31,9345,2023-08-23,"530 ",019329,,3,3,9,0100,0,1,S,,2,581,"I-580 E/B","OLD DUBLIN ROAD",350.00,E,N,A,-,Y,ALA,,580," ",R,27.444,H,,L,Y,2,0,1,1,A,-,03,22350,,N,E,9,A,A,H,-,C,D,0,,,Y,,Y,,C,02,1,0,0,0,0,0,0,0,1,"- ","- ",37.698261260986328,-122.04183959960938,ALAMEDA,UNINCORPORATED,-122.04183959960938,37.698257446289062
92165433,2023,2023-09-08,9370,2023-07-27,2155,022821,,4,2,7,0109,0,1,1,,2,054,"I-580 E/B","LAKESHORE AVENUE",200.00,W,N,A,-,Y,ALA,,580," "," ",43.553,H,,R,Y,2,0,1,1,A,-,01,23152,A,N,E,I,A,D,H,-,C,D,0,,,,,Y,Y,A,07,1,0,0,0,0,0,0,0,0,"- ","- ",37.809978485107422,-122.24736785888672,ALAMEDA,OAKLAND,-122.24732971191406,37.810073852539062
92173675,2023,2023-09-19,9370,2023-08-14,2340,022838,,1,3,2,0104,0,1,1,,2,080,"I-80 E/B","POWELL STREET",650.00,E,N,A,-,Y,ALA,,80," "," ",3.948,H,,R,Y,2,0,1,3,A,-,08,22107,,N,B,C,A,A,H,-,C,D,0,,,,Y,Y,,A,01,1,0,0,0,0,0,0,0,0,"- ","- ",37.840141296386719,-122.29686737060547,ALAMEDA,EMERYVILLE,-122.29689025878906,37.840137481689453
92185442,2023,2023-10-02,9345,2023-09-15,"152 ",023361,,5,3,6,0106,0,1,1,,2,073,"I-880 S/B TO SR-92 W/B",SR-92,1056.00,N,N,A,-,Y,ALA,,880," "," ",16.899,H,,L,Y,2,0,1,2,A,-,03,22350,,N,B,C,A,A,H,-,C,D,0,,,Y,,Y,,C,02,1,0,0,0,0,0,0,0,1,"- ","- ",37.647159576416016,-122.095947265625,ALAMEDA,HAYWARD,-122.09574890136719,37.647247314453125
92194559,2023,2023-10-09,9390,2023-09-19,"525 ",018351,,2,3,5,0107,0,1,1,,2,053,"I-580 WESTBOUND","VASCO ROAD",1214.00,W,N,A,-,Y,ALA,,580," "," ",9.932,H,,L,N,2,0,3,3,A,-,08,22107,,N,B,C,A,A,H,-,B,D,0,,,,,Y,,A,01,2,0,1,0,0,0,0,0,0,"- ","- ",37.707401275634766,-121.72795104980469,ALAMEDA,LIVERMORE,-121.72782897949219,37.707221984863281
92196997,2023,2023-10-12,9345,2023-10-03,1834,023487,,2,2,9,0100,0,2,S,,2,010,"GRANT AVENUE","VIA SECO",0.00,,Y,A,-,N,,,,,,,,,,Y,2,0,1,2,A,-,01,23152,A,N,B,C,A,A,H,-,A,A,0,,,,,Y,Y,A,07,1,0,0,0,0,0,0,0,0,"- ","- ",37.676769256591797,-122.14383697509766,ALAMEDA,UNINCORPORATED,-122.143798828125,37.676708221435547
92197422,2023,2023-10-12,9345,2023-05-17,"23  ",022705,,3,3,6,0105,0,1,1,,2,071,"INTERSTATE 880 NORTHBOUND (NIMITZ FREEWAY)","MOWRY AVENUE",2472.00,N,N,A,-,Y,ALA,,880," "," ",7.649,H,,R,N,1,1,0,2,A,-,00,21960,A,N,G,B,E,A,H,-,C,D,0,Y,,,,Y,,N,60,0,0,0,1,0,0,0,0,0,"- ","- ",37.533679962158203,-122.00900268554688,ALAMEDA,FREMONT,-122.00901794433594,37.533664703369141
92222493,2023,2023-10-30,9370,2023-10-01,"116 ",022981,,7,3,7,0109,0,1,1,,2,177,"I-880 N/B","16TH AVE",1670.00,S,N,A,-,Y,ALA,,880," "," ",29.380,H,,R,Y,2,0,2,2,A,-,01,23152,A,N,A,2,A,A,H,-,B,D,0,,,,,Y,Y,A,01,2,0,0,0,0,0,0,0,0,"- ","- ",37.783309936523438,-122.24005889892578,ALAMEDA,OAKLAND,-122.24002838134766,37.783332824707031
92224667,2023,2023-10-31,9345,2023-10-24,"550 ",021936,,2,3,9,0100,0,2,S,,2,020,"E LEWELLING BOULEVARD","E LEWELLING BOULEVARD TO I-238 SB",0.00,,Y,A,-,N,,,,,,,,,,Y,2,0,2,2,A,-,17,21451,A,N,A,C,A,A,H,-,B,A,0,,,Y,,Y,,A,01,1,0,1,0,0,0,0,0,1,"- ","- ",37.687839508056641,-122.10724639892578,ALAMEDA,UNINCORPORATED,-122.12319946289062,37.686725616455078
92254007,2023,2023-12-06,9345,2023-11-28,1510,022259,,2,2,6,0106,0,1,1,,2,073,"I-880 SOUTHBOUND (NIMITZ FREEWAY)","TENNYSON ROAD",15.00,N,N,A,-,Y,,,,,,,,,,N,2,0,1,2,A,-,07,21658,A,N,C,C,A,A,H,-,A,D,0,,,Y,,Y,,D,22,1,0,0,0,0,0,0,0,1,"- ","- ",36.631679534912109,-122.08454895019531,ALAMEDA,HAYWARD,-122.08454895019531,37.631607055664062
92261179,2023,2023-12-13,9345,2023-11-30,1848,022904,,4,2,5,0112,0,1,1,,2,075,"INTERSTATE 880 SOUTHBOUND (NIMITZ FREEWAY)","FLORESTA BLVD",120.00,S,N,A,-,Y,ALA,,880," "," ",21.528,H,,L,N,2,0,1,2,A,-,11,21954,A,N,G,B,E,A,H,-,C,D,0,Y,,,,Y,,N,60,1,0,0,0,1,0,0,0,0,"- ","- ",37.697971343994141,-122.14869689941406,ALAMEDA,"SAN LEANDRO",-122.14869689941406,37.697975158691406
92262033,2023,2023-12-14,9345,2023-12-06,1750,022944,,3,2,9,0100,0,2,S,,2,031,"REDWOOD ROAD","GROVE WAY",210.00,N,N,B,-,N,,,,,,,,,,N,2,0,1,2,A,-,11,21954,A,N,G,1,D,B,H,-,C,A,0,Y,,,,Y,,N,60,1,0,0,0,1,0,0,0,0,"- ","- ",37.684970855712891,-122.07359313964844,ALAMEDA,UNINCORPORATED,-122.07353973388672,37.684795379638672
9226333,2021,2021-03-20,0106,2021-01-05,1808,305,,2,5,6,0106,0,0,0,,0,00H,MISSION,"HANCOCK ST",926.00,,N,A,-,N,,,,,,,,,,Y,2,0,1,2,A,-,01,23152,A,N,A,E,A,A,H,-,C,D,0,,,,,Y,Y,-,,1,0,0,0,0,0,0,0,0,"- ","- ",37.640701293945312,-122.05912017822266,ALAMEDA,HAYWARD,-122.05693054199219,37.638820648193359
9227696,2021,2021-03-25,0109,2021-01-21,0240,9385,1,4,5,7,0109,0,0,0,,0,05X,"W GRAND AV","FRONTAGE RD",0.00,,Y,A,-,N,,,,,,,,,,Y,2,0,1,2,A,-,01,23152,A,N,D,C,A,A,H,-,C,A,0,,,,,Y,Y,A,01,1,0,0,0,0,0,0,0,0,"- ","- ",,,ALAMEDA,OAKLAND,-122.29411315917969,37.819107055664062
92303278,2024,2024-02-01,9345,2024-01-24,1750,023460,,3,2,9,0100,0,2,S,,2,023,"164TH AVENUE","MATEO STREET",80.00,E,N,A,-,N,,,,,,,,,,N,2,0,1,2,A,-,11,21955,,N,G,B,D,B,H,-,C,A,0,Y,,,,Y,,N,60,1,0,0,0,1,0,0,0,0,"- ","- ",37.696128845214844,-122.11199188232422,ALAMEDA,UNINCORPORATED,-122.11193084716797,37.696109771728516
92307727,2024,2024-02-07,9390,2024-01-30,"628 ",019612,,2,1,5,0107,0,1,1,,2,052,"I-580 WESTBOUND","PORTOLA AVE. OVERCROSSING",314.00,E,N,A,-,Y,ALA,,580," "," ",13.141,H,,L,Y,2,0,1,3,A,-,07,21658,A,N,C,C,A,A,H,-,D,D,0,,,Y,,Y,,C,02,1,0,0,0,0,0,0,0,1,"- ","- ",37.699821472167969,-121.78453826904297,ALAMEDA,LIVERMORE,-121.78452301025391,37.699680328369141