CASE_ID,ACCIDENT_YEAR,PROC_DATE,JURIS,COLLISION_DATE,COLLISION_TIME,OFFICER_ID,REPORTING_DISTRICT,DAY_OF_WEEK,CHP_SHIFT,POPULATION,CNTY_CITY_LOC,SPECIAL_COND,BEAT_TYPE,CHP_BEAT_TYPE,CITY_DIVISION_LAPD,CHP_BEAT_CLASS,BEAT_NUMBER,PRIMARY_RD,SECONDARY_RD,DISTANCE,DIRECTION,INTERSECTION,WEATHER_1,WEATHER_2,STATE_HWY_IND,CALTRANS_COUNTY,CALTRANS_DISTRICT,STATE_ROUTE,ROUTE_SUFFIX,POSTMILE_PREFIX,POSTMILE,LOCATION_TYPE,RAMP_INTERSECTION,SIDE_OF_HWY,TOW_AWAY,COLLISION_SEVERITY,NUMBER_KILLED,NUMBER_INJURED,PARTY_COUNT,PRIMARY_COLL_FACTOR,PCF_CODE_OF_VIOL,PCF_VIOL_CATEGORY,PCF_VIOLATION,PCF_VIOL_SUBSECTION,HIT_AND_RUN,TYPE_OF_COLLISION,MVIW,PED_ACTION,ROAD_SURFACE,ROAD_COND_1,ROAD_COND_2,LIGHTING,CONTROL_DEVICE,CHP_ROAD_TYPE,PEDESTRIAN_ACCIDENT,BICYCLE_ACCIDENT,MOTORCYCLE_ACCIDENT,TRUCK_ACCIDENT,NOT_PRIVATE_PROPERTY,ALCOHOL_INVOLVED,STWD_VEHTYPE_AT_FAULT,CHP_VEHTYPE_AT_FAULT,COUNT_SEVERE_INJ,COUNT_VISIBLE_INJ,COUNT_COMPLAINT_PAIN,COUNT_PED_KILLED,COUNT_PED_INJURED,COUNT_BICYCLIST_KILLED,COUNT_BICYCLIST_INJURED,COUNT_MC_KILLED,COUNT_MC_INJURED,PRIMARY_RAMP,SECONDARY_RAMP,LATITUDE,LONGITUDE,COUNTY,CITY,POINT_X,POINT_Y
94476524,2024,2024-11-20,9345,2024-05-09,1132,019841,,4,1,6,0106,0,1,1,,2,072,"I-880 N/B","WHIPPLE ROAD",450.00,S,N,A,-,Y,ALA,,880," "," ",13.593,H,,R,Y,1,1,1,3,A,-,03,22350,,N,C,C,A,A,H,-,A,D,0,,,,,Y,,A,07,0,1,0,0,0,0,0,0,0,"- ","- ",37.605678558349609,-122.06581115722656,ALAMEDA,HAYWARD,-122.06572723388672,37.605716705322266
9449882,2022,2022-06-30,0109,2022-03-17,1707,9953,2,4,5,7,0109,0,0,0,,0,33X,"SAN LEANDRO ST","98TH AV",0.00,,Y,A,-,N,,,,,,,,,,N,2,0,1,2,A,-,17,21235,G,N,D,C,A,A,H,-,A,A,0,,,Y,,Y,,C,03,1,0,0,0,0,0,0,0,1,"- ","- ",,,ALAMEDA,OAKLAND,-122.17976379394531,37.739177703857422
9450419,2022,2022-06-03,0109,2022-04-26,0905,9963,2,2,5,7,0109,0,0,0,,0,26X,"HIGH ST","TIDEWATER AV",0.00,,Y,A,-,N,,,,,,,,,,N,2,0,1,2,A,-,03,22350,,N,G,G,A,A,H,-,A,D,0,,Y,,,Y,,A,01,1,0,0,0,0,0,1,0,0,"- ","- ",,,ALAMEDA,OAKLAND,-122.22377014160156,37.765602111816406
9451016,2022,2022-06-27,0109,2022-05-15,0728,9742,1,7,5,7,0109,0,0,0,,0,03X,"7TH ST",BROADWAY,0.00,,Y,A,-,N,,,,,,,,,,Y,2,0,2,4,A,-,12,21453,A,N,A,C,A,A,H,-,B,A,0,,,,,Y,,A,01,1,1,0,0,0,0,0,0,0,"- ","- ",,,ALAMEDA,OAKLAND,-122.27419281005859,37.799488067626953
9452143,2022,2022-06-02,0103,2022-04-14,2004,34,,4,5,6,0103,0,0,0,,0,003,UNIVERSITY,"MARTIN LUTHER KING JR",0.00,,Y,C,-,N,,,,,,,,,,N,2,0,1,2,A,-,10,21950,A,N,G,B,B,A,H,-,C,A,0,Y,,,,Y,,A,01,1,0,0,0,1,0,0,0,0,"- ","- ",37.871559143066406,-122.27300262451172,ALAMEDA,BERKELEY,-122.27300262451172,37.871524810791016
94530319,2024,2025-01-08,9390,2024-09-21,2010,023012,,6,2,5,0107,0,1,1,,2,052,"I-580 EASTBOUND","FIRST STREET",1320.00,W,N,A,-,Y,ALA,,580," "," ",11.246,H,,L,N,1,1,0,2,C,-,18,,,F,H,A,A,A,H,-,D,D,0,,,,,Y,,-,"- ",0,0,0,0,0,0,0,0,0,"- ","- ",37.702438354492188,-121.75044250488281,ALAMEDA,LIVERMORE,-121.75043487548828,37.702564239501953
94544503,2025,2025-01-21,9345,2025-01-13,"922 ",019204,,1,1,9,0100,0,2,S,,2,012,"HESPERIAN BLVD.","HACIENDA AVE.",0.00,,Y,A,-,N,,,,,,,,,,N,2,0,1,2,C,-,18,,,N,D,A,A,A,H,-,A,A,0,,Y,,,Y,Y,-,"- ",1,0,0,0,0,0,1,0,0,"- ","- ",37.674251556396484,-122.12359619140625,ALAMEDA,UNINCORPORATED,-122.12355804443359,37.674217224121094
94574417,2024,2025-02-11,9370,2024-08-29,2327,023475,,4,3,7,0109,0,1,1,,2,052,"I-580 W/B","106TH AVENUE",1450.00,W,N,A,-,Y,ALA,,580," ",R,36.009,H,,R,Y,1,1,0,3,A,-,03,22350,,N,E,I,A,A,H,-,C,D,0,,,,,Y,,A,01,0,0,0,0,0,0,0,0,0,"- ","- ",37.749008178710938,-122.15062713623047,ALAMEDA,OAKLAND,-122.1507568359375,37.748970031738281
94596443,2025,2025-03-04,9345,2025-02-21,1627,023432,,5,2,9,0100,0,2,S,,2,012,"HESPERIAN BLVD","PASEO GRANDE",0.00,,Y,A,-,N,,,,,,,,,,N,2,0,1,2,A,-,06,21755,A,N,D,2,A,A,H,-,A,A,0,,,Y,,Y,,C,02,1,0,0,0,0,0,0,0,1,"- ","- ",37.679409027099609,-122.12657928466797,ALAMEDA,UNINCORPORATED,-122.1268310546875,37.679344177246094
94597020,2025,2025-03-05,9390,2025-02-13,"655 ",024315,,4,1,6,0105,0,1,1,,2,064,"I-680 NORTHBOUND","AUTO MALL PARKWAY",3010.00,S,N,B,C,Y,ALA,,680," ",M,3.427,H,,R,Y,2,0,2,4,A,-,03,22350,,N,C,C,A,B,H,-,A,D,0,,,,,Y,,A,01,1,0,1,0,0,0,0,0,0,"- ","- ",37.506980895996094,-121.9351806640625,ALAMEDA,FREMONT,-121.93514251708984,37.506992340087891
94625524,2025,2025-03-25,9390,2025-03-12,1451,021649,,3,2,4,0198,0,1,1,,2,067,"I-680 N/B","DUBLIN BOULEVARD",500.00,N,N,B,C,Y,ALA,,680," ",R,20.506,H,,R,N,2,0,1,2,A,-,03,22350,,N,D,C,A,B,H,-,A,D,0,,,,,Y,,A,07,1,0,0,0,0,0,0,0,0,"- ","- ",37.706798553466797,-121.92619323730469,ALAMEDA,DUBLIN,-121.92618560791016,37.706802368164062
94626704,2025,2025-03-26,9370,2025-03-13,1815,023347,,4,2,7,0109,0,1,1,,2,053,"I-580 W/B","14TH AVE",130.00,E,N,A,-,Y,ALA,,580," ",R,42.041,H,,L,N,2,0,1,1,A,-,03,22350,,F,E,I,A,A,H,-,A,D,0,,,,,Y,,A,01,1,0,0,0,0,0,0,0,0,"- ","- ",37.800350189208984,-122.22624206542969,ALAMEDA,OAKLAND,-122.22627258300781,37.800258636474609
94637570,2025,2025-04-04,9345,2025-01-02,2348,023591,,4,3,6,0105,0,1,1,,2,071,"I-880 SOUTHBOUND","THORNTON AVENUE",1843.00,N,N,A,-,Y,ALA,,880," "," ",9.246,H,,L,Y,1,1,0,1,A,-,01,23152,F,N,E,I,A,A,H,-,D,D,0,,,,,Y,,A,07,0,0,0,0,0,0,0,0,0,"- ","- ",37.551498413085938,-122.02674865722656,ALAMEDA,FREMONT,-122.02667999267578,37.551532745361328
9464167,2022,2023-03-21,0109,2022-01-19,2150,8881,2,3,5,7,0109,0,0,0,,0,30X,"75TH AV","GARFIELD AV",305.00,N,N,A,-,N,,,,,,,,,,Y,1,1,0,1,A,-,01,23152,F,N,E,I,A,A,H,-,A,D,0,,,,,Y,,-,,0,0,0,0,0,0,0,0,0,"- ","- ",,,ALAMEDA,OAKLAND,-122.17363739013672,37.766254425048828
9464292,2022,2023-04-27,0105,2022-05-20,1543,14306,1018,5,5,6,0105,0,0,0,,0,003,"MONTROSE AV","JAMESTOWN RD",0.00,,Y,A,-,N,,,,,,,,,,Y,1,1,0,2,A,-,09,21802,A,N,D,G,A,A,H,-,A,A,0,,Y,,,Y,,L,04,0,0,0,0,0,1,0,0,0,"- ","- ",,,ALAMEDA,FREMONT,-121.95133209228516,37.515537261962891
94646559,2025,2025-04-11,9390,2025-03-31,1055,019780,,1,1,9,0100,0,2,4,,2,220,"DUBLIN CANYON ROAD (7900 BLOCK)","EDEN CANYON ROAD",1389.00,E,N,B,C,Y,ALA,,580," ",R,25.901,H,,L,Y,2,0,1,1,C,-,18,,,N,E,I,A,B,H,-,A,D,0,,,,,Y,,-,"- ",1,0,0,0,0,0,0,0,0,"- ","- ",37.702728271484375,-122.01526641845703,ALAMEDA,UNINCORPORATED,-122.01527404785156,37.702762603759766
94669230,2025,2025-04-29,9370,2025-04-13,"230 ",023275,,7,3,7,0109,0,1,3,,2,013,"SR-13 SOUTHBOUND","LA SALLE AVE",290.00,S,N,A,-,Y,ALA,,13," "," ",7.692,H,,L,N,2,0,3,2,A,-,01,23152,A,N,E,I,A,A,H,-,D,D,0,,,,,Y,Y,A,07,2,1,0,0,0,0,0,0,0,"- ","- ",37.825210571289062,-122.21024322509766,ALAMEDA,OAKLAND,-122.21028900146484,37.825187683105469
94670937,2025,2025-05-29,9345,2025-04-18,1328,023046,,5,1,9,0100,0,1,1,,2,074,"I-880 N/B","PASEO GRANDE",190.00,N,N,A,-,Y,ALA,,880," "," ",19.807,H,,R,N,2,0,1,2,A,-,07,21658,A,N,B,C,A,A,H,-,A,D,0,,,Y,,Y,,A,07,1,0,0,0,0,0,0,0,1,"- ","- ",37.681800842285156,-122.12477111816406,ALAMEDA,UNINCORPORATED,-122.12477874755859,37.681793212890625
9467541,2023,2023-02-16,0109,2023-01-02,2113,9727,2,1,5,7,0109,0,0,0,,0,34X,"INTERNATIONAL BL","91ST AV",10.00,E,N,C,-,N,,,,,,,,,,N,2,0,4,3,A,-,03,22350,,M,B,C,A,B,H,-,C,A,0,,,,,Y,,A,07,1,3,0,0,0,0,0,0,0,"- ","- ",,,ALAMEDA,OAKLAND,-122.17410278320312,37.749114990234375
94686971,2025,2025-05-14,9370,2025-05-10,"338 ",023542,,6,3,7,0109,0,1,1,,2,177,"I-880 N/B TO 5TH AVENUE","5TH AVENUE",475.00,S,N,A,-,Y,ALA,,880," "," ",30.491,H,,R,Y,2,0,2,1,A,-,01,23152,A,N,E,I,A,A,H,-,C,D,0,,,,,Y,Y,A,01,2,0,0,0,0,0,0,0,0,"- ","- ",37.7901611328125,-122.25832366943359,ALAMEDA,OAKLAND,-122.25834655761719,37.790073394775391
94695206,2025,2025-05-21,9370,2025-05-13,2335,024455,,2,3,2,0104,0,1,1,,2,080,"I-80 E/B","POWELL ST",570.00,W,N,A,-,Y,ALA,,80," "," ",3.709,H,,R,N,2,0,1,2,A,-,11,21954,A,F,G,B,E,A,H,-,D,D,0,Y,,,,Y,Y,N,60,1,0,0,0,1,0,0,0,0,"- ","- ",37.83673095703125,-122.29604339599609,ALAMEDA,EMERYVILLE,-122.29592895507812,37.836769104003906
94716386,2025,2025-06-06,9345,2025-05-30,1955,022977,,5,2,5,0112,0,1,1,,2,075,"I-880 SOUTHBOUND FROM MARINA BOULEVARD EASTBOUND","MARINA BOULEVARD",387.00,S,N,A,-,Y,,,,,,,,,,Y,2,0,3,1,A,-,03,22350,,N,E,I,A,A,H,-,A,D,0,,,,,Y,,A,01,2,0,1,0,0,0,0,0,0,"- ","- ",37.709388732910156,-122.16645050048828,ALAMEDA,"SAN LEANDRO",-122.16592407226562,37.709877014160156
94720171,2025,2025-06-10,9345,2025-05-30,1924,024002,,5,2,9,0100,0,2,S,,2,003,"NUNES AVENUE","NORBRIDGE AVENUE",0.00,,Y,A,-,N,,,,,,,,,,N,2,0,1,2,A,-,08,22107,,N,D,C,A,A,H,-,A,D,0,,,Y,,Y,,C,02,1,0,0,0,0,0,0,0,1,"- ","- ",37.691108703613281,-122.08197021484375,ALAMEDA,UNINCORPORATED,-122.08200836181641,37.69110107421875
9474446,2022,2022-07-06,0106,2022-05-15,2325,395,,7,5,6,0106,0,0,0,,0,00H,"DIXON ST","WEST TENNYSON RD",0.00,,Y,A,-,N,,,,,,,,,,Y,2,0,1,2,A,-,01,23152,A,M,F,E,A,A,H,-,C,A,0,,,,,Y,Y,A,07,1,0,0,0,0,0,0,0,0,"- ","- ",37.636001586914062,-122.05642700195312,ALAMEDA,HAYWARD,-122.05644226074219,37.635948181152344
94755282,2025,2025-07-09,9370,2025-06-27,2100,023795,,5,2,7,0109,0,1,1,,2,052,"I-580 E/B","GOLF LINKS RD",2199.00,W,N,A,-,Y,ALA,,580," ",R,36.800,H,,R,Y,2,0,1,2,A,-,01,23152,A,N,E,I,A,A,H,-,C,D,0,,,,,Y,Y,D,22,1,0,0,0,0,0,0,0,0,"- ","- ",37.759281158447266,-122.14788818359375,ALAMEDA,OAKLAND,-122.14779663085938,37.759288787841797
94780093,2025,2025-07-30,9370,2025-03-30,1451,023870,,7,2,7,0109,0,1,1,,2,053,"I-580 W/B","FRUITVALE AVENUE",226.00,W,N,A,-,Y,ALA,,580," ",R,41.569,H,,R,Y,1,1,2,1,A,-,01,23152,F,N,E,I,A,A,H,-,A,D,0,,,,,Y,,A,07,2,0,0,0,0,0,0,0,0,"- ","- ",37.798690795898438,-122.21772766113281,ALAMEDA,OAKLAND,-122.21776580810547,37.798603057861328
9488731,2022,2022-08-25,0103,2022-07-14,1239,112,,4,5,6,0103,0,0,0,,0,003,"MARTIN LUTHER KING JR",BERKELEY,0.00,,Y,A,-,N,,,,,,,,,,N,2,0,1,2,A,-,10,21950,A,N,G,B,B,A,H,-,A,A,0,Y,,,,Y,,A,07,1,0,0,0,1,0,0,0,0,"- ","- ",37.872451782226562,-122.27307891845703,ALAMEDA,BERKELEY,-122.27310943603516,37.872451782226562
9498311,2022,2022-10-18,0109,2022-09-08,2207,9641,2,4,5,7,0109,0,0,0,,0,32Y,"98TH AV","THERMAL ST",0.00,,Y,A,-,N,,,,,,,,,,N,2,0,1,2,A,-,09,21802,A,M,B,C,A,A,H,-,C,D,0,,,Y,,Y,,A,01,1,0,0,0,0,0,0,0,1,"- ","- ",,,ALAMEDA,OAKLAND,-122.15795135498047,37.750339508056641
9500665,2022,2022-10-12,0109,2022-05-01,0016,9842,2,7,5,7,0109,0,0,0,,0,32X,"INTERNATIONAL BL","103RD AV",121.00,W,N,-,-,N,,,,,,,,,,N,2,0,1,2,A,-,11,21954,A,N,G,B,D,A,H,-,C,A,0,Y,,,,Y,,N,60,1,0,0,0,1,0,0,0,0,"- ","- ",,,ALAMEDA,OAKLAND,-122.16815185546875,37.741214752197266
9501628,2022,2022-10-20,0103,2022-09-21,1819,S29,,3,5,6,0103,0,0,0,,0,015,"GILMAN AV",9TH,0.00,,Y,A,-,N,,,,,,,,,,N,2,0,1,2,A,-,10,21950,A,N,G,B,B,A,H,-,A,A,0,Y,,,,Y,,D,23,1,0,0,0,1,0,0,0,0,"- ","- ",,,ALAMEDA,BERKELEY,-122.29808807373047,37.880020141601562
9502066,2022,2022-11-22,0103,2022-09-03,1222,112,,6,5,6,0103,0,0,0,,0,006,CHANNING,COLLEGE,0.00,,Y,A,-,N,,,,,,,,,,N,2,0,1,2,A,-,12,21453,A,N,D,C,A,A,H,-,A,A,0,,,,,Y,,M,94,1,0,0,0,0,0,0,0,0,"- ","- ",37.867488861083984,-122.2542724609375,ALAMEDA,BERKELEY,-122.25428771972656,37.867481231689453
9511187,2022,2023-02-01,0108,2022-12-19,1729,11366,40,1,5,4,0108,0,0,0,,0,002,"JOAQUIN MURIETA AV","CEDAR BL",594.00,W,N,A,-,N,,,,,,,,,,N,2,0,1,2,A,-,10,21952,,N,G,B,F,A,H,-,C,D,0,Y,,,,Y,,A,08,1,0,0,0,1,0,0,0,0,"- ","- ",37.519390106201172,-121.99756622314453,ALAMEDA,NEWARK,-121.99809265136719,37.520778656005859
9519137,2022,2023-02-09,0103,2022-12-31,1700,87,17,6,5,6,0103,0,0,0,,0,001,SHATTUCK,CEDAR,0.00,,Y,C,-,N,,,,,,,,,,N,2,0,1,2,B,-,22,,,N,G,B,F,B,G,-,D,D,0,Y,,,,Y,,A,01,1,0,0,0,1,0,0,0,0,"- ","- ",37.878768920898438,-122.26997375488281,ALAMEDA,BERKELEY,-122.26914215087891,37.878406524658203
9520321,2021,2023-06-20,0109,2021-06-27,0519,8483,2,7,5,7,0109,0,0,0,,0,27X,"INTERNATIONAL BL (RT 185)","65TH AV",170.00,W,N,A,-,Y,ALA,4,185,-,-,9.220,H,-,S,Y,1,1,0,2,A,-,01,23152,F,N,D,E,A,A,H,-,C,D,0,,,,,Y,,A,01,0,0,0,0,0,0,0,0,0,"- ","- ",,,ALAMEDA,OAKLAND,-122.19538879394531,37.763088226318359
9520556,2023,2023-05-30,0109,2023-01-26,1849,9372,2,4,5,7,0109,0,0,0,,0,25X,"HIGH ST","RT 580",0.00,,Y,A,-,Y,ALA,4,580,-,R,40.191,R,3,W,N,1,1,0,1,A,-,03,22350,,N,H,A,A,A,H,-,C,D,0,,Y,,,Y,,L,04,0,0,0,0,0,1,0,0,0,"- ","- ",,,ALAMEDA,OAKLAND,-122.1976318359375,37.787517547607422
9526945,2023,2023-04-07,0111,2023-02-14,2055,347,,2,5,5,0111,0,0,0,,0,003,"VALLEY AV","GATE 12",356.00,S,N,B,-,N,,,,,,,,,,Y,2,0,1,1,A,-,08,22107,,N,E,I,A,A,H,-,C,D,0,,,,,Y,,D,22,1,0,0,0,0,0,0,0,0,"- ","- ",,,ALAMEDA,PLEASANTON,-121.89524841308594,37.654960632324219
9528791,2022,2022-12-12,0103,2022-10-03,1136,33,28,1,5,6,0103,0,0,0,,0,006,BANCROFT,"FULTON ST",297.00,E,N,A,-,N,,,,,,,,,,N,2,0,1,2,A,-,00,21294,C,N,E,J,A,A,C,-,A,D,0,,,,Y,Y,,M,94,1,0,0,0,0,0,0,0,0,"- ","- ",37.867618560791016,-122.26429748535156,ALAMEDA,BERKELEY,-122.26491546630859,37.867988586425781
9531177,2022,2022-12-22,0113,2022-10-16,1117,4844,R141,7,5,5,0113,0,0,0,,0,005,"HORNER ST","BARRONS WY",0.00,,Y,A,-,N,,,,,,,,,,Y,2,0,1,2,A,-,12,22450,A,N,B,D,A,A,H,-,A,A,0,,,Y,,Y,,C,02,1,0,0,0,0,0,0,0,1,"- ","- ",,,ALAMEDA,"UNION CITY",-122.08367919921875,37.595485687255859
9531336,2022,2022-12-21,0112,2022-11-01,2223,407,,2,5,5,0112,0,0,0,,0,002,"BANCROFT AV","DOLORES AV",0.00,,Y,A,-,N,,,,,,,,,,Y,2,0,3,2,A,-,05,21651,A,N,A,C,A,A,A,H,C,A,0,,,,,Y,,-,,1,0,2,0,0,0,0,0,0,"- ","- ",,,ALAMEDA,"SAN LEANDRO",-122.14670562744141,37.724498748779297
9537393,2022,2023-01-06,0103,2022-11-29,1515,25,,2,5,6,0103,0,0,0,,0,006,"PARKER AV","BENVENUE AV",0.00,,Y,A,-,N,,,,,,,,,,N,2,0,1,2,A,-,08,22107,,N,H,G,A,A,H,-,A,D,0,,Y,,,Y,,A,01,1,0,0,0,0,0,1,0,0,"- ","- ",37.863529205322266,-122.25499725341797,ALAMEDA,BERKELEY,-122.25499725341797,37.863529205322266
9539581,2022,2023-01-20,0109,2022-06-05,0305,9942,1,7,5,7,0109,0,0,0,,0,08X,"W GRAND AV","MARITIME AV",0.00,,Y,C,-,N,,,,,,,,,,N,2,0,1,2,A,-,08,22107,,F,E,I,C,B,H,-,C,A,0,Y,,,,Y,,A,01,1,0,0,0,1,0,0,0,0,"- ","- ",,,ALAMEDA,OAKLAND,-122.30042266845703,37.822643280029297
9541757,2022,2023-01-25,0100,2022-12-13,1741,2254,DUBLI,2,5,4,0198,0,0,0,,0,073,"HACIENDA DR","MARTINELLI WY",0.00,,Y,A,-,N,,,,,,,,,,N,2,0,1,2,A,-,10,21950,A,N,G,B,B,A,H,-,C,A,0,Y,,,,Y,,A,08,1,0,0,0,1,0,0,0,0,"- ","- ",,,ALAMEDA,DUBLIN,-121.88827514648438,37.704616546630859
9561689,2023,2023-03-28,0103,2023-02-22,"748 ",112,,3,5,6,0103,0,0,0,,0,007,"WARRING ST","PIEDMONT CRES",0.00,,Y,A,-,N,,,,,,,,,,N,2,0,1,2,A,-,17,21235,G,N,D,C,A,A,H,-,A,A,0,,,,,Y,,M,94,1,0,0,0,0,0,0,0,0,"- ","- ",37.865940093994141,-122.25044250488281,ALAMEDA,BERKELEY,-122.25043487548828,37.865440368652344
9585661,2023,2023-05-30,0109,2023-03-10,1543,8257,2,5,5,7,0109,0,0,0,,0,26Y,"INTERNATIONAL BL","58TH AV",185.00,W,N,A,-,N,,,,,,,,,,Y,2,0,1,2,A,-,08,22107,,N,D,C,A,A,H,-,A,A,0,,,Y,,Y,,A,07,1,0,0,0,0,0,0,0,1,"- ","- ",,,ALAMEDA,OAKLAND,-122.20088195800781,37.765754699707031
9586486,2022,2023-06-06,0109,2022-11-13,1825,9962,2,7,5,7,0109,0,0,0,,0,23X,"42ND AV","INTERNATIONAL BL",0.00,,Y,A,-,N,,,,,,,,,,N,2,0,1,2,A,-,03,22350,,N,A,C,A,A,H,-,C,A,0,,,,,Y,Y,A,01,1,0,0,0,0,0,0,0,0,"- ","- ",,,ALAMEDA,OAKLAND,-122.21626281738281,37.77301025390625
9587978,2023,2023-06-16,0112,2023-05-27,"115 ",392,,6,5,5,0112,0,0,0,,0,005,"E 14TH ST","BANCROFT AV",0.00,,Y,A,-,N,,,,,,,,,,Y,2,0,2,2,A,-,03,22350,,N,A,C,A,A,H,-,C,A,0,,,,,Y,Y,-,,1,0,1,0,0,0,0,0,0,"- ","- ",37.706439971923828,-122.13008880615234,ALAMEDA,"SAN LEANDRO",-122.13002777099609,37.706256866455078
9590435,2023,2023-06-29,0109,2023-04-27,1249,9742,2,4,5,7,0109,0,0,0,,0,25X,"TOMPKINS AV","HUNTINGTON ST",0.00,,Y,A,-,N,,,,,,,,,,N,2,0,1,1,A,-,08,22107,,N,F,A,A,A,H,-,A,D,0,,,Y,,Y,,C,02,1,0,0,0,0,0,0,0,1,"- ","- ",,,ALAMEDA,OAKLAND,-122.18711853027344,37.790199279785156
9591139,2023,2023-07-13,0109,2023-05-26,2258,10073,2,5,5,7,0109,0,0,0,,0,32X,"98TH AV","E ST",0.00,,Y,A,-,N,,,,,,,,,,Y,2,0,1,2,A,-,09,21801,A,N,D,C,A,A,H,-,C,A,0,,,Y,,Y,,A,01,1,0,0,0,0,0,0,0,1,"- ","- ",,,ALAMEDA,OAKLAND,-122.17694091796875,37.741329193115234
9594782,2023,2023-07-11,0103,2023-05-28,2053,120,34,7,5,6,0103,0,0,0,,0,010,"SACRAMENTO AV","STUART ST",0.00,,Y,B,-,N,,,,,,,,,,N,2,0,1,2,A,-,05,21650,,N,A,G,A,A,H,-,C,D,0,,Y,,,Y,,L,04,1,0,0,0,0,0,1,0,0,"- ","- ",37.856918334960938,-122.27979278564453,ALAMEDA,BERKELEY,-122.27986145019531,37.85693359375
9595234,2023,2023-08-18,0103,2023-05-03,1705,144,,3,5,6,0103,0,0,0,,0,009,"MARTIN LUTHER KING JR","WOOLSEY ST",30.00,N,N,B,-,N,,,,,,,,,,Y,2,0,4,4,A,-,08,22107,,N,C,C,A,A,H,-,A,D,0,,,,,Y,,A,01,1,3,0,0,0,0,0,0,0,"- ","- ",,,ALAMEDA,BERKELEY,-122.27076721191406,37.851680755615234
9598451,2023,2023-08-09,0109,2023-06-03,2106,9870,2,6,5,7,0109,0,0,0,,0,30X,"MACARTHUR BL","PARKER AV",250.00,E,N,A,-,N,,,,,,,,,,N,2,0,1,2,D,-,00,,,F,G,B,D,A,H,-,C,D,0,Y,,,,Y,,-,"- ",1,0,0,0,1,0,0,0,0,"- ","- ",,,ALAMEDA,OAKLAND,-122.16727447509766,37.76544189453125
9599099,2023,2024-01-30,0102,2023-12-28,1842,MS243097,1,4,5,3,0102,0,0,0,,0,001,PIERCE,WASHINGTON,7.00,N,N,A,-,N,,,,,,,,,,Y,2,0,2,2,A,-,09,21802,A,N,D,D,A,A,H,-,C,A,0,,,,,Y,,A,01,1,1,0,0,0,0,0,0,0,"- ","- ",37.889820098876953,-122.30580902099609,ALAMEDA,ALBANY,-122.30598449707031,37.889629364013672
9613110,2023,2023-10-02,0111,2023-08-07,1213,292,,1,5,5,0111,0,0,0,,0,001,"OWENS DR","JOHNSON DR",340.00,E,N,A,-,N,,,,,,,,,,N,2,0,1,1,A,-,08,22107,,N,F,A,A,A,H,-,A,D,0,,Y,,,Y,,L,04,1,0,0,0,0,0,1,0,0,"- ","- ",,,ALAMEDA,PLEASANTON,-121.90767669677734,37.699630737304688
9615151,2023,2023-10-09,0103,2023-07-04,2133,90,,2,5,6,0103,0,0,0,,0,011,"7TH AV","ASHBY AV",10.00,S,N,A,-,N,,,,,,,,,,Y,2,0,1,3,A,-,09,21453,B,N,D,C,A,A,H,-,C,A,0,,,Y,,Y,,A,01,1,0,0,0,0,0,0,0,1,"- ","- ",37.851009368896484,-122.29109954833984,ALAMEDA,BERKELEY,-122.29109954833984,37.850994110107422
9618458,2023,2024-03-16,0109,2023-06-23,"252 ",10043,2,5,5,7,0109,0,0,0,,0,31Y,"98TH AV","BIGGIE AV",0.00,,Y,A,-,N,,,,,,,,,,Y,2,0,1,3,A,-,12,21453,A,M,D,C,A,A,H,-,C,A,0,,,,,Y,,A,01,1,0,0,0,0,0,0,0,0,"- ","- ",,,ALAMEDA,OAKLAND,-122.19389343261719,37.729511260986328
9624320,2023,2023-09-26,0111,2023-08-31,1611,201,,4,5,5,0111,0,0,0,,0,001,"FOOTHILL RD","MUIRWOOD DR",530.00,N,N,A,-,N,,,,,,,,,,Y,2,0,1,1,A,-,08,22107,,N,A,I,A,A,H,-,A,D,0,,,,,Y,,A,01,1,0,0,0,0,0,0,0,0,"- ","- ",,,ALAMEDA,PLEASANTON,-121.92873382568359,37.684028625488281
9628868,2023,2023-11-01,0109,2023-07-28,2028,10113,1,5,5,7,0109,0,0,0,,0,20X,"29TH AV","INTERNATIONAL BL",0.00,,Y,A,-,N,,,,,,,,,,N,2,0,1,3,A,-,12,21453,A,N,D,C,A,A,H,-,B,A,0,,,,,Y,Y,A,01,1,0,0,0,0,0,0,0,0,"- ","- ",,,ALAMEDA,OAKLAND,-122.22911071777344,37.779300689697266
9629684,2023,2023-11-07,0103,2023-09-17,2144,23,,7,5,6,0103,0,0,0,,0,,BLAKE,"MARTIN LUTHER KING JR",0.00,,Y,A,-,N,,,,,,,,,,N,2,0,2,2,A,-,09,21801,A,N,D,D,A,A,F,-,C,D,0,,,Y,,Y,Y,A,01,1,1,0,0,0,0,0,0,1,"- ","- ",,,ALAMEDA,BERKELEY,-122.27201080322266,37.862442016601562
9630616,2023,2023-10-31,0106,2023-08-15,2245,413,,2,5,6,0106,0,0,0,,0,00H,"WEST TENNYSON RD","PATRICK AV",70.00,W,N,A,-,N,,,,,,,,,,N,2,0,1,2,A,-,05,21650,1,N,A,G,A,A,H,-,D,D,0,,Y,,,Y,,A,01,1,0,0,0,0,0,1,0,0,"- ","- ",37.631389617919922,-122.07945251464844,ALAMEDA,HAYWARD,-122.07968902587891,37.631343841552734