CASE_ID,ACCIDENT_YEAR,PROC_DATE,JURIS,COLLISION_DATE,COLLISION_TIME,OFFICER_ID,REPORTING_DISTRICT,DAY_OF_WEEK,CHP_SHIFT,POPULATION,CNTY_CITY_LOC,SPECIAL_COND,BEAT_TYPE,CHP_BEAT_TYPE,CITY_DIVISION_LAPD,CHP_BEAT_CLASS,BEAT_NUMBER,PRIMARY_RD,SECONDARY_RD,DISTANCE,DIRECTION,INTERSECTION,WEATHER_1,WEATHER_2,STATE_HWY_IND,CALTRANS_COUNTY,CALTRANS_DISTRICT,STATE_ROUTE,ROUTE_SUFFIX,POSTMILE_PREFIX,POSTMILE,LOCATION_TYPE,RAMP_INTERSECTION,SIDE_OF_HWY,TOW_AWAY,COLLISION_SEVERITY,NUMBER_KILLED,NUMBER_INJURED,PARTY_COUNT,PRIMARY_COLL_FACTOR,PCF_CODE_OF_VIOL,PCF_VIOL_CATEGORY,PCF_VIOLATION,PCF_VIOL_SUBSECTION,HIT_AND_RUN,TYPE_OF_COLLISION,MVIW,PED_ACTION,ROAD_SURFACE,ROAD_COND_1,ROAD_COND_2,LIGHTING,CONTROL_DEVICE,CHP_ROAD_TYPE,PEDESTRIAN_ACCIDENT,BICYCLE_ACCIDENT,MOTORCYCLE_ACCIDENT,TRUCK_ACCIDENT,NOT_PRIVATE_PROPERTY,ALCOHOL_INVOLVED,STWD_VEHTYPE_AT_FAULT,CHP_VEHTYPE_AT_FAULT,COUNT_SEVERE_INJ,COUNT_VISIBLE_INJ,COUNT_COMPLAINT_PAIN,COUNT_PED_KILLED,COUNT_PED_INJURED,COUNT_BICYCLIST_KILLED,COUNT_BICYCLIST_INJURED,COUNT_MC_KILLED,COUNT_MC_INJURED,PRIMARY_RAMP,SECONDARY_RAMP,LATITUDE,LONGITUDE,COUNTY,CITY,POINT_X,POINT_Y
91775834,2021,2022-05-19,9390,2021-12-31,0435,022482,,5,3,9,0100,0,1,1,,2,065,"INTERSTATE 680 NORTHBOUND","ANDRADE ROAD",828.00,S,N,A,-,Y,,,680,,,,,,N,Y,1,2,1,1,A,-,08,22107,,N,E,I,A,A,H,-,C,D,0,,,,,Y,,A,07,0,1,0,0,0,0,0,0,0,"- ","- ",37.572780609130859,-121.88741302490234,ALAMEDA,UNINCORPORATED,-121.88751983642578,37.572944641113281
91776000,2022,2022-05-19,9370,2022-04-25,0445,022841,,1,3,7,0109,0,1,1,,2,178,"I-880 S/B","MARITIME ST",400.00,N,N,A,-,Y,ALA,,880,S,,0.718,H,,L,N,2,0,1,1,A,-,01,23152,F,N,E,I,A,A,H,-,D,D,0,,,,,Y,,A,01,1,0,0,0,0,0,0,0,0,"- ","- ",37.823249816894531,-122.30181884765625,ALAMEDA,OAKLAND,-122.30181884765625,37.823249816894531
91780084,2022,2022-05-25,9345,2022-05-18,2325,022236,,3,3,6,0106,0,1,1,,2,073,"I-880 N/B","WINTON AVENUE",1320.00,N,N,A,-,Y,ALA,,880,,,17.858,H,,R,Y,2,0,2,1,A,-,08,22107,,N,F,A,A,A,H,-,C,D,0,,,Y,,Y,,C,02,2,0,0,0,0,0,0,0,2,"- ","- ",37.659820556640625,-122.10324096679688,ALAMEDA,HAYWARD,-122.10342407226562,37.659744262695312
91780356,2022,2022-10-14,9390,2022-03-12,1325,020685,,6,1,9,0100,0,2,4,,2,440,"MINES ROAD (4500 BLOCK)","TESLA ROAD",8870.00,S,N,A,-,N,,,,,,,,,,Y,1,1,1,2,A,-,09,21801,A,N,D,C,A,A,H,-,A,D,0,,,Y,,Y,,A,07,0,0,1,0,0,0,0,1,0,"- ","- ",37.644989013671875,-121.71852874755859,ALAMEDA,UNINCORPORATED,-121.71845245361328,37.644847869873047
91791987,2022,2022-06-09,9345,2022-06-06,2135,022312,,1,2,6,0106,0,1,1,,2,073,"I-880 S/B","TENNYSON RD",1584.00,N,N,A,-,Y,ALA,,880,,,16.101,H,,L,N,2,0,1,2,A,-,00,21960,A,F,G,B,E,A,H,-,D,D,0,Y,,,,Y,,N,60,1,0,0,0,1,0,0,0,0,"- ","- ",37.636360168457031,-122.08805084228516,ALAMEDA,HAYWARD,-122.08798980712891,37.636386871337891
91796445,2022,2022-06-16,9370,2022-05-09,1055,022838,,1,1,7,0109,0,1,3,,2,024,"SR-24 W/B","SR-13 S/B",2000.00,W,N,A,-,Y,ALA,,24,,R,4.698,H,,L,N,2,0,1,1,A,-,08,22107,,N,F,A,A,A,H,-,A,D,0,,,Y,,Y,,C,02,1,0,0,0,0,0,0,0,1,"- ","- ",37.84906005859375,-122.23590850830078,ALAMEDA,OAKLAND,-122.23589324951172,37.849094390869141
91816911,2022,2022-07-14,9345,2022-07-05,1105,022977,,2,1,6,0106,0,1,3,,2,092,"I-880 SOUTHBOUND TO SR-92 WESTBOUND","I-880 SOUTHBOUND",400.00,W,N,A,-,Y,ALA,,92,,R,5.015,H,,L,N,2,0,1,2,A,-,09,21804,A,N,D,G,A,A,H,-,A,D,0,,Y,,,Y,,L,04,1,0,0,0,0,0,1,0,0,"- ","- ",37.631458282470703,-122.11209106445312,ALAMEDA,HAYWARD,-122.11203002929688,37.631378173828125
91822416,2022,2022-07-21,9345,2022-07-12,1740,022944,,2,2,6,0105,0,1,1,,2,071,"I-880 N/B","DECOTO ROAD",1056.00,N,N,A,-,Y,ALA,,880,,,10.524,H,,R,N,2,0,1,2,A,-,03,22350,,N,C,2,A,A,H,-,A,D,0,,,Y,,Y,,C,02,1,0,0,0,0,0,0,0,1,"- ","- ",37.566020965576172,-122.04109191894531,ALAMEDA,FREMONT,-122.04099273681641,37.566082000732422
91822657,2022,2022-07-22,9335,2022-07-10,1515,021222,,7,2,7,0109,0,1,1,,2,084,"I-80 EASTBOUND","PHYSICAL GOREPOINT OF I-80 EASTBOUND TO SFOBB TOLL",1400.00,W,N,A,-,Y,ALA,,80,,R,1.489,H,,R,Y,2,0,1,3,A,-,08,22107,,N,B,C,A,A,H,-,A,D,0,,,Y,,Y,,C,02,1,0,0,0,0,0,0,0,1,"- ","- ",37.822319030761719,-122.32264709472656,ALAMEDA,OAKLAND,-122.32263946533203,37.822288513183594
91826769,2022,2022-07-28,9375,2022-07-23,2245,016616,,6,3,9,0100,0,2,4,,1,023,"167TH AVENUE",SR-185,80.00,E,N,A,-,N,,,,,,,,,,N,2,0,1,2,A,-,11,21954,A,N,G,B,D,A,H,-,C,D,0,Y,,,,Y,Y,N,60,1,0,0,0,1,0,0,0,0,"- ","- ",37.413238525390625,-122.06345367431641,ALAMEDA,UNINCORPORATED,-122.10956573486328,37.692218780517578
91839061,2022,2022-08-12,9370,2022-07-10,0330,022813,,7,3,7,0109,0,1,1,,2,176,"I-880 SOUTHBOUND TO FRUITVALE AVENUE","DERBY AVENUE",204.00,N,N,A,-,Y,ALA,,880,,,28.533,H,,L,Y,2,0,2,2,A,-,08,22107,,F,B,C,A,A,H,-,C,D,0,,,,,Y,,-,99,1,0,1,0,0,0,0,0,0,"- ","- ",37.773899078369141,-122.23104858398438,ALAMEDA,OAKLAND,-122.23094177246094,37.774093627929688
91857618,2022,2022-10-26,9375,2022-08-30,2010,022885,,2,2,9,0100,0,1,1,,2,580,"I-580 E/B","164TH AVENUE",125.00,W,N,A,-,Y,ALA,,580,,R,31.756,H,,R,N,2,0,2,1,A,-,01,23152,A,N,E,I,A,A,H,-,B,D,0,,,,,Y,Y,A,07,2,0,0,0,0,0,0,0,0,"- ","- ",37.700199127197266,-122.10875701904297,ALAMEDA,UNINCORPORATED,-122.10861206054688,37.700305938720703
91860104,2022,2022-10-04,9345,2022-08-29,1445,023015,,1,2,6,0105,0,1,1,,2,071,"I-880 N/B","ALVARADO BLVD",1407.00,S,N,A,-,Y,ALA,,880,,,11.122,H,,R,Y,2,0,1,2,A,-,03,22350,,N,B,C,A,A,H,-,A,D,0,,,,,Y,,A,01,1,0,0,0,0,0,0,0,0,"- ","- ",37.573989868164062,-122.04662322998047,ALAMEDA,FREMONT,-122.04653167724609,37.574008941650391
91870636,2022,2022-12-13,9375,2022-09-13,2204,022870,,2,3,9,0100,0,3,5,,2,004,"RUBY ST","A ST",0.00,,Y,A,-,N,,,,,,,,,,Y,2,0,3,2,A,-,01,23152,A,N,A,C,A,A,H,-,C,A,0,,,,,Y,Y,A,07,2,0,1,0,0,0,0,0,0,"- ","- ",37.679821014404297,-122.07599639892578,ALAMEDA,UNINCORPORATED,-122.07582855224609,37.679878234863281
91870956,2022,2022-09-22,9390,2022-09-17,1620,021452,,6,2,9,0100,0,2,4,,2,440,"MINES RD (9000 BLOCK)","DEL VALLE RD",8976.00,S,N,A,-,N,,,,,,,,,,Y,2,0,1,1,A,-,08,22107,,N,F,A,A,A,H,-,A,A,0,,,Y,,Y,,C,02,1,0,0,0,0,0,0,0,1,"- ","- ",37.610591888427734,-121.68000030517578,ALAMEDA,UNINCORPORATED,-121.70281219482422,37.622108459472656
91872871,2022,2022-09-26,9370,2022-08-30,1155,023068,,2,1,7,0109,0,1,1,,2,054,"I-580 E/B","PARK BLVD WAY",950.00,W,N,A,-,Y,ALA,,580,,,42.866,H,,L,N,2,0,2,3,A,-,05,21651,B,F,A,C,A,A,H,-,A,D,0,,,,,Y,,A,07,2,0,0,0,0,0,0,0,0,"- ","- ",37.805698394775391,-122.23623657226562,ALAMEDA,OAKLAND,-122.23619079589844,37.805759429931641
9187838,2020,2021-01-06,0111,2020-10-01,0803,263,,4,5,5,0111,0,0,0,,0,002,"GULFSTREAM ST","FAIRLANDS DR",80.00,S,N,A,-,N,,,,,,,,,,Y,2,0,1,1,C,-,18,,,N,F,A,A,A,H,-,A,D,0,,,,,Y,,-,"- ",1,0,0,0,0,0,0,0,0,"- ","- ",,,ALAMEDA,PLEASANTON,-121.86582946777344,37.699039459228516
91886210,2022,2022-10-10,9390,2022-08-17,0245,021971,,3,3,5,0107,0,1,1,,2,052,"I-580 WESTBOUND","NORTH LIVERMORE AVENUE",3960.00,E,N,B,-,Y,ALA,,580,,,11.694,H,,L,Y,2,0,2,3,C,-,18,,,N,D,C,E,A,H,-,D,D,0,Y,,,,Y,,-,"- ",1,1,0,0,1,0,0,0,0,"- ","- ",37.703048706054688,-121.75843048095703,ALAMEDA,LIVERMORE,-121.75843048095703,37.702873229980469
91894521,2022,2022-10-19,9375,2022-10-10,2148,023012,,1,2,9,0100,0,3,5,,2,002,"HESPERIAN BLVD","LEWELLING BLVD",7.00,N,N,A,-,N,,,,,,,,,,N,2,0,1,2,D,-,00,,,N,G,B,B,A,H,-,C,A,0,Y,,,,Y,,-,"- ",1,0,0,0,1,0,0,0,0,"- ","- ",37.68682861328125,-122.12992858886719,ALAMEDA,UNINCORPORATED,-122.13011932373047,37.686698913574219
91894640,2022,2022-10-19,9370,2022-09-07,1800,022941,,3,2,7,0109,0,1,3,,2,025,"SR-24 W/B FROM 51ST STREET","SHATTUCK AVE",229.00,W,N,A,-,Y,ALA,,24,,R,2.806,H,,R,N,2,0,1,2,A,-,11,21954,A,N,G,B,A,A,H,-,A,D,0,,Y,,,Y,,L,04,1,0,0,0,0,0,1,0,0,"- ","- ",37.837921142578125,-122.26502227783203,ALAMEDA,OAKLAND,-122.26515960693359,37.83795166015625
91894671,2022,2022-10-19,9370,2022-05-21,0158,022648,,6,3,7,0109,0,1,3,,2,025,"SR-24 E/B","SHATTUCK AVENUE",250.00,W,N,A,-,Y,ALA,,24,,R,2.861,H,,R,Y,1,1,5,2,A,-,01,23152,G,F,A,C,A,A,H,-,D,D,0,,,,,Y,Y,A,01,5,0,0,0,0,0,0,0,0,"- ","- ",37.838611602783203,-122.26479339599609,ALAMEDA,OAKLAND,-122.26483917236328,37.838626861572266
91895160,2022,2022-10-20,9320,2022-07-01,0553,020957,,5,3,9,0100,0,2,4,,2,104,"BYRON HWY","MOUNTAIN HOUSE RD",1452.00,S,N,A,-,N,,,,,,,,,,Y,1,1,4,2,A,-,06,21751,,N,A,C,A,A,H,-,B,D,0,,,,,Y,,A,07,2,0,2,0,0,0,0,0,0,"- ","- ",37.809131622314453,-121.57302856445312,ALAMEDA,UNINCORPORATED,-121.57723999023438,37.811458587646484
91896190,2022,2022-10-21,9345,2022-10-11,1710,022259,,2,2,6,0106,0,1,1,,2,073,"I-880 NORTHBOUND (NIMITZ FREEWAY)",SR-92,950.00,N,N,A,-,Y,ALA,,880,,,16.895,H,,R,N,2,0,1,2,A,-,07,21658,A,F,B,C,A,A,H,-,A,D,0,,,Y,,Y,,C,02,1,0,0,0,0,0,0,0,1,"- ","- ",37.647380828857422,-122.09557342529297,ALAMEDA,HAYWARD,-122.0955810546875,37.647373199462891
91897711,2022,2022-10-24,9345,2022-10-08,0115,023079,,6,3,6,0105,0,1,1,,2,072,"I-880 SOUTHBOUND (NIMITZ FREEWAY)","ALVARADO BOULEVARD",457.00,N,N,A,-,Y,ALA,,880,,,11.641,H,,L,Y,2,0,2,1,A,-,03,22350,,N,F,A,A,A,H,-,D,D,0,,,,,Y,,D,22,2,0,0,0,0,0,0,0,0,"- ","- ",37.581161499023438,-122.04959106445312,ALAMEDA,FREMONT,-122.04927825927734,37.581233978271484
91900678,2022,2022-10-27,9345,2022-10-17,1535,022934,,1,2,6,0106,0,1,1,,2,072,"I-880 S/B (NIMITZ FREEWAY)","INDUSTRIAL PKY",70.00,N,N,A,-,Y,,,,,,,,,,N,2,0,1,1,A,-,08,22107,,N,E,I,A,A,H,-,A,D,0,,,,,Y,,A,01,1,0,0,0,0,0,0,0,0,"- ","- ",37.617710113525391,-122.07588958740234,ALAMEDA,HAYWARD,-122.07459259033203,37.617641448974609
91909875,2022,2022-11-04,9370,2022-09-05,0021,022841,,1,3,7,0109,0,1,1,,2,053,"I-580 W/B","13TH AVE",220.00,E,N,A,-,Y,ALA,,580,,R,42.322,H,,L,Y,2,0,4,3,C,-,18,,,N,C,C,E,A,H,-,D,D,0,Y,,,,Y,,-,"- ",2,2,0,0,1,0,0,0,0,"- ","- ",37.802131652832031,-122.23061370849609,ALAMEDA,OAKLAND,-122.23075103759766,37.802017211914062
91917889,2022,2022-11-15,9370,2022-10-01,0228,022848,,6,3,7,0109,0,1,3,,2,013,"SR-13 S/B","PARK BLVD",2085.00,S,N,A,-,Y,ALA,,13,,,6.995,H,,L,Y,2,0,1,1,A,-,01,23152,A,N,E,I,A,A,H,-,C,D,0,,,,,Y,Y,D,22,1,0,0,0,0,0,0,0,0,"- ","- ",37.816650390625,-122.20345306396484,ALAMEDA,OAKLAND,-122.20335388183594,37.816699981689453
91924637,2022,2022-11-22,9370,2022-07-04,0058,022800,,1,3,7,0109,0,1,1,,2,054,"I-580 E/B","LAKESHORE AVE",968.00,E,N,B,-,Y,ALA,,580,,,43.309,H,,R,Y,1,1,0,2,C,-,18,,,N,C,C,A,A,H,-,C,D,0,,,Y,,Y,,-,"- ",0,0,0,0,0,0,0,1,0,"- ","- ",37.808799743652344,-122.24329376220703,ALAMEDA,OAKLAND,-122.24323272705078,37.808925628662109
9192862,2020,2020-12-22,0103,2020-10-12,1715,36,20,1,5,6,0103,0,0,0,,0,013,ASHBY,9TH,0.00,,Y,A,-,Y,ALA,4,13,-,-,13.330,I,5,S,Y,2,0,3,3,A,-,08,22107,,N,A,C,A,A,H,-,A,A,0,,,,,Y,,A,01,1,1,1,0,0,0,0,0,0,"- ","- ",,,ALAMEDA,BERKELEY,-122.28938293457031,37.851600646972656
9192914,2020,2021-02-01,0106,2020-09-16,1947,329,,3,5,6,0106,0,0,0,,0,00F,"WHIPPLE RD","RT 880",133.00,E,N,A,-,N,,,,,,,,,,Y,2,0,1,2,A,-,11,21954,A,N,G,B,D,A,H,-,C,D,0,Y,,,,Y,,N,60,1,0,0,0,1,0,0,0,0,"- ",NF,,,ALAMEDA,HAYWARD,-122.06658935546875,37.606800079345703
91931465,2022,2022-12-01,9390,2022-10-06,0340,021478,,4,3,9,0100,0,2,4,,2,555,"VASCO ROAD","DALTON AVENUE",4752.00,N,N,A,-,N,,,,,,,,,,Y,1,1,1,2,A,-,05,21460,A,N,A,C,A,A,H,-,D,D,0,,,,,Y,,A,01,1,0,0,0,0,0,0,0,0,"- ","- ",37.740009307861328,-121.72335052490234,ALAMEDA,UNINCORPORATED,-121.72344207763672,37.739906311035156
91935346,2022,2022-12-06,9375,2022-11-29,0800,022184,,2,1,9,0100,0,3,5,,2,001,"VIA SEGUNDO","VIA RINCON",0.00,,Y,A,-,N,,,,,,,,,,N,2,0,1,2,A,-,09,21801,A,N,D,G,A,A,H,-,A,D,0,,Y,,,Y,,A,01,1,0,0,0,0,0,1,0,0,"- ","- ",37.677879333496094,-122.12183380126953,ALAMEDA,UNINCORPORATED,-122.12175750732422,37.677799224853516
91940076,2022,2022-12-12,9390,2022-11-24,2307,022215,,4,3,9,0100,0,2,4,,2,556,"WEST GRANT LINE RD","MIDWAY RD",150.00,S,N,A,-,N,,,,,,,,,,Y,2,0,5,2,A,-,01,23152,A,N,A,C,A,A,H,-,D,D,0,,,,,Y,Y,A,01,2,3,0,0,0,0,0,0,0,"- ","- ",37.750118255615234,-121.57662963867188,ALAMEDA,UNINCORPORATED,-121.57662963867188,37.750125885009766
91942255,2022,2022-12-14,9375,2022-12-01,2025,023012,,4,2,9,0100,0,3,5,,2,003,"FOOTHILL BLVD","150TH AVENUE",0.00,,Y,B,-,Y,,,,,,,,,,Y,2,0,2,2,A,-,12,21453,A,F,D,C,A,B,H,-,C,A,0,,,,,Y,,A,07,2,0,0,0,0,0,0,0,0,"- ","- ",37.71038818359375,-122.12378692626953,ALAMEDA,UNINCORPORATED,-122.12377166748047,37.710289001464844
91946093,2022,2022-12-19,9345,2022-12-13,1923,021961,,2,2,6,0105,0,1,3,,1,184,"SR-84 SOUTHBOUND","SAN MATEO COUNTY LINE",1320.00,N,N,A,-,Y,ALA,,84,,R,0.568,H,,L,Y,2,0,2,3,A,-,03,22350,,N,C,2,A,A,H,-,C,D,0,,,,,Y,,A,01,1,1,0,0,0,0,0,0,0,"- ","- ",37.512290954589844,-122.11004638671875,ALAMEDA,FREMONT,-122.11009216308594,37.512317657470703
91948057,2022,2022-12-21,9390,2022-12-14,1505,020206,,3,2,5,0111,0,1,1,,2,051,"I-580 W/B","DOUGHERTY ROAD",722.00,W,N,A,-,Y,ALA,,580,,,19.985,H,,L,Y,2,0,1,4,A,-,03,22350,,N,C,C,A,A,H,-,A,D,0,,,,,Y,,A,08,1,0,0,0,0,0,0,0,0,"- ","- ",37.701889038085938,-121.90914916992188,ALAMEDA,PLEASANTON,-121.90915679931641,37.701633453369141
91949252,2022,2022-12-22,9375,2022-12-20,1115,021936,,2,1,9,0100,0,3,5,,2,004,"21051 GLENWOOD DRIVE","CRESTWOOD DRIVE",586.00,W,N,A,-,N,,,,,,,,,,N,2,0,1,2,B,-,22,,,N,H,A,A,A,H,-,A,D,0,,,,,Y,,A,07,1,0,0,0,0,0,0,0,0,"- ","- ",37.712398529052734,-122.03311920166016,ALAMEDA,UNINCORPORATED,-122.03310394287109,37.712272644042969
91952759,2022,2022-12-27,9370,2022-12-02,0105,022800,,5,3,7,0109,0,1,1,,2,055,"I-580 W/B","PERALTA ST",528.00,W,N,A,-,Y,ALA,,580,,,45.993,H,,R,Y,2,0,2,2,A,-,07,21658,A,F,B,C,A,A,H,-,C,D,0,,,,,Y,,-,99,1,0,1,0,0,0,0,0,0,"- ","- ",37.827579498291016,-122.28314971923828,ALAMEDA,OAKLAND,-122.28314971923828,37.827587127685547
91963135,2022,2023-01-09,9345,2022-12-31,1350,022705,,6,1,5,0112,0,1,1,,2,075,"I-880 SOUTHBOUND (NIMITZ FREEWAY)","DAVIS STREET",2112.00,N,N,C,-,Y,ALA,,880,,,24.057,H,,L,N,2,0,2,2,A,-,08,22107,,N,B,2,A,B,H,-,A,D,0,,,,,Y,,A,01,1,1,0,0,0,0,0,0,0,"- ","- ",37.723781585693359,-122.18148803710938,ALAMEDA,"SAN LEANDRO",-122.18154907226562,37.723743438720703
9197191,2020,2020-12-21,0109,2020-10-18,1320,9150,1,7,5,7,0109,0,0,0,,0,14X,"GRAND AVE","PERKINS ST",0.00,,Y,A,-,N,,,,,,,,,,N,2,0,1,2,A,-,08,22107,,N,D,C,A,A,H,-,A,A,0,,,Y,,Y,,A,01,1,0,0,0,0,0,0,0,0,"- ","- ",,,ALAMEDA,OAKLAND,-122.25611877441406,37.808948516845703
91973884,2022,2023-01-23,9370,2022-12-21,1500,022859,,3,2,7,0109,0,1,1,,2,177,"I-880 S/B","OAK STREET",1000.00,S,N,A,-,Y,ALA,,880,,,30.935,H,,L,Y,2,0,1,3,A,-,07,21658,A,N,B,C,A,A,H,-,A,D,0,,,,Y,Y,,A,01,1,0,0,0,0,0,0,0,0,"- ","- ",37.793781280517578,-122.26444244384766,ALAMEDA,OAKLAND,-122.26438903808594,37.793819427490234
91975649,2023,2023-03-24,9345,2023-01-22,1855,022936,,7,2,6,0106,0,1,1,,2,073,"I-880 NORTHBOUND","TENNYSON ROAD",2112.00,S,N,A,-,Y,ALA,,880," "," ",15.105,H,,R,Y,2,0,1,2,A,-,01,23152,A,F,B,2,A,A,H,-,B,D,0,,,,,Y,Y,A,07,1,0,0,0,0,0,0,0,0,"- ","- ",37.624721527099609,-122.07929229736328,ALAMEDA,HAYWARD,-122.07932281494141,37.624706268310547
91986973,2023,2023-02-06,9345,2023-01-28,"50  ",022530,,6,3,9,0100,0,2,S,,2,032,"STANTON AVENUE","SOMMERSET AVENUE",45.00,N,N,A,-,N,,,,,,,,,,Y,2,0,1,2,A,-,08,22107,,N,F,J,A,A,H,-,C,A,0,,,Y,,Y,,C,02,1,0,0,0,0,0,0,0,1,"- ","- ",37.700801849365234,-122.09220886230469,ALAMEDA,UNINCORPORATED,-122.09200286865234,37.700595855712891
91991562,2022,2023-02-10,9370,2022-05-26,2130,022611,,4,2,7,0109,0,1,1,,2,052,"I-580 W/B","EDWARDS AVE",935.00,W,N,B,-,Y,ALA,,580,,R,38.518,H,,L,N,1,1,0,2,A,-,11,21954,A,N,G,B,E,A,H,-,D,D,0,Y,,,,Y,Y,A,08,0,0,0,1,0,0,0,0,0,"- ","- ",37.777938842773438,-122.16713714599609,ALAMEDA,OAKLAND,-122.16730499267578,37.777721405029297
91998590,2022,2023-02-21,9345,2022-10-31,1155,022935,,1,1,9,0100,0,1,1,,2,074,"I-880 SOUTHBOUND (NIMITZ FREEWAY)","A"" STREET""""""",20.00,N,N,A,-,Y,ALA,,880,,,18.377,H,,L,Y,1,1,0,2,A,-,08,22107,,F,B,C,A,A,H,-,A,D,0,,,Y,,Y,,-,"- ",0,0,0,0,0,0,0,1,0,"- ","- ",37.666439056396484,-122.10787963867188,ALAMEDA,UNINCORPORATED,-122.10787200927734,37.666446685791016
92009174,2023,2023-03-03,9345,2023-02-25,1855,022934,,6,2,6,0105,0,1,1,,2,070,"I-880 N/B","AUTO MALL PKY",1056.00,N,N,A,-,Y,ALA,,880," "," ",5.168,H,,R,N,2,0,1,2,A,-,03,22350,,N,C,C,A,A,H,-,D,D,0,,,Y,,Y,,C,02,1,0,0,0,0,0,0,0,1,"- ","- ",37.512119293212891,-121.97318267822266,ALAMEDA,FREMONT,-121.97312927246094,37.512157440185547
92010072,2023,2023-03-06,9345,2023-03-04,2120,022705,,6,2,6,0106,0,1,1,,2,073,"I-880 NORTHBOUND (NIMITZ FREEWAY)","WINTON AVENUE",246.00,N,N,B,-,Y,ALA,,880," "," ",17.680,H,,R,Y,2,0,5,3,A,-,01,23152,A,N,C,C,A,A,H,-,C,D,0,,,,Y,Y,Y,A,08,1,4,0,0,0,0,0,0,0,"- ","- ",37.657478332519531,-122.10193634033203,ALAMEDA,HAYWARD,-122.10196685791016,37.657470703125
92024293,2023,2023-03-22,9345,2023-03-10,"100 ",023197,,5,3,9,0100,0,2,S,,2,185,"SR-185 (E 14TH ST.)","163RD AVE",25.00,S,N,B,C,N,,,,,,,,,,Y,2,0,1,1,A,-,01,23152,A,N,E,I,A,B,H,-,C,A,0,,,,,Y,Y,A,01,1,0,0,0,0,0,0,0,0,"- ","- ",37.695949554443359,-122.11530303955078,ALAMEDA,UNINCORPORATED,-122.11531066894531,37.695957183837891
92031388,2022,2023-03-29,9345,2022-11-21,1830,022259,,1,2,6,0106,0,1,1,,2,073,"I-880 NORTHBOUND (NIMITZ FREEWAY) TO WINTON AVENUE","WINTON AVENUE",105.00,S,N,A,-,Y,ALA,,880,,,17.575,H,,R,N,1,1,0,4,A,-,01,23152,A,N,B,C,A,A,H,-,D,D,0,,,Y,,Y,Y,C,02,0,0,0,0,0,0,0,1,0,"- ","- ",37.656150817871094,-122.10101318359375,ALAMEDA,HAYWARD,-122.10111236572266,37.656108856201172
9203306,2020,2021-01-06,0109,2020-10-19,1523,9196,2,1,5,7,0109,0,0,0,,0,30Y,"MACARTHUR BL","PARKER AV",79200.00,N,N,A,-,N,,,,,,,,,,Y,2,0,1,2,C,-,18,,,N,D,E,A,A,H,-,A,D,0,,,,,Y,,-,"- ",1,0,0,0,0,0,0,0,0,"- ","- ",,,ALAMEDA,OAKLAND,-122.18824768066406,37.784591674804688
92036769,2023,2023-04-04,9345,2023-03-27,2000,022944,,1,2,6,0105,0,1,1,,2,071,"I-880 N/B","THORNTON AVENUE",1584.00,N,N,B,-,Y,ALA,,880," "," ",9.135,H,,R,Y,2,0,4,2,A,-,08,22107,,N,E,9,A,A,H,-,C,D,0,,,,,Y,,A,01,1,2,1,0,0,0,0,0,0,"- ","- ",37.550460815429688,-122.02535247802734,ALAMEDA,FREMONT,-122.02544403076172,37.550418853759766
92046583,2023,2023-04-17,9345,2023-04-08,1925,023058,,6,2,6,0105,0,1,1,,2,071,"I-880 N/B","PASEO PADRE PKY",300.00,S,N,A,-,Y,ALA,,880," "," ",10.866,H,,R,Y,2,0,1,2,A,-,08,22107,,N,B,C,A,A,H,-,A,D,0,,,Y,,Y,,C,02,1,0,0,0,0,0,0,0,1,"- ","- ",37.570049285888672,-122.04482269287109,ALAMEDA,FREMONT,-122.04476165771484,37.570072174072266
92060397,2022,2023-05-03,9345,2022-11-04,0330,021057,,5,3,6,0106,0,1,1,,2,073,"I-880 N/B","A"" STREET""""""",1015.00,S,N,A,-,Y,ALA,,880,,,18.118,H,,R,N,1,1,0,2,A,-,11,21954,A,N,G,B,E,A,H,-,D,D,0,Y,,,,Y,,N,60,0,0,0,1,0,0,0,0,0,"- ","- ",37.663120269775391,-122.10546875,ALAMEDA,HAYWARD,-122.10546112060547,37.663124084472656
92064971,2023,2023-05-09,9370,2023-04-27,"710 ",022309,,4,1,7,0109,0,1,1,,2,177,"I-880 S/B","5TH AVE",614.00,N,N,A,-,Y,ALA,,880," "," ",30.712,H,,L,Y,2,0,1,1,C,-,18,,,N,E,I,A,A,H,-,A,D,0,,,,,Y,,-,"- ",1,0,0,0,0,0,0,0,0,"- ","- ",37.791618347167969,-122.26165771484375,ALAMEDA,OAKLAND,-122.26169586181641,37.791591644287109