CASE_ID,ACCIDENT_YEAR,PROC_DATE,JURIS,COLLISION_DATE,COLLISION_TIME,OFFICER_ID,REPORTING_DISTRICT,DAY_OF_WEEK,CHP_SHIFT,POPULATION,CNTY_CITY_LOC,SPECIAL_COND,BEAT_TYPE,CHP_BEAT_TYPE,CITY_DIVISION_LAPD,CHP_BEAT_CLASS,BEAT_NUMBER,PRIMARY_RD,SECONDARY_RD,DISTANCE,DIRECTION,INTERSECTION,WEATHER_1,WEATHER_2,STATE_HWY_IND,CALTRANS_COUNTY,CALTRANS_DISTRICT,STATE_ROUTE,ROUTE_SUFFIX,POSTMILE_PREFIX,POSTMILE,LOCATION_TYPE,RAMP_INTERSECTION,SIDE_OF_HWY,TOW_AWAY,COLLISION_SEVERITY,NUMBER_KILLED,NUMBER_INJURED,PARTY_COUNT,PRIMARY_COLL_FACTOR,PCF_CODE_OF_VIOL,PCF_VIOL_CATEGORY,PCF_VIOLATION,PCF_VIOL_SUBSECTION,HIT_AND_RUN,TYPE_OF_COLLISION,MVIW,PED_ACTION,ROAD_SURFACE,ROAD_COND_1,ROAD_COND_2,LIGHTING,CONTROL_DEVICE,CHP_ROAD_TYPE,PEDESTRIAN_ACCIDENT,BICYCLE_ACCIDENT,MOTORCYCLE_ACCIDENT,TRUCK_ACCIDENT,NOT_PRIVATE_PROPERTY,ALCOHOL_INVOLVED,STWD_VEHTYPE_AT_FAULT,CHP_VEHTYPE_AT_FAULT,COUNT_SEVERE_INJ,COUNT_VISIBLE_INJ,COUNT_COMPLAINT_PAIN,COUNT_PED_KILLED,COUNT_PED_INJURED,COUNT_BICYCLIST_KILLED,COUNT_BICYCLIST_INJURED,COUNT_MC_KILLED,COUNT_MC_INJURED,PRIMARY_RAMP,SECONDARY_RAMP,LATITUDE,LONGITUDE,COUNTY,CITY,POINT_X,POINT_Y
92074050,2023,2023-05-22,9390,2023-05-07,"241 ",022482,,7,3,9,0100,0,2,4,,2,557,"ALTAMONT PASS ROAD (9000 BLOCK)","GREENVILLE ROAD",3413.00,E,N,A,-,Y,,,,,,,,,,N,2,0,3,1,A,-,01,23152,A,N,E,I,A,A,H,-,D,D,0,,,,,Y,Y,D,22,3,0,0,0,0,0,0,0,0,"- ","- ",37.723709106445312,-121.69599914550781,ALAMEDA,UNINCORPORATED,-121.69337463378906,37.724967956542969
92074244,2023,2023-05-22,9390,2023-03-19,2120,022204,,7,2,5,0107,0,1,1,,2,052,"I-580 WESTBOUND TO ISABEL AVENUE","LIGHT POLE NUMBER 23731",255.00,W,N,B,-,Y,ALA,,580," "," ",13.799,H,,R,N,2,0,1,2,A,-,03,22350,,F,G,B,E,A,H,-,D,D,0,Y,,,,Y,Y,-,99,1,0,0,0,1,0,0,0,0,"- ","- ",37.701099395751953,-121.79622650146484,ALAMEDA,LIVERMORE,-121.79623413085938,37.700901031494141
92074468,2023,2023-05-22,9345,2023-05-12,"730 ",021936,,5,1,6,0105,0,1,1,,2,070,"I-880 S/B","STEVENSON BOULEVARD OVERCROSSING",2826.00,S,N,B,-,Y,ALA,,880," "," ",5.690,H,,L,Y,2,0,1,3,A,-,03,22350,,N,B,C,A,A,H,-,A,D,0,,,Y,,Y,,C,02,1,0,0,0,0,0,0,0,1,"- ","- ",37.517421722412109,-121.98001098632812,ALAMEDA,FREMONT,-121.98008728027344,37.517360687255859
92091784,2022,2023-06-12,9370,2022-08-15,0258,022818,,1,3,7,0109,0,1,1,,2,176,"I-880 S/B","66TH AVE",662.00,S,N,A,-,Y,ALA,,880,,,26.480,H,,L,Y,1,1,3,2,C,-,18,,,N,C,C,A,A,H,-,C,D,0,,,,,Y,Y,-,"- ",1,2,0,0,0,0,0,0,0,"- ","- ",37.75238037109375,-122.20684814453125,ALAMEDA,OAKLAND,-122.20687103271484,37.752368927001953
92102598,2023,2023-06-26,9345,2023-06-15,1330,023138,,4,1,9,0100,0,2,S,,2,022,"MEEKLAND AVENUE","PASEO GRANDE",190.00,N,N,A,-,N,,,,,,,,,,N,2,0,1,2,A,-,08,22107,,N,B,G,A,A,H,-,A,D,0,,Y,,,Y,,L,04,1,0,0,0,0,0,1,0,0,"- ","- ",37.684928894042969,-122.11686706542969,ALAMEDA,UNINCORPORATED,-122.11676788330078,37.684810638427734
92110619,2023,2023-07-06,9370,2023-05-25,1250,022838,,4,1,7,0109,0,1,1,,2,053,"I-580 W/B","35TH AVE",200.00,E,N,A,-,Y,ALA,,580," ",R,40.623,H,,R,N,2,0,2,1,A,-,01,23152,F,N,E,I,A,A,H,-,D,D,0,,,,,Y,,A,01,1,1,0,0,0,0,0,0,0,"- ","- ",37.792049407958984,-122.20291137695312,ALAMEDA,OAKLAND,-122.20301055908203,37.791984558105469
92130573,2023,2023-07-28,9390,2023-07-25,1915,020368,,2,2,9,0100,0,1,3,,2,330,"SR-84 / VALLECITOS ROAD","LITTLE VALLEY ROAD",4224.00,E,N,A,-,Y,ALA,,84," "," ",20.614,H,,R,Y,2,0,2,2,A,-,01,23152,A,N,E,8,A,A,D,-,A,D,0,,,,,Y,Y,A,01,1,1,0,0,0,0,0,0,0,"- ","- ",37.606620788574219,-121.83209228515625,ALAMEDA,UNINCORPORATED,-121.83213043212891,37.606712341308594
92135338,2023,2023-08-03,9345,2023-07-20,1930,023363,,4,2,9,0100,0,1,S,,2,580,"I-580 E/B","164TH AVE",553.00,E,N,A,-,Y,ALA,,580," ",R,31.585,H,,R,Y,2,0,1,2,A,-,08,22107,,F,B,C,A,A,H,-,A,D,0,,,Y,,Y,,-,99,1,0,0,0,0,0,0,0,1,"- ","- ",37.698158264160156,-122.10690307617188,ALAMEDA,UNINCORPORATED,-122.10665130615234,37.698299407958984
92141728,2023,2023-08-11,9345,2023-08-05,"905 ",022977,,6,1,9,0100,0,1,1,,2,074,"I-880 NORTHBOUND","HACIENDA AVE",528.00,N,N,A,-,Y,ALA,,880," "," ",19.370,H,,R,N,2,0,2,2,A,-,01,23152,A,F,C,2,A,A,H,-,A,D,0,,,,,Y,Y,D,22,1,1,0,0,0,0,0,0,0,"- ","- ",37.677631378173828,-122.11862945556641,ALAMEDA,UNINCORPORATED,-122.11862182617188,37.677635192871094
92143802,2023,2023-08-15,9370,2023-07-28,1415,022988,,5,2,7,0109,0,1,3,,2,024,"SR-24 W/B",SR-13,70.00,E,N,A,-,Y,ALA,,24," ",R,5.104,H,,L,N,2,0,1,2,A,-,03,22350,,F,C,C,A,A,H,-,A,D,0,,,,,Y,,D,22,1,0,0,0,0,0,0,0,0,"- ","- ",37.848968505859375,-122.22868347167969,ALAMEDA,OAKLAND,-122.22869110107422,37.848922729492188
92145087,2023,2023-08-16,9370,2023-05-25,2240,022826,,4,3,7,0109,0,1,1,,2,098,"I-980 E/B FROM 12TH STREET","14TH STREET OVERCROSSING",100.00,E,N,B,-,Y,ALA,,980," "," ",0.730,H,,R,N,1,1,0,2,A,-,11,21954,A,N,G,B,D,A,H,-,C,D,0,Y,,,,Y,,N,60,0,0,0,1,0,0,0,0,0,"- ","- ",37.807170867919922,-122.27739715576172,ALAMEDA,OAKLAND,-122.27758026123047,37.807243347167969
9215213,2020,2021-02-01,0106,2020-11-04,2246,355,,3,5,6,0106,0,0,0,,0,00A,"MISSION BL","HIGHLAND BL",0.00,,Y,A,-,N,,,,,,,,,,N,2,0,1,2,A,-,11,21456,B,N,G,B,B,A,H,-,C,A,0,Y,,,,Y,,N,60,1,0,0,0,1,0,0,0,0,"- ","- ",37.663780212402344,-122.07649993896484,ALAMEDA,HAYWARD,-122.07662963867188,37.663578033447266
92154055,2023,2023-08-25,9390,2023-08-10,2145,022273,,4,2,9,0100,0,1,1,,2,065,"NORTHBOUND I-680","ANDRADE ROAD",1350.00,S,N,B,-,Y,ALA,,680," ",R,9.447,H,,R,Y,2,0,2,2,A,-,01,23152,A,N,E,I,A,A,H,-,D,D,0,,,,,Y,Y,A,07,1,0,1,0,0,0,0,0,0,"- ","- ",37.571929931640625,-121.88892364501953,ALAMEDA,UNINCORPORATED,-121.88896942138672,37.571975708007812
92158923,2023,2023-08-30,9345,2023-08-19,1900,023046,,6,2,6,0105,0,1,1,,2,071,"I-880 S/B","DECOTO RD",100.00,S,N,A,-,Y,ALA,,880," "," ",10.133,H,,L,N,2,0,1,1,C,-,18,,,N,F,A,A,A,H,-,A,D,0,,,Y,,Y,,-,"- ",1,0,0,0,0,0,0,0,1,"- ","- ",37.561580657958984,-122.03665161132812,ALAMEDA,FREMONT,-122.03659820556641,37.561614990234375
9218261,2020,2021-02-22,0103,2020-12-31,1518,13,,4,5,6,0103,0,0,0,,0,004,"MARTIN LUTHER KING JR",ADDISON,0.00,,Y,A,-,N,,,,,,,,,,N,2,0,1,2,A,-,09,21800,A,N,D,G,A,A,H,-,A,A,0,,Y,,,Y,,A,01,1,0,0,0,0,0,1,0,0,"- ","- ",37.870578765869141,-122.27288818359375,ALAMEDA,BERKELEY,-122.27291107177734,37.870571136474609
92183918,2023,2023-10-02,9345,2023-09-16,"845 ",023046,,6,1,9,0100,0,2,S,,2,012,"HESPERIAN BOULEVARD","GRANT AVENUE",0.00,,Y,B,-,N,,,,,,,,,,Y,2,0,4,2,A,-,12,21453,A,N,A,2,A,A,H,-,A,A,0,,,,,Y,,D,22,1,1,2,0,0,0,0,0,0,"- ","- ",37.682891845703125,-122.12895202636719,ALAMEDA,UNINCORPORATED,-122.12905883789062,37.682785034179688
9219006,2020,2021-02-16,0111,2020-12-22,1811,335,,2,5,5,0111,0,0,0,,0,005,"KOTTINGER DR","BERNAL AV",0.00,,Y,A,-,N,,,,,,,,,,N,2,0,1,2,A,-,10,21950,A,N,G,B,A,A,H,-,C,A,0,,Y,,,Y,,A,01,1,0,0,0,0,0,1,0,0,"- ","- ",,,ALAMEDA,PLEASANTON,-121.85916900634766,37.656261444091797
92205394,2023,2023-10-23,9370,2023-09-14,1042,022988,,4,1,7,0109,0,1,1,,2,176,"I-880 S/B","FRUITVALE AVENUE",540.00,S,N,A,G,Y,ALA,,880," "," ",28.250,H,,L,Y,2,0,2,3,A,-,03,22350,,F,C,C,A,A,H,-,A,D,0,,,,,Y,,A,01,2,0,0,0,0,0,0,0,0,"- ","- ",37.772579193115234,-122.22615814208984,ALAMEDA,OAKLAND,-122.22618865966797,37.772529602050781
92208689,2023,2023-10-25,9370,2023-10-06,2216,022848,,5,3,7,0109,0,1,1,,2,176,"I-880 N/B","66TH AVENUE",700.00,S,N,A,-,Y,ALA,,880," "," ",26.329,H,,R,N,2,0,2,4,A,-,03,22350,,N,C,C,A,A,H,-,C,D,0,,,,,Y,,A,08,1,1,0,0,0,0,0,0,0,"- ","- ",37.75054931640625,-122.20503997802734,ALAMEDA,OAKLAND,-122.20502471923828,37.750556945800781
92228599,2023,2023-11-06,9390,2023-10-18,"340 ",023305,,3,3,9,0100,0,2,4,,2,226,"MANNING ROAD (1100 BLOCK)","HIGHLAND ROAD",260.00,W,N,A,-,N,,,,,,,,,,Y,2,0,1,1,A,-,01,23152,A,N,F,A,A,A,H,-,D,D,0,,,Y,,Y,Y,C,02,1,0,0,0,0,0,0,0,1,"- ","- ",37.757770538330078,-121.79338836669922,ALAMEDA,UNINCORPORATED,-121.79335021972656,37.757740020751953
92240413,2023,2023-11-20,9390,2023-07-16,1730,022229,,7,2,5,0107,0,1,1,,2,052,"I-580 WESTBOUND","NORTHBOUND LIVERMORE AVENUE",2200.00,W,N,A,-,Y,ALA,,580," "," ",12.980,H,,L,Y,1,1,0,1,A,-,08,22107,,F,E,8,A,A,H,-,A,D,0,,,,,Y,,A,01,0,0,0,0,0,0,0,0,0,"- ","- ",37.700000762939453,-121.78170013427734,ALAMEDA,LIVERMORE,-121.78169250488281,37.699916839599609
9225236,2021,2021-03-05,0101,2021-01-30,1939,25,314,6,5,5,0101,0,0,0,,0,003,"OTIS DR","PARK ST",0.00,,Y,A,-,N,,,,,,,,,,N,2,0,1,2,A,-,10,21950,A,F,G,B,B,A,H,-,C,A,0,Y,,,,Y,,-,99,1,0,0,0,1,0,0,0,0,"- ","- ",37.757488250732422,-122.24855041503906,ALAMEDA,ALAMEDA,-122.24839019775391,37.757556915283203
92253216,2023,2023-12-05,9345,2023-11-24,1636,023460,,5,2,6,0105,0,1,3,,1,184,"SR-84 N/B","SAN MATEO COUNTY LINE",1584.00,N,N,A,-,Y,ALA,,84," ",R,0.337,H,,R,Y,2,0,3,2,A,-,07,21658,A,N,C,C,A,A,H,-,C,D,0,,,,,Y,,A,08,2,1,0,0,0,0,0,0,0,"- ","- ",37.509860992431641,-122.11273193359375,ALAMEDA,FREMONT,-122.11272430419922,37.509857177734375
92261892,2023,2023-12-14,9345,2023-12-04,"725 ",023058,,1,1,9,0100,0,1,1,,2,074,"I-880 SOUTHBOUND","HACIENDA AVENUE",1584.00,N,N,A,-,Y,ALA,,880," "," ",19.556,H,,L,Y,2,0,1,2,A,-,07,21658,A,N,C,C,A,A,H,-,A,D,0,,,Y,,Y,,A,07,1,0,0,0,0,0,0,0,1,"- ","- ",37.679248809814453,-122.12149810791016,ALAMEDA,UNINCORPORATED,-122.12159729003906,37.679164886474609
92268714,2023,2023-12-21,9390,2023-12-19,1945,022478,,2,2,9,0100,0,1,1,,2,054,"I-580 WESTBOUND","FLYNN ROAD",1440.00,E,N,B,-,Y,ALA,,580," ",R,5.698,H,,R,Y,2,0,2,2,A,-,01,23152,A,N,C,C,A,B,H,-,C,D,0,,,,,Y,Y,A,07,1,1,0,0,0,0,0,0,0,"- ","- ",37.721328735351562,-121.65617370605469,ALAMEDA,UNINCORPORATED,-121.6561279296875,37.721275329589844
9227166,2021,2021-03-24,0109,2021-02-10,2038,9094,1,3,5,7,0109,0,0,0,,0,08X,"27TH ST","TELEGRAPH AV",0.00,,Y,A,-,N,,,,,,,,,,N,2,0,1,2,A,-,10,21950,A,N,F,B,D,A,H,-,B,A,0,Y,,,,Y,,A,01,1,0,0,0,1,0,0,0,0,"- ","- ",,,ALAMEDA,OAKLAND,-122.26792144775391,37.816173553466797
92273414,2023,2023-12-28,9370,2023-12-17,"236 ",022850,,7,3,2,0104,0,1,1,,2,080,"I-80 E/B","POWELL ST",650.00,E,N,A,-,Y,ALA,,80," "," ",3.925,H,,R,Y,2,0,1,2,A,-,01,23152,A,N,C,C,A,A,H,-,C,D,0,,,,,Y,Y,A,01,1,0,0,0,0,0,0,0,0,"- ","- ",37.839801788330078,-122.29689025878906,ALAMEDA,EMERYVILLE,-122.29682922363281,37.839809417724609
92276325,2023,2024-01-02,9370,2023-12-23,"810 ",023135,,6,1,2,0104,0,1,1,,2,080,"I-80 E/B","POWELL ST",1145.00,E,N,A,-,Y,,,,,,,,,,N,2,0,2,3,A,-,03,22350,,N,C,C,A,A,H,-,A,D,0,,,,,Y,,A,01,1,1,0,0,0,0,0,0,0,"- ","- ",37.50286865234375,-122.17498016357422,ALAMEDA,EMERYVILLE,-122.29509735107422,37.835422515869141
92276504,2023,2024-01-02,9390,2023-12-20,"550 ",020395,,3,3,9,0100,0,1,1,,2,050,"INTERSTATE 580 (EASTBOUND)","EDEN CANYON ROAD",5280.00,E,N,B,C,Y,ALA,,580," ",R,24.591,H,,L,Y,2,0,2,2,A,-,03,22350,,N,B,C,A,B,H,-,D,D,0,,,,Y,Y,,I,11,1,0,1,0,0,0,0,0,0,"- ","- ",37.701190948486328,-121.99196624755859,ALAMEDA,UNINCORPORATED,-121.99192810058594,37.701244354248047
92279378,2023,2024-01-04,9345,2023-12-24,"100 ",023386,,7,3,6,0106,0,1,1,,2,073,"I-880 S/B FROM WINTON AVENUE E/B","WINTON AVENUE",1320.00,S,N,A,-,Y,ALA,,880," "," ",17.345,H,,L,N,2,0,1,1,A,-,08,22107,,N,E,I,A,A,H,-,C,D,0,,,Y,,Y,,C,02,1,0,0,0,0,0,0,0,1,"- ","- ",37.652980804443359,-122.09964752197266,ALAMEDA,HAYWARD,-122.09953308105469,37.653026580810547
92279815,2023,2024-01-05,9345,2023-12-25,2020,023519,,1,2,6,0105,0,1,1,,2,072,"I-880 N/B","NORTH FREMONT BLVD",1954.00,N,N,A,-,Y,ALA,,880," "," ",11.868,H,,R,Y,2,0,1,1,A,-,01,23152,A,N,F,A,A,A,H,-,C,D,0,,,Y,,Y,Y,C,02,1,0,0,0,0,0,0,0,1,"- ","- ",37.583961486816406,-122.05043792724609,ALAMEDA,FREMONT,-122.05036926269531,37.583984375
92280172,2023,2024-01-05,9370,2023-12-28,"120 ",023598,,4,3,2,0104,0,2,S,,2,901,"POWELL STREET","VALLEJO STREET",0.00,,Y,A,-,N,,,,,,,,,,N,2,0,2,2,A,-,12,22450,A,N,D,C,A,B,H,-,C,A,0,,,,,Y,,J,48,1,1,0,0,0,0,0,0,0,"- ","- ",37.840248107910156,-122.28574371337891,ALAMEDA,EMERYVILLE,-122.28565979003906,37.840213775634766
92287082,2024,2024-01-15,9345,2024-01-06,"335 ",023519,,6,3,5,0113,0,1,1,,2,072,"I-880 N/B","ALVARADO NILES RD",1003.00,S,N,A,-,Y,ALA,,880," "," ",12.845,H,,R,Y,2,0,1,1,A,-,01,23152,A,N,E,I,A,A,H,-,C,D,0,,,,,Y,Y,A,07,1,0,0,0,0,0,0,0,0,"- ","- ",37.596179962158203,-122.05914306640625,ALAMEDA,"UNION CITY",-122.05902099609375,37.596233367919922
92290547,2023,2024-01-18,9345,2023-11-07,2024,022934,,2,2,9,0100,0,1,S,,2,022,"SR-185 N/B (MISSION BLVD)","SAINT JAMES CT.",30.00,S,N,A,-,Y,,,,,,,,,,N,2,0,1,2,A,-,03,22350,,F,G,B,D,A,H,-,C,D,0,Y,,,,Y,,-,99,1,0,0,0,1,0,0,0,0,"- ","- ",37.683429718017578,-122.09780883789062,ALAMEDA,UNINCORPORATED,-122.09781646728516,37.683425903320312
92306876,2024,2024-02-06,9345,2024-01-28,2255,022638,,7,3,9,0100,0,2,S,,2,045,"CROW CANYON RD.","MILE POST MARKER 2.43",50.00,N,N,A,-,N,,,,,,,,,,Y,2,0,1,1,A,-,01,23152,A,N,E,I,A,A,H,-,D,D,0,,,,,Y,Y,A,07,1,0,0,0,0,0,0,0,0,"- ","- ",37.719558715820312,-122.03836059570312,ALAMEDA,UNINCORPORATED,,
9231272,2021,2021-02-26,0103,2021-01-14,2225,2,,4,5,6,0103,0,0,0,,0,011,"SAN PABLO AV","WARD ST",0.00,,Y,A,-,N,,,123,,,,,,,Y,2,0,1,2,A,-,09,21801,A,N,D,C,A,A,H,-,C,D,0,,,,,Y,,A,01,1,0,0,0,0,0,0,0,0,"- ","- ",37.856830596923828,-122.28809356689453,ALAMEDA,BERKELEY,-122.28813171386719,37.856815338134766
92320209,2024,2024-02-22,9345,2024-02-10,"930 ",023460,,6,1,9,0100,0,2,S,,2,042,"A"" STREET""","RUBY STREET",0.00,,Y,A,-,N,,,,,,,,,,N,2,0,1,2,A,-,09,21801,A,N,D,C,A,A,H,-,A,D,0,,,Y,,Y,,A,07,1,0,0,0,0,0,0,0,1,"- ","- ",37.679950714111328,-122.07592010498047,ALAMEDA,UNINCORPORATED,-122.07582855224609,37.679878234863281
92320360,2023,2024-02-22,9345,2023-06-17,"155 ",023015,,6,3,5,0112,0,1,S,,2,580,"I-580 W/B (MACARTHUR FREEWAY)","ESTUDILLO AVENUE",50.00,E,N,A,-,Y,ALA,,580," ",R,34.471,H,,L,Y,1,1,0,2,A,-,03,22350,,F,C,C,A,A,H,-,C,D,0,,,,,Y,,A,01,0,0,0,0,0,0,0,0,0,"- ","- ",37.729499816894531,-122.13826751708984,ALAMEDA,"SAN LEANDRO",-122.13856506347656,37.729446411132812
92324273,2024,2024-02-27,9345,2024-02-01,"655 ",023466,,4,1,9,0100,0,2,S,,2,012,"HESPERIAN BLVD","GRANT RD",30.00,N,N,C,-,N,,,,,,,,,,N,2,0,1,2,A,-,11,21955,,F,G,2,D,B,H,-,B,A,0,Y,,,,Y,,N,60,1,0,0,0,1,0,0,0,0,"- ","- ",37.683498382568359,-122.12946319580078,ALAMEDA,UNINCORPORATED,-122.12910461425781,37.682853698730469
92327712,2024,2024-03-01,9345,2024-02-16,2220,023572,,5,3,9,0100,0,3,5,,2,001,"VIA LACQUA","VIA SECO",500.00,E,N,B,-,N,,,,,,,,,,N,2,0,1,2,A,-,08,22107,,M,B,C,A,A,H,-,C,D,0,,,,,Y,,A,01,1,0,0,0,0,0,0,0,0,"- ","- ",37.675228118896484,-122.14423370361328,ALAMEDA,UNINCORPORATED,-122.14203643798828,37.676239013671875
92330099,2024,2024-03-05,9345,2024-02-28,"301 ",023138,,3,3,7,0109,0,1,S,,2,580,"I-580 W/B TO MACARTHUR BOULEVARD","SUPERIOR AVENUE",792.00,E,N,A,-,Y,ALA,,580," ",R,35.026,H,,R,Y,2,0,1,1,A,-,03,22350,,N,E,8,A,A,H,-,B,D,0,,,,,Y,,A,01,1,0,0,0,0,0,0,0,0,"- ","- ",37.737289428710938,-122.14022827148438,ALAMEDA,OAKLAND,-122.14049530029297,37.737213134765625
92342233,2024,2024-03-19,9345,2024-03-09,1650,023058,,6,2,6,0106,0,1,3,,2,092,"SR-92 EASTBOUND","HESPERIAN BOULEVARD",536.00,E,N,A,-,Y,ALA,,92," ",R,5.861,H,,R,Y,2,0,1,2,A,-,01,23152,A,F,C,2,A,A,H,-,A,D,0,,,,,Y,Y,A,07,1,0,0,0,0,0,0,0,0,"- ","- ",37.637168884277344,-122.09848022460938,ALAMEDA,HAYWARD,-122.09848785400391,37.637176513671875
92345114,2024,2024-03-22,9370,2024-03-12,1920,021800,,2,2,7,0109,0,1,1,,2,177,"I-880 SOUTHBOUND","16TH AVENUE",1505.00,N,N,B,-,Y,ALA,,880," "," ",29.969,H,,L,Y,2,0,1,2,A,-,07,21658,A,N,B,2,A,A,H,-,B,D,0,,,,,Y,,A,01,1,0,0,0,0,0,0,0,0,"- ","- ",37.787841796875,-122.24923706054688,ALAMEDA,OAKLAND,-122.24925994873047,37.787807464599609
92352942,2024,2024-04-02,9370,2024-02-27,2215,023330,,2,3,7,0109,0,1,1,,2,176,"I-880 N/B","66TH AVE",676.00,N,N,A,-,Y,,,,,,,,,,Y,2,0,1,1,A,-,03,22350,,N,E,I,A,A,H,-,C,D,0,,,,,Y,,A,07,1,0,0,0,0,0,0,0,0,"- ","- ",37.755668640136719,-122.20900726318359,ALAMEDA,OAKLAND,-122.20923614501953,37.755474090576172
92360335,2024,2024-04-09,9370,2024-03-18,2130,023081,,1,2,7,0109,0,1,1,,2,176,"I-880 N/B","HIGH ST",2575.00,S,N,A,-,Y,ALA,,880," "," ",27.315,H,,R,Y,2,0,2,3,A,-,03,22350,,N,C,C,A,A,H,-,D,D,0,,,,,Y,,A,01,2,0,0,0,0,0,0,0,0,"- ","- ",37.762279510498047,-122.21540069580078,ALAMEDA,OAKLAND,-122.21526336669922,37.762355804443359
92368211,2024,2025-02-24,9390,2024-03-22,"55  ",023012,,5,3,9,0100,0,1,S,,2,904,"I-580 W/B","STROBRIDGE AVE",500.00,W,N,A,-,Y,ALA,,580," ",R,30.462,H,,R,Y,2,0,2,1,A,-,08,22107,,F,E,8,A,A,H,-,C,D,0,,,,,Y,,A,07,1,0,1,0,0,0,0,0,0,"- ","- ",37.690948486328125,-122.09104156494141,ALAMEDA,UNINCORPORATED,-122.09103393554688,37.690807342529297
9237402,2021,2021-03-17,0105,2021-01-22,2227,14319,815,5,5,6,0105,0,0,0,,0,001,"FREMONT BL","BIDWELL DR",316.00,S,N,A,-,N,,,,,,,,,,Y,2,0,1,1,A,-,01,23152,A,F,E,I,A,A,H,-,C,D,0,,,,,Y,Y,A,01,1,0,0,0,0,0,0,0,0,"- ","- ",,,ALAMEDA,FREMONT,-121.97604370117188,37.542037963867188
92376022,2024,2024-04-26,9345,2024-03-23,2036,022904,,6,2,6,0105,0,1,1,,2,071,"INTERSTATE 880 SOUTHBOUND","PASEO PADRE PARKWAY",420.00,S,N,B,-,Y,ALA,,880," "," ",10.839,H,,L,Y,1,1,0,2,A,-,08,22107,,N,B,2,A,B,H,-,C,D,0,,,,,Y,,A,01,0,0,0,0,0,0,0,0,0,"- ","- ",37.569648742675781,-122.04482269287109,ALAMEDA,FREMONT,-122.04480743408203,37.569656372070312
92382505,2024,2024-05-06,9370,2024-04-28,"547 ",023579,,7,3,7,0109,0,1,1,,2,053,"I-580 E/B","FRUITVALE AVENUE",1584.00,W,N,A,-,Y,ALA,,580," ",R,41.865,H,,R,Y,2,0,1,1,A,-,08,22107,,F,E,I,A,A,H,-,C,D,0,,,,,Y,,A,01,1,0,0,0,0,0,0,0,0,"- ","- ",37.799690246582031,-122.22306060791016,ALAMEDA,OAKLAND,-122.22303771972656,37.799758911132812
92383776,2024,2024-05-07,9390,2024-03-13,1650,022302,,3,2,9,0100,0,1,1,,2,066,"I-680 SOUTHBOUND","KOOPMANN ROAD",7709.00,N,N,A,-,Y,ALA,,680," ",R,13.940,H,,L,Y,1,1,0,1,A,-,01,23152,F,N,E,I,A,A,D,-,A,D,0,,,Y,,Y,,C,02,0,0,0,0,0,0,0,1,0,"- ","- ",37.621219635009766,-121.87999725341797,ALAMEDA,UNINCORPORATED,-121.87990570068359,37.621246337890625
92385238,2023,2024-05-08,9335,2023-11-06,"758 ",018804,,1,1,7,0109,0,1,1,,1,081,"I-80 W/B","METERING LIGHTS",4442.00,W,N,B,-,Y,ALA,,80," ",R,0.952,H,,L,N,2,0,1,2,A,-,07,21658,A,F,F,C,A,A,H,-,A,D,0,,,Y,,Y,,A,07,1,0,0,0,0,0,0,0,1,"- ","- ",37.821708679199219,-122.33248138427734,ALAMEDA,OAKLAND,-122.33248138427734,37.821712493896484
92391827,2023,2024-05-16,9345,2023-08-31,1700,023233,,4,2,9,0100,0,2,S,,2,022,"MEEKLAND AVENUE","HAMPTON ROAD",242.00,S,N,A,-,N,,,,,,,,,,N,2,0,1,2,A,-,17,22517,,M,B,G,A,A,H,-,A,D,0,,Y,,,Y,,A,01,1,0,0,0,0,0,1,0,0,"- ","- ",37.682949066162109,-122.11557769775391,ALAMEDA,UNINCORPORATED,-122.11571502685547,37.683063507080078
92397969,2024,2024-05-24,9345,2024-04-06,1802,023554,,6,2,6,0105,0,1,1,,2,071,"I-880 N/B (NIMITZ FREEWAY)","DECOTO ROAD",525.00,S,N,A,-,Y,ALA,,880," "," ",10.145,H,,R,Y,1,1,0,1,A,-,08,22107,,N,F,A,A,A,H,-,A,D,0,,,,,Y,,A,07,0,0,0,0,0,0,0,0,0,"- ","- ",37.562000274658203,-122.03645324707031,ALAMEDA,FREMONT,-122.03656005859375,37.561923980712891