CASE_ID,ACCIDENT_YEAR,PROC_DATE,JURIS,COLLISION_DATE,COLLISION_TIME,OFFICER_ID,REPORTING_DISTRICT,DAY_OF_WEEK,CHP_SHIFT,POPULATION,CNTY_CITY_LOC,SPECIAL_COND,BEAT_TYPE,CHP_BEAT_TYPE,CITY_DIVISION_LAPD,CHP_BEAT_CLASS,BEAT_NUMBER,PRIMARY_RD,SECONDARY_RD,DISTANCE,DIRECTION,INTERSECTION,WEATHER_1,WEATHER_2,STATE_HWY_IND,CALTRANS_COUNTY,CALTRANS_DISTRICT,STATE_ROUTE,ROUTE_SUFFIX,POSTMILE_PREFIX,POSTMILE,LOCATION_TYPE,RAMP_INTERSECTION,SIDE_OF_HWY,TOW_AWAY,COLLISION_SEVERITY,NUMBER_KILLED,NUMBER_INJURED,PARTY_COUNT,PRIMARY_COLL_FACTOR,PCF_CODE_OF_VIOL,PCF_VIOL_CATEGORY,PCF_VIOLATION,PCF_VIOL_SUBSECTION,HIT_AND_RUN,TYPE_OF_COLLISION,MVIW,PED_ACTION,ROAD_SURFACE,ROAD_COND_1,ROAD_COND_2,LIGHTING,CONTROL_DEVICE,CHP_ROAD_TYPE,PEDESTRIAN_ACCIDENT,BICYCLE_ACCIDENT,MOTORCYCLE_ACCIDENT,TRUCK_ACCIDENT,NOT_PRIVATE_PROPERTY,ALCOHOL_INVOLVED,STWD_VEHTYPE_AT_FAULT,CHP_VEHTYPE_AT_FAULT,COUNT_SEVERE_INJ,COUNT_VISIBLE_INJ,COUNT_COMPLAINT_PAIN,COUNT_PED_KILLED,COUNT_PED_INJURED,COUNT_BICYCLIST_KILLED,COUNT_BICYCLIST_INJURED,COUNT_MC_KILLED,COUNT_MC_INJURED,PRIMARY_RAMP,SECONDARY_RAMP,LATITUDE,LONGITUDE,COUNTY,CITY,POINT_X,POINT_Y
93763849,2024,2024-08-06,9390,2024-07-25,1718,020368,,4,2,6,0105,0,1,1,,2,064,"I-680 SOUTHBOUND","AUTO MALL PARKWAY",2640.00,S,N,A,-,Y,ALA,,680," ",M,3.484,H,,L,Y,2,0,1,1,A,-,03,22350,,N,F,0,A,A,H,-,A,D,0,,,Y,,Y,,C,02,1,0,0,0,0,0,0,0,1,"- ","- ",37.507621765136719,-121.93595886230469,ALAMEDA,FREMONT,-121.93592071533203,37.507637023925781
9379053,2021,2022-01-06,0111,2021-12-09,0609,263,,4,5,5,0111,0,0,0,,0,002,"EL CHARRO RD","RT 580",3.00,S,N,B,-,Y,ALA,4,580,-,-,16.697,R,4,E,N,2,0,1,1,A,-,08,22107,,N,F,A,A,B,H,-,B,D,0,,,,,Y,,-,,1,0,0,0,0,0,0,0,0,"- ",EO,,,ALAMEDA,PLEASANTON,-121.84877777099609,37.701072692871094
9381574,2022,2022-02-10,0111,2022-01-08,1640,316,,6,5,5,0111,0,0,0,,0,001,"FOOTHILL RD","SERENITY TER",182.00,N,N,A,-,N,,,,,,,,,,Y,2,0,2,2,A,-,05,21650,A,N,A,C,A,A,H,-,A,A,0,,,,,Y,,A,01,2,0,0,0,0,0,0,0,0,"- ","- ",,,ALAMEDA,PLEASANTON,-121.92793273925781,37.683319091796875
93849959,2024,2024-08-19,9390,2024-07-31,1102,017815,,3,1,9,0100,0,2,4,,2,440,"DEL VALLE RD.","MINES RD.",845.00,S,N,A,-,N,,,,,,,,,,Y,2,0,3,1,A,-,08,22107,,N,E,8,A,A,H,-,A,D,0,,,,,Y,,A,01,1,2,0,0,0,0,0,0,0,"- ","- ",37.620170593261719,-121.70189666748047,ALAMEDA,UNINCORPORATED,-121.70165252685547,37.620059967041016
9390901,2021,2022-01-25,0111,2021-12-29,2330,344,,3,5,5,0111,0,0,0,,0,003,"CASE AV","VALLEY AV",15.00,S,N,A,-,N,,,,,,,,,,Y,2,0,1,1,A,-,01,23152,A,N,E,I,A,B,H,-,C,D,0,,,,,Y,Y,A,07,1,0,0,0,0,0,0,0,0,"- ","- ",,,ALAMEDA,PLEASANTON,-121.88597106933594,37.650363922119141
9406340,2021,2022-02-18,0109,2021-07-09,1708,9294,1,5,5,7,0109,0,0,0,,0,07X,"WOOD ST","24TH ST",100.00,S,N,A,-,N,,,,,,,,,,N,2,0,1,2,A,-,08,22107,,F,G,B,E,A,H,-,A,C,0,Y,,,,Y,,A,08,1,0,0,0,1,0,0,0,0,"- ","- ",,,ALAMEDA,OAKLAND,-122.29241180419922,37.820030212402344
9406350,2021,2022-02-17,0106,2021-09-20,1832,395,,1,5,6,0106,0,0,0,,0,00G,"WEST TENNYSON RD","BALDWIN ST",20.00,W,N,A,-,N,,,,,,,,,,N,2,0,1,2,A,-,11,21954,A,N,G,B,D,A,H,-,A,D,0,Y,,,,Y,Y,N,60,1,0,0,0,1,0,0,0,0,"- ","- ",37.632598876953125,-122.06707763671875,ALAMEDA,HAYWARD,-122.06719970703125,37.632614135742188
9406752,2022,2022-03-14,0108,2022-02-18,2245,12418,13,5,5,4,0108,0,0,0,,0,001,"NEWARK BL","DAIRY AV",21.00,N,N,A,-,N,,,,,,,,,,Y,2,0,1,1,A,-,03,22350,,N,E,I,A,A,H,-,C,D,0,,,Y,,Y,Y,C,02,1,0,0,0,0,0,0,0,1,"- ","- ",37.538738250732422,-122.03254699707031,ALAMEDA,NEWARK,-122.0328369140625,37.538169860839844
9414256,2022,2022-03-24,0103,2022-01-21,1700,58,,5,5,6,0103,0,0,0,,0,002,"SHATTUCK AV","VIRGINIA ST",0.00,,Y,A,-,N,,,,,,,,,,N,2,0,1,2,A,-,09,21802,A,N,D,G,A,A,H,-,A,D,0,,Y,,,Y,,L,04,1,0,0,0,0,0,1,0,0,"- ","- ",37.8768310546875,-122.26863098144531,ALAMEDA,BERKELEY,-122.26894378662109,37.876590728759766
9416870,2021,2022-03-14,0105,2021-12-16,1929,14563,818,4,5,6,0105,0,0,0,,0,001,"FREMONT BL","WALNUT AV",0.00,,Y,A,-,N,,,,,,,,,,N,2,0,1,2,A,-,05,21650,1,F,H,G,A,A,H,-,C,A,0,,Y,,,Y,Y,L,04,1,0,0,0,0,0,1,0,0,"- ","- ",,,ALAMEDA,FREMONT,-121.98268890380859,37.545631408691406
94176465,2024,2025-04-17,9370,2024-08-04,1110,023799,,7,1,7,0109,0,1,3,,2,024,"SR-24 E/B",SR-13,1944.00,W,N,A,-,Y,ALA,,24," ",R,4.735,H,,R,N,2,0,1,1,A,-,01,23152,A,N,E,I,A,A,H,-,A,D,0,,,,,Y,Y,A,07,1,0,0,0,0,0,0,0,0,"- ","- ",37.848438262939453,-122.23518371582031,ALAMEDA,OAKLAND,-122.23512268066406,37.848651885986328
9417765,2021,2022-03-28,0109,2021-04-02,0824,9651,2,5,5,7,0109,0,0,0,,0,32X,"98TH AV","B ST",6.00,N,N,A,-,N,,,,,,,,,,N,2,0,1,2,A,-,10,21950,A,N,G,B,B,A,H,-,A,A,0,Y,,,,Y,,A,01,1,0,0,0,1,0,0,0,0,"- ","- ",,,ALAMEDA,OAKLAND,-122.17387390136719,37.742778778076172
9419476,2022,2022-04-11,0106,2022-01-01,0942,441,,6,5,6,0106,0,0,0,,0,00A,"2ND ST","ACACIA DR",45.00,N,N,A,-,N,,,,,,,,,,Y,2,0,1,3,A,-,03,22350,,N,C,E,A,A,H,-,A,D,0,,,,,Y,,A,01,1,0,0,0,0,0,0,0,0,"- ","- ",37.671249389648438,-122.07415008544922,ALAMEDA,HAYWARD,-122.07419586181641,37.671092987060547
9423183,2021,2022-05-02,0109,2021-09-07,2323,9591,2,2,5,7,0109,0,0,0,,0,30X,"INTERNATIONAL BL","80TH AV",40.00,E,N,A,-,N,,,,,,,,,,N,2,0,1,2,A,-,11,21954,A,N,G,B,D,A,H,-,C,D,0,Y,,,,Y,,N,60,1,0,0,0,1,0,0,0,0,"- ","- ",,,ALAMEDA,OAKLAND,-122.1815185546875,37.756542205810547
9427699,2022,2022-04-27,0106,2022-01-30,1810,415,,7,5,6,0106,0,0,0,,0,00F,"MISSION BL","ARROWHEAD WY",7.00,N,N,A,-,N,,,,,,,,,,Y,2,0,3,2,A,-,12,21453,A,F,D,C,A,A,H,-,C,A,0,,,,,Y,,A,07,1,0,2,0,0,0,0,0,0,"- ","- ",37.625381469726562,-122.04197692871094,ALAMEDA,HAYWARD,-122.04192352294922,37.625423431396484
9428895,2021,2022-04-01,0109,2021-08-28,2209,9897,1,6,5,7,0109,0,0,0,,0,07X,"SAN PABLO AV","ISABELLA ST",0.00,,Y,A,-,N,,,,,,,,,,N,2,0,1,2,A,-,10,21950,A,F,G,B,D,A,H,-,C,D,0,Y,,,,Y,,A,01,1,0,0,0,1,0,0,0,0,"- ","- ",,,ALAMEDA,OAKLAND,-122.27472686767578,37.814884185791016
9429389,2022,2022-05-04,0111,2022-04-04,0805,GONZALEZ,,1,5,5,0111,0,0,0,,0,002,"HACIENDA DR","OWENS DR",10.00,S,N,B,-,N,,,,,,,,,,Y,2,0,1,1,A,-,08,22107,,N,E,I,A,A,H,-,A,A,0,,,,,Y,,D,22,1,0,0,0,0,0,0,0,0,"- ","- ",,,ALAMEDA,PLEASANTON,-121.88935852050781,37.69769287109375
9431087,2022,2022-04-18,0112,2022-03-20,0111,390,,7,5,5,0112,0,0,0,,0,006,"WICKS BL","MISSION BAY LN",0.00,,Y,A,-,N,,,,,,,,,,N,2,0,1,2,A,-,11,21954,A,N,A,B,D,A,H,-,C,D,0,Y,,,,Y,Y,N,60,1,0,0,0,1,0,0,0,0,"- ","- ",37.683071136474609,-122.15840148925781,ALAMEDA,"SAN LEANDRO",-122.159053,37.682678000000003
94354459,2024,2024-08-14,9370,2024-07-20,"230 ",023368,,6,3,6,0103,0,1,1,,2,081,"INTERSTATE 80 EASTBOUND","GILMAN STREET",2505.00,W,N,A,-,Y,ALA,,80," "," ",6.164,H,,R,N,2,0,1,1,A,-,08,22107,,N,H,0,A,A,H,-,C,D,0,,,,,Y,,A,07,1,0,0,0,0,0,0,0,0,"- ","- ",37.871429443359375,-122.30491638183594,ALAMEDA,BERKELEY,-122.30508422851562,37.87139892578125
94356372,2024,2024-08-15,9370,2024-08-06,"820 ",024007,,2,1,7,0109,0,1,1,,2,053,"I-580 W/B","BEAUMONT AVE",270.00,W,N,A,-,Y,ALA,,580," ",R,42.259,H,,L,Y,2,0,1,3,A,-,08,22107,,N,E,I,A,A,H,-,A,D,0,,,Y,,Y,,C,02,1,0,0,0,0,0,0,0,1,"- ","- ",37.801498413085938,-122.22978210449219,ALAMEDA,OAKLAND,-122.22986602783203,37.801406860351562
94358973,2024,2024-08-19,9345,2024-08-06,2045,023690,,2,2,9,0100,0,2,S,,2,010,"WASHINGTON AVENUE","VIA ENRICO",0.00,,Y,A,-,N,,,,,,,,,,Y,2,0,1,2,A,-,12,21453,A,N,D,C,A,A,H,-,C,A,0,,,,,Y,,A,01,1,0,0,0,0,0,0,0,0,"- ","- ",37.682651519775391,-122.13802337646484,ALAMEDA,UNINCORPORATED,-122.13803863525391,37.682693481445312
9435919,2021,2022-04-25,0109,2021-10-01,2218,9220,1,5,5,7,0109,0,0,0,,0,04X,"LAKESIDE DR","MADISON ST",275.00,N,N,A,-,N,,,,,,,,,,N,2,0,1,2,A,-,17,21657,,N,A,J,A,A,H,-,C,D,0,,,,,Y,,M,94,1,0,0,0,0,0,0,0,0,"- ","- ",,,ALAMEDA,OAKLAND,-122.26261138916016,37.805721282958984
94385271,2024,2024-09-09,9345,2024-08-28,"120 ",023871,,3,3,6,0106,0,1,3,,2,092,"SR-92 WESTBOUND TO HESPERIAN BOULEVARD","HESPERIAN BLVD",300.00,W,N,A,-,Y,ALA,,92," ",R,5.701,H,,L,Y,2,0,1,1,A,-,03,22350,,N,E,J,A,A,H,-,C,D,0,,,,Y,Y,,F,27,1,0,0,0,0,0,0,0,0,"- ","- ",37.636180877685547,-122.10106658935547,ALAMEDA,HAYWARD,-122.10094451904297,37.635982513427734
94423652,2024,2024-10-08,9370,2024-05-17,"10  ",023347,,5,3,7,0109,0,1,1,,2,055,"I-580 E/B","VAN BUREN / SANTA CLARA PEDESTRIAN OVERCROSSING",61.20,E,N,A,-,Y,ALA,,580," "," ",43.745,H,,R,Y,1,1,2,2,A,-,01,23152,F,N,B,C,A,A,H,-,C,D,0,,,,,Y,,D,22,1,1,0,0,0,0,0,0,0,"- ","- ",37.811538696289062,-122.25022888183594,ALAMEDA,OAKLAND,-122.24997711181641,37.811653137207031
9442470,2022,2022-05-02,0109,2022-02-10,0009,9940,2,4,5,7,0109,0,0,0,,0,33X,"85TH AV","SAN LEANDRO ST",0.00,,Y,A,-,N,,,,,,,,,,Y,2,0,1,3,A,-,12,21453,A,F,H,C,A,A,H,-,C,A,0,,,,,Y,,A,01,1,0,0,0,0,0,0,0,0,"- ","- ",,,ALAMEDA,OAKLAND,-122.18907928466797,37.746997833251953
94429335,2024,2024-10-24,9390,2024-08-26,2200,023454,,1,3,9,0100,0,2,4,,2,221,"FOOTHILL RD (9000 BLOCK)","G RD",1056.00,N,N,A,-,N,,,,,,,,,,Y,1,1,0,1,A,-,08,22107,,N,E,8,A,A,H,-,D,D,0,,,,,Y,,D,22,0,0,0,0,0,0,0,0,0,"- ","- ",37.61090087890625,-121.87909698486328,ALAMEDA,UNINCORPORATED,,
94430078,2024,2024-10-14,9370,2024-09-27,1835,023346,,5,2,7,0109,0,1,1,,2,053,"I-580 W/B",FRUITVALE,198.00,E,N,A,-,Y,ALA,,580," ",R,41.478,H,,L,Y,2,0,1,2,A,-,03,22350,,N,B,C,A,A,H,-,A,D,0,,,Y,,Y,,C,02,1,0,0,0,0,0,0,0,1,"- ","- ",37.798149108886719,-122.21623992919922,ALAMEDA,OAKLAND,-122.21629333496094,37.798030853271484
94438488,2024,2024-10-21,9370,2024-10-10,1135,023795,,4,1,2,0104,0,1,1,,2,080,"I-80 E/B (EASTSHORE FREEWAY)","ASHBY AVE",5.00,W,N,A,-,Y,ALA,,80," "," ",4.294,H,,R,Y,2,0,1,1,A,-,08,22107,,N,E,I,A,A,H,-,A,D,0,,,,,Y,,A,01,1,0,0,0,0,0,0,0,0,"- ","- ",37.845001220703125,-122.29773712158203,ALAMEDA,EMERYVILLE,-122.29790496826172,37.844974517822266
94447120,2024,2024-10-28,9390,2024-08-20,"630 ",020395,,2,1,9,0100,0,1,1,,2,065,"INTERSTATE 680 NORTHBOUND","SHERIDAN ROAD",2640.00,N,N,A,-,Y,ALA,,680," ",R,8.943,H,,R,Y,1,1,0,2,A,-,01,23152,F,N,C,2,A,A,H,-,A,D,0,,,,Y,Y,,D,22,0,0,0,0,0,0,0,0,0,"- ","- ",37.567741394042969,-121.89640808105469,ALAMEDA,UNINCORPORATED,-121.896484375,37.567829132080078
94450702,2024,2024-10-30,9390,2024-08-31,"925 ",023163,,6,1,9,0100,0,1,1,,2,066,"I-680 NORTHBOUND","KOOPMANN RD",4224.00,N,N,A,-,Y,ALA,,680," ",R,13.334,H,,R,Y,1,1,0,1,A,-,08,22107,,N,E,8,A,A,H,-,A,D,0,,,,,Y,,A,01,0,0,0,0,0,0,0,0,0,"- ","- ",37.6131591796875,-121.87539672851562,ALAMEDA,UNINCORPORATED,-121.87545776367188,37.613140106201172
94459010,2024,2025-02-04,9390,2024-07-18,"702 ",023292,,4,1,6,0105,0,1,1,,2,064,"I-680 SOUTHBOUND","AUTO MALL PARKWAY",2800.00,S,N,A,-,Y,ALA,,680," ",M,3.472,H,,L,Y,1,1,1,5,A,-,03,22350,,N,C,C,A,A,H,-,A,D,0,,,,Y,Y,,G,25,0,0,1,0,0,0,0,0,0,"- ","- ",37.507450103759766,-121.93588256835938,ALAMEDA,FREMONT,-121.93582153320312,37.507469177246094
94460019,2024,2024-11-06,9345,2024-07-28,2355,023427,,7,3,6,0106,0,1,3,,2,092,"SR-92 W/B TO HESPERIAN BOULEVARD","HESPERIAN BOULEVARD",312.00,W,N,A,-,Y,ALA,,92," ",R,5.687,H,,L,Y,1,1,0,1,A,-,08,22107,,N,E,I,A,A,H,-,C,D,0,,,,Y,Y,,G,25,0,0,0,0,0,0,0,0,0,"- ","- ",37.636138916015625,-122.101318359375,ALAMEDA,HAYWARD,-122.10117340087891,37.635894775390625
94462462,2024,2024-11-07,9345,2024-10-26,1905,023470,,6,2,9,0100,0,1,1,,2,074,"I-880 S/B","WASHINGTON AVENUE",225.00,S,N,A,-,Y,ALA,,880," "," ",20.771,H,,L,Y,2,0,5,3,A,-,08,22107,,N,B,C,A,A,H,-,C,D,0,,,,,Y,,A,01,1,1,3,0,0,0,0,0,0,"- ","- ",37.690738677978516,-122.13822174072266,ALAMEDA,UNINCORPORATED,-122.13820648193359,37.690753936767578
94468252,2024,2024-11-13,9345,2024-05-15,2118,023389,,3,2,9,0100,0,2,S,,2,020,"LEWELLING BOULEVARD","EMBERS WAY",99.00,E,N,A,-,N,,,,,,,,,,N,1,1,0,2,A,-,11,21954,A,F,G,B,D,A,H,-,D,D,0,Y,,,,Y,,N,60,0,0,0,1,0,0,0,0,0,"- ","- ",37.686630249023438,-122.13259124755859,ALAMEDA,UNINCORPORATED,-122.13267517089844,37.686641693115234
94468622,2024,2024-11-13,9345,2024-11-01,"120 ",023079,,5,3,9,0100,0,1,S,,2,581,"I-580 EASTBOUND","GROVE WAY",1003.00,W,N,A,-,Y,ALA,,580," ",R,28.652,H,,L,N,2,0,1,1,A,-,08,22107,,N,E,8,A,A,H,-,D,D,0,,,,,Y,,A,07,1,0,0,0,0,0,0,0,0,"- ","- ",37.692878723144531,-122.06083679199219,ALAMEDA,UNINCORPORATED,-122.06089782714844,37.693008422851562
94478400,2024,2024-11-21,9345,2024-11-08,"820 ",023744,,5,1,6,0106,0,1,1,,2,073,"I-880 S/B","WINTON AVENUE",500.00,S,N,A,-,Y,ALA,,880," "," ",17.514,H,,L,N,2,0,1,2,A,-,07,21658,A,N,C,C,A,A,H,-,A,D,0,,,Y,,Y,,D,22,1,0,0,0,0,0,0,0,0,"- ","- ",37.655258178710938,-122.10082244873047,ALAMEDA,HAYWARD,-122.10089111328125,37.655231475830078
94487224,2024,2024-11-28,9370,2024-11-16,1620,023346,,6,2,7,0109,0,1,1,,2,008,"I-80 E/B","MARITIME STREET",1060.00,E,N,A,-,Y,ALA,,80," "," ",2.442,H,,R,Y,2,0,1,2,A,-,01,23152,A,N,C,2,A,A,H,-,A,D,0,,,,,Y,Y,A,01,1,0,0,0,0,0,0,0,0,"- ","- ",37.824871063232422,-122.30586242675781,ALAMEDA,OAKLAND,-122.30588531494141,37.824951171875
9449903,2022,2022-06-07,0109,2022-04-17,0054,9517,2,7,5,7,0109,0,0,0,,0,26X,"OAKPORT ST","ZHONE WY",200.00,W,N,A,-,N,,,,,,,,,,N,2,0,1,1,A,-,03,22350,,N,F,J,A,A,H,-,D,D,0,,,,,Y,,A,01,1,0,0,0,0,0,0,0,0,"- ","- ",,,ALAMEDA,OAKLAND,-122.21074676513672,37.753387451171875
94502938,2023,2024-12-13,9345,2023-11-19,"850 ",023046,,7,1,9,0100,0,2,S,,2,012,"HESPERIAN BOULEVARD NORTHBOUND","BOCKMAN ROAD",351.00,S,N,A,-,N,,,,,,,,,,Y,1,1,0,2,A,-,03,22350,,F,G,B,D,A,H,-,A,A,0,Y,,,,Y,,A,01,0,0,0,1,0,0,0,0,0,"- ","- ",37.670528411865234,-122.12106323242188,ALAMEDA,UNINCORPORATED,-122.12126922607422,37.670581817626953
9450649,2022,2022-06-06,0109,2022-01-14,1025,9671,2,5,5,7,0109,0,0,0,,0,26Y,"66TH AV","INTERNATIONAL BL",0.00,,Y,A,-,N,,,,,,,,,,N,2,0,3,4,A,-,12,21453,A,N,D,C,A,A,H,-,A,A,0,,,,,Y,,A,01,1,2,0,0,0,0,0,0,0,"- ","- ",,,ALAMEDA,OAKLAND,-122.19374084472656,37.762371063232422
9450672,2022,2022-06-07,0109,2022-03-30,0634,9958,2,3,5,7,0109,0,0,0,,0,26X,"HIGH ST","WATTLING ST",0.00,,Y,A,-,N,,,,,,,,,,N,2,0,2,3,A,-,10,21950,A,N,G,B,B,A,H,-,B,D,0,Y,,,,Y,,A,01,2,0,0,0,2,0,0,0,0,"- ","- ",,,ALAMEDA,OAKLAND,-122.21812438964844,37.769866943359375
94510942,2024,2024-12-20,9345,2024-12-07,2225,023554,,6,3,6,0106,0,1,1,,2,072,"I-880 S/B","WHIPPLE RD",75.00,N,N,A,-,Y,ALA,,880," "," ",13.699,H,,L,Y,2,0,2,4,A,-,01,23152,A,N,C,2,A,A,H,-,C,D,0,,,,,Y,Y,A,01,2,0,0,0,0,0,0,0,0,"- ","- ",37.606971740722656,-122.06694793701172,ALAMEDA,HAYWARD,-122.06696319580078,37.606964111328125
94510947,2024,2024-12-20,9345,2024-12-08,1710,023998,,7,2,6,0106,0,1,1,,2,074,"I-880 S/B","A STREET",1001.00,N,N,A,-,Y,ALA,,880," "," ",18.571,H,,L,N,2,0,1,4,A,-,03,22350,,N,C,C,A,A,H,-,D,D,0,,,Y,,Y,,C,02,1,0,0,0,0,0,0,0,1,"- ","- ",37.668991088867188,-122.10932922363281,ALAMEDA,HAYWARD,-122.10941314697266,37.668956756591797
94513744,2024,2024-12-23,9370,2024-11-25,1020,024007,,1,1,7,0109,0,1,1,,2,054,"I-580 W/B","SEMINARY AVE",200.00,W,N,B,C,Y,ALA,,13," "," ",4.291,H,,L,Y,2,0,1,1,A,-,03,22350,,N,E,I,A,B,H,-,A,D,0,,,,,Y,,D,22,1,0,0,0,0,0,0,0,0,"- ","- ",37.784088134765625,-122.17832946777344,ALAMEDA,OAKLAND,-122.17852020263672,37.784027099609375
94516887,2024,2024-12-26,9370,2024-12-13,1241,021457,,5,1,7,0109,0,1,3,,2,024,"SR-24 W/B (GROVE SHAFTER FREEWAY)","FREEWAY OVERPASS",370.00,W,N,B,-,Y,ALA,,24," ",R,5.390,H,,L,Y,2,0,4,2,A,-,03,22350,,N,C,C,A,B,E,-,A,D,0,,,,,Y,,A,01,1,3,0,0,0,0,0,0,0,"- ","- ",37.849769592285156,-122.22374725341797,ALAMEDA,OAKLAND,-122.22383880615234,37.849822998046875
9452148,2022,2022-06-02,0103,2022-04-07,1415,104,17,4,5,6,0103,0,0,0,,0,003,CEDAR,GRANT,0.00,,Y,A,-,N,,,,,,,,,,N,2,0,1,2,A,-,09,21801,A,N,D,C,A,A,H,-,A,D,0,,,Y,,Y,,A,07,1,0,0,0,0,0,0,0,1,"- ","- ",37.877540588378906,-122.27594757080078,ALAMEDA,BERKELEY,-122.27592468261719,37.877525329589844
94524037,2024,2025-02-06,9345,2024-12-25,"929 ",022459,,3,1,9,0100,0,1,1,,2,072,"INTERSTATE 880 SOUTHBOUND","ALVARADO NILES RD. OVERCROSSING",1148.00,N,N,B,-,Y,ALA,,880," "," ",13.279,H,,L,Y,2,0,1,2,A,-,03,22350,,N,C,C,A,A,H,-,A,A,0,,,,,Y,,A,01,1,0,0,0,0,0,0,0,0,"- ","- ",37.601661682128906,-122.06314849853516,ALAMEDA,UNINCORPORATED,-122.06319427490234,37.601642608642578
94530272,2024,2025-01-31,9390,2024-11-06,1940,019612,,3,2,9,0100,0,1,1,,2,054,"I-580 EASTBOUND","UNION PACIFIC RAILROAD OVERCROSSING (STONECUT)",1682.00,W,N,A,-,Y,ALA,,580," ",R,4.267,H,,L,Y,1,1,0,3,A,-,07,21658,A,F,B,C,A,A,H,-,C,D,0,,,Y,,Y,,-,99,0,0,0,0,0,0,0,1,0,"- ","- ",37.729610443115234,-121.63346862792969,ALAMEDA,UNINCORPORATED,-121.63339996337891,37.729576110839844
94535509,2024,2025-01-13,9345,2024-12-14,"100 ",023537,,6,3,6,0105,0,1,1,,2,071,"I-880 N/B","THORNTON AVENUE",150.00,S,N,C,-,Y,ALA,,880," "," ",8.588,H,,R,Y,2,0,3,1,A,-,01,23152,A,N,E,I,A,B,H,-,D,D,0,,,,,Y,Y,A,01,3,0,0,0,0,0,0,0,0,"- ","- ",37.543521881103516,-122.02052307128906,ALAMEDA,FREMONT,-122.02033996582031,37.543605804443359
94555359,2025,2025-01-30,9370,2025-01-17,"47  ",024234,,5,3,7,0109,0,1,1,,2,176,"I-880 N/B","HIGH STREET",1430.00,S,N,E,-,Y,ALA,,880," "," ",27.530,H,,R,Y,2,0,1,1,A,-,08,22107,,N,E,I,A,A,H,-,D,D,0,,,,,Y,,D,22,1,0,0,0,0,0,0,0,0,"- ","- ",37.764930725097656,-122.21749114990234,ALAMEDA,OAKLAND,-122.21750640869141,37.764919281005859
9456113,2023,2023-08-21,0108,2023-07-29,1517,12427,20,6,5,4,0108,0,0,0,,0,002,"THORNTON AV","SYCAMORE ST",40.00,W,N,A,-,N,,,,,,,,,,N,2,0,1,2,A,-,08,22107,,N,C,E,A,A,H,-,A,D,0,,,Y,,Y,,C,02,1,0,0,0,0,0,0,0,1,"- ","- ",37.530048370361328,-122.03830718994141,ALAMEDA,NEWARK,-122.03843688964844,37.529979705810547
94569808,2024,2025-02-07,9370,2024-09-27,1730,023475,,5,2,7,0109,0,1,1,,2,053,"I-580 W/B (MACARTHUR FREEWAY)","13TH AVENUE",246.00,E,N,A,-,Y,ALA,,580," ",R,42.323,H,,R,Y,1,1,1,1,A,-,08,22107,,N,E,I,A,A,H,-,A,D,0,,,,,Y,,A,01,1,0,0,0,0,0,0,0,0,"- ","- ",37.802261352539062,-122.23052978515625,ALAMEDA,OAKLAND,-122.23063659667969,37.802177429199219
94583135,2024,2025-02-18,9345,2024-10-06,"535 ",023452,,7,3,4,0108,0,1,3,,1,184,"SR-84 SOUTHBOUND","ARDENWOOD BOULEVARD",1049.00,N,N,A,-,Y,ALA,,84," ",R,4.941,H,,L,N,1,1,0,2,A,-,00,21960,A,N,G,B,E,A,H,-,D,D,0,Y,,,,Y,,N,60,0,0,0,1,0,0,0,0,0,"- ","- ",37.552330017089844,-122.05171966552734,ALAMEDA,NEWARK,-122.05168914794922,37.552303314208984
94584449,2024,2025-02-19,9370,2024-04-30,"720 ",022856,,2,1,7,0109,0,1,1,,2,008,"I-80 E/B TO I-880 S/B","WEST GRAND AVENUE",2196.00,E,N,A,-,Y,ALA,,880,S," ",0.034,H,,L,N,1,1,0,2,A,-,07,21658,A,N,B,C,A,A,H,-,A,D,0,,,Y,,Y,,C,02,0,0,0,0,0,0,0,1,0,"- ","- ",37.81549072265625,-122.29995727539062,ALAMEDA,OAKLAND,-122.29998779296875,37.815509796142578
94584554,2024,2025-02-19,9370,2024-03-19,"429 ",023330,,2,3,7,0109,0,1,1,,2,055,"I-580 W/B TO I-80 W/B","I-880 N/B TO I-80 E/B O/C",546.00,W,N,A,-,Y,ALA,,580," "," ",46.485,H,,R,Y,1,1,3,3,A,-,01,23152,F,N,A,C,A,A,H,-,D,D,0,,,,,Y,,D,22,2,1,0,0,0,0,0,0,0,"- ","- ",37.827701568603516,-122.29193115234375,ALAMEDA,OAKLAND,-122.29191589355469,37.827716827392578
94584571,2024,2025-02-20,9370,2024-10-15,2250,022981,,2,3,7,0109,0,1,1,,2,052,"I-580 E/B","38TH AVE",598.00,E,N,A,-,Y,ALA,,580," ",R,40.281,H,,L,Y,1,1,0,4,A,-,01,23152,G,N,E,8,A,A,H,-,D,D,0,,,,,Y,Y,D,22,0,0,0,0,0,0,0,0,0,"- ","- ",37.788089752197266,-122.19911193847656,ALAMEDA,OAKLAND,-122.19902038574219,37.788200378417969