CASE_ID,ACCIDENT_YEAR,PROC_DATE,JURIS,COLLISION_DATE,COLLISION_TIME,OFFICER_ID,REPORTING_DISTRICT,DAY_OF_WEEK,CHP_SHIFT,POPULATION,CNTY_CITY_LOC,SPECIAL_COND,BEAT_TYPE,CHP_BEAT_TYPE,CITY_DIVISION_LAPD,CHP_BEAT_CLASS,BEAT_NUMBER,PRIMARY_RD,SECONDARY_RD,DISTANCE,DIRECTION,INTERSECTION,WEATHER_1,WEATHER_2,STATE_HWY_IND,CALTRANS_COUNTY,CALTRANS_DISTRICT,STATE_ROUTE,ROUTE_SUFFIX,POSTMILE_PREFIX,POSTMILE,LOCATION_TYPE,RAMP_INTERSECTION,SIDE_OF_HWY,TOW_AWAY,COLLISION_SEVERITY,NUMBER_KILLED,NUMBER_INJURED,PARTY_COUNT,PRIMARY_COLL_FACTOR,PCF_CODE_OF_VIOL,PCF_VIOL_CATEGORY,PCF_VIOLATION,PCF_VIOL_SUBSECTION,HIT_AND_RUN,TYPE_OF_COLLISION,MVIW,PED_ACTION,ROAD_SURFACE,ROAD_COND_1,ROAD_COND_2,LIGHTING,CONTROL_DEVICE,CHP_ROAD_TYPE,PEDESTRIAN_ACCIDENT,BICYCLE_ACCIDENT,MOTORCYCLE_ACCIDENT,TRUCK_ACCIDENT,NOT_PRIVATE_PROPERTY,ALCOHOL_INVOLVED,STWD_VEHTYPE_AT_FAULT,CHP_VEHTYPE_AT_FAULT,COUNT_SEVERE_INJ,COUNT_VISIBLE_INJ,COUNT_COMPLAINT_PAIN,COUNT_PED_KILLED,COUNT_PED_INJURED,COUNT_BICYCLIST_KILLED,COUNT_BICYCLIST_INJURED,COUNT_MC_KILLED,COUNT_MC_INJURED,PRIMARY_RAMP,SECONDARY_RAMP,LATITUDE,LONGITUDE,COUNTY,CITY,POINT_X,POINT_Y
94584952,2025,2025-02-20,9370,2025-02-11,"530 ",024106,,2,3,7,0109,0,1,1,,2,052,"I-580 E/B","106TH AVE",430.00,W,N,A,-,Y,ALA,,580," ",R,35.804,H,,R,Y,2,0,4,5,A,-,07,21658,A,N,B,C,A,A,H,-,D,D,0,,,,,Y,,A,01,1,3,0,0,0,0,0,0,0,"- ","- ",37.746101379394531,-122.14956665039062,ALAMEDA,OAKLAND,-122.14937591552734,37.746162414550781
94586423,2025,2025-02-21,9345,2025-02-12,"925 ",024265,,3,1,9,0100,0,1,1,,2,074,"I-880 N/B",I-238,1320.00,S,N,B,-,Y,ALA,,880," "," ",20.194,H,,R,N,2,0,2,2,A,-,07,21658,A,N,B,2,A,A,H,-,A,D,0,,,Y,,Y,,A,07,1,1,0,0,0,0,0,0,1,"- ","- ",37.685520172119141,-122.13011932373047,ALAMEDA,UNINCORPORATED,-122.13014984130859,37.685489654541016
94588068,2024,2025-02-24,9370,2024-10-25,2019,023777,,5,2,7,0109,0,1,1,,2,178,"I-880 N/B","7TH ST",548.00,N,N,A,-,Y,ALA,,880," ",R,33.636,H,,R,N,1,1,0,2,A,-,05,21202,A,N,D,G,A,A,H,-,C,D,0,,Y,,,Y,,L,04,0,0,0,0,0,1,0,0,0,"- ","- ",37.809520721435547,-122.30442810058594,ALAMEDA,OAKLAND,-122.30448913574219,37.809524536132812
94589688,2025,2025-02-25,9345,2025-02-16,1218,023363,,7,1,9,0100,0,2,S,,2,020,"ASHLAND AVENUE","CRESPI PLACE",100.00,N,N,C,-,N,,,,,,,,,,N,2,0,1,1,A,-,08,22107,,N,E,A,A,A,H,-,A,D,0,,,,,Y,,M,94,1,0,0,0,0,0,0,0,0,"- ","- ",37.690269470214844,-122.11907196044922,ALAMEDA,UNINCORPORATED,-122.11898803710938,37.690395355224609
94597046,2025,2025-03-05,9390,2025-02-17,"920 ",019738,,1,1,5,0111,0,1,1,,2,051,"I-580 WESTBOUND TO I-680 SOUTHBOUND","I-680 NORTHBOUND",945.00,E,N,A,-,Y,ALA,,580," "," ",20.528,H,,R,Y,2,0,1,2,A,-,03,22350,,N,C,C,A,A,H,-,A,D,0,,,Y,,Y,,C,02,1,0,0,0,0,0,0,0,1,"- ","- ",37.701938629150391,-121.91928100585938,ALAMEDA,PLEASANTON,-121.91925048828125,37.701839447021484
94603189,2024,2025-03-18,9345,2024-11-10,"736 ",023668,,7,1,6,0105,0,1,1,,2,070,"I-880 S/B TO AUTOMALL PARKWAY","AUTOMALL PARKWAY",500.00,N,N,A,-,Y,,,,,,,,,,Y,1,1,0,1,A,-,01,23152,A,N,E,8,A,A,H,-,A,D,0,,,,,Y,Y,A,01,0,0,0,0,0,0,0,0,0,"- ","- ",37.508159637451172,-121.96927642822266,ALAMEDA,FREMONT,-121.96883392333984,37.508358001708984
94607831,2025,2025-03-18,9345,2025-02-21,1815,023995,,5,2,6,0105,0,1,1,,2,070,"I-880 N/B","AUTO MALL PKWY",3168.00,S,N,A,-,Y,ALA,,880," "," ",4.118,H,,R,N,2,0,1,2,A,-,07,21658,A,F,B,C,A,A,H,-,B,D,0,,,Y,,Y,,-,99,1,0,0,0,0,0,0,0,1,"- ","- ",37.501361846923828,-121.95974731445312,ALAMEDA,FREMONT,-121.95965576171875,37.501438140869141
94609935,2025,2025-03-18,9345,2025-03-08,1218,024265,,6,1,9,0100,0,2,S,,2,004,"CENTER ST","GROVE WAY",634.00,S,N,A,-,N,,,,,,,,,,N,2,0,1,1,A,-,08,22107,,N,F,A,A,A,H,-,A,D,0,,,,,Y,Y,M,94,1,0,0,0,0,0,0,0,0,"- ","- ",37.688030242919922,-122.06276702880859,ALAMEDA,UNINCORPORATED,-122.06260681152344,37.688282012939453
94610925,2025,2025-03-19,9345,2025-03-07,"330 ",024248,,5,3,6,0106,0,1,1,,2,072,"I-880 N/B","TENNYSON RD",1584.00,N,N,A,-,Y,ALA,,880," "," ",16.077,H,,R,Y,2,0,2,3,A,-,05,21651,C,N,A,C,A,A,H,-,C,D,0,,,,Y,Y,,A,01,2,0,0,0,0,0,0,0,0,"- ","- ",37.636188507080078,-122.08744049072266,ALAMEDA,HAYWARD,-122.08755493164062,37.636138916015625
94612167,2024,2025-03-20,9345,2024-08-18,"545 ",023541,,7,3,6,0105,0,1,1,,2,070,"INTERSTATE 880 NORTHBOUND","WARREN AVENUE",111.00,S,N,B,-,Y,ALA,,880," "," ",2.257,H,,R,Y,1,3,0,1,A,-,01,23152,F,N,E,I,A,A,H,-,A,D,0,,,,,Y,Y,A,07,0,0,0,0,0,0,0,0,0,"- ","- ",37.483280181884766,-121.93634033203125,ALAMEDA,FREMONT,-121.93638610839844,37.483253479003906
94641797,2025,2025-04-08,9390,2025-03-18,1240,019780,,2,1,9,0100,0,1,1,,2,050,"I-580 WESTBOUND","SCHAEFER RANCH ROAD",2746.00,E,N,A,-,Y,ALA,,580," ",R,23.345,H,,R,Y,2,0,1,1,A,-,08,22107,,N,E,I,A,A,H,-,A,D,0,,,,,Y,,A,01,1,0,0,0,0,0,0,0,0,"- ","- ",37.697540283203125,-121.96993255615234,ALAMEDA,UNINCORPORATED,-121.96994018554688,37.697441101074219
9464234,2022,2023-04-07,0109,2022-08-17,1810,9644,1,3,5,7,0109,0,0,0,,0,02X,"POPLAR ST","14TH ST",0.00,,Y,A,-,N,,,,,,,,,,Y,1,1,0,2,A,-,09,21801,B,F,D,C,A,A,H,-,A,D,0,,,,,Y,,A,01,0,0,0,0,0,0,0,0,0,"- ","- ",,,ALAMEDA,OAKLAND,-122.28929138183594,37.810222625732422
9465381,2022,2022-12-21,0109,2022-10-06,1318,10021,2,4,5,7,0109,0,0,0,,0,30X,"98TH AV","INTERNATIONAL BL",0.00,,Y,A,-,N,,,,,,,,,,Y,2,0,2,2,A,-,12,21453,A,N,B,C,A,A,H,-,A,A,0,,,Y,,Y,,C,06,1,0,1,0,0,0,0,0,1,"- ","- ",,,ALAMEDA,OAKLAND,-122.17057800292969,37.744327545166016
94674418,2025,2025-05-05,9370,2025-04-25,1950,023346,,5,2,7,0109,0,1,1,,2,176,"I-880 S/B","66TH AVE",719.00,S,N,B,-,Y,ALA,,880," "," ",26.466,H,,L,Y,2,0,1,3,A,-,08,22107,,N,C,C,A,A,H,-,D,D,0,,,,,Y,,A,01,1,0,0,0,0,0,0,0,0,"- ","- ",37.752170562744141,-122.206787109375,ALAMEDA,OAKLAND,-122.20672607421875,37.752204895019531
94674670,2025,2025-05-05,9390,2025-01-28,"134 ",023681,,2,3,9,0100,0,2,4,,2,557,"ALTAMONT PASS ROAD (8609 BLOCK)","CARROLL ROAD",1345.00,W,N,A,-,N,,,,,,,,,,Y,2,0,2,1,A,-,01,23152,G,N,E,I,A,A,H,-,D,D,0,,,,,Y,Y,A,01,1,0,1,0,0,0,0,0,0,"- ","- ",37.723030090332031,-121.68190765380859,ALAMEDA,UNINCORPORATED,-121.68001556396484,37.722736358642578
94678227,2025,2025-05-07,9370,2025-04-22,1521,022856,,2,2,7,0109,0,1,3,,2,024,"SR-24 W/B","PATTON STREET",699.00,E,N,A,-,Y,ALA,,24," ",R,4.333,H,,L,N,2,0,1,3,A,-,03,22350,,N,F,0,A,A,H,-,A,D,0,,,Y,,Y,,C,02,1,0,0,0,0,0,0,0,1,"- ","- ",37.849411010742188,-122.24195861816406,ALAMEDA,OAKLAND,-122.24198150634766,37.849437713623047
94680040,2025,2025-05-08,9345,2025-01-26,"132 ",023466,,7,3,6,0105,0,1,1,,2,071,"I-880 S/B","NORTH EDGE OF CENTRAL AVENUE OVERCROSSING",21.00,S,N,A,-,Y,ALA,,880," "," ",8.254,H,,L,Y,1,2,1,2,A,-,01,23152,A,N,A,C,A,A,H,-,C,D,0,,,,,Y,Y,A,01,1,0,0,0,0,0,0,0,0,"- ","- ",37.539260864257812,-122.01738739013672,ALAMEDA,FREMONT,-122.01750946044922,37.539207458496094
94682354,2025,2025-05-09,9370,2025-04-30,1500,024455,,3,2,7,0109,0,1,1,,2,055,"I-580 W/B","GRAND AVE",280.00,W,N,A,-,Y,ALA,,580," "," ",43.690,H,,R,Y,2,0,2,1,A,-,08,22107,,N,E,I,A,A,H,-,A,D,0,,,,,Y,,A,01,2,0,0,0,0,0,0,0,0,"- ","- ",37.811119079589844,-122.24929809570312,ALAMEDA,OAKLAND,-122.24942016601562,37.811031341552734
94695175,2025,2025-05-21,9370,2025-05-12,"0   ",024126,,1,3,7,0109,0,1,1,,2,176,"INTERSTATE 880 NORTHBOUND","HIGH ST",3849.00,S,N,A,-,Y,ALA,,880," "," ",27.074,H,,R,Y,2,0,2,2,A,-,01,23152,A,N,B,C,A,A,H,-,C,D,0,,,,,Y,Y,A,01,1,0,1,0,0,0,0,0,0,"- ","- ",37.759429931640625,-122.21283721923828,ALAMEDA,OAKLAND,-122.21275329589844,37.759479522705078
94698734,2025,2025-05-23,9345,2025-02-02,"146 ",023520,,7,3,6,0106,0,1,1,,2,072,"I-880 N/B","INDUSTRIAL PARKWAY",600.00,S,N,C,-,Y,ALA,,880," "," ",14.428,H,,R,Y,1,1,1,2,A,-,01,23152,A,N,C,C,A,B,H,-,C,D,0,,,,,Y,Y,A,07,0,1,0,0,0,0,0,0,0,"- ","- ",37.616161346435547,-122.07318878173828,ALAMEDA,HAYWARD,-122.07316589355469,37.616168975830078
94705022,2025,2025-06-06,9390,2025-05-06,1824,024282,,2,2,9,0100,0,1,1,,2,053,"I-580 EASTBOUND","GREENVILLE ROAD",9346.00,E,N,A,-,Y,ALA,,580," ",R,7.408,H,,L,Y,2,0,2,2,A,-,07,21658,A,N,C,C,A,A,H,-,A,D,0,,,Y,,Y,,A,01,1,0,1,0,0,0,0,0,1,"- ","- ",37.721031188964844,-121.68499755859375,ALAMEDA,UNINCORPORATED,-121.68500518798828,37.721050262451172
94720502,2024,2025-06-10,9345,2024-11-16,2143,023477,,6,2,9,0100,0,1,S,,2,185,"STATE ROUTE 185 (MISSION BOULEVARD) N/B","LEWELLNG BOULEVARD",0.00,,Y,A,-,Y,,,,,,,,,,N,1,1,0,2,A,-,11,21950,B,N,G,B,B,A,H,-,C,A,0,Y,,,,Y,,N,60,0,0,0,1,0,0,0,0,0,"- ","- ",37.688430786132812,-122.10446929931641,ALAMEDA,UNINCORPORATED,-122.10430145263672,37.688220977783203
94733925,2025,2025-07-31,9345,2025-04-14,"600 ",024201,,1,1,5,0113,0,1,1,,2,072,"I-880 NORTHBOUND TO ALVARADO NILES RD.","ALVARADO NILES RD.",200.00,S,N,A,-,Y,ALA,,880," "," ",13.010,H,,R,N,2,0,1,1,C,-,18,,,N,E,8,A,A,H,-,A,D,0,,,,,Y,,-,"- ",1,0,0,0,0,0,0,0,0,"- ","- ",37.598369598388672,-122.06028747558594,ALAMEDA,"UNION CITY",-122.06048583984375,37.598281860351562
9473872,2022,2022-08-29,0109,2022-07-07,1759,10010,1,4,5,7,0109,0,0,0,,0,16X,"PARK BL","LEIMERT BL",0.00,,Y,A,-,N,,,,,,,,,,N,2,0,1,2,A,-,10,21950,A,N,A,B,B,A,H,-,A,A,0,Y,,,,Y,,A,08,1,0,0,0,1,0,0,0,0,"- ","- ",,,ALAMEDA,OAKLAND,-122.21468353271484,37.812698364257812
94747568,2025,2025-07-07,9390,2025-06-14,1910,024293,,6,2,9,0100,0,1,1,,2,025,"I-205 EASTBOUND","I-580 WESTBOUND",108.00,E,N,A,-,Y,ALA,,205," ",L,0.575,H,,R,Y,2,0,1,2,A,-,07,21658,A,N,B,D,A,A,H,-,A,D,0,,,Y,,Y,,A,01,1,0,0,0,0,0,0,0,1,"- ","- ",37.742630004882812,-121.56271362304688,ALAMEDA,UNINCORPORATED,-121.56270599365234,37.742626190185547
94751937,2025,2025-07-07,9390,2025-06-20,"400 ",024208,,5,3,9,0100,0,1,1,,2,054,"I-580 EASTBOUND","UNION PACIFIC RAILROAD OVERCROSSING (STONECUT)",1584.00,W,N,A,-,Y,ALA,,580," ",R,4.330,H,,L,Y,2,0,1,1,A,-,08,22107,,N,E,I,A,A,H,-,D,D,0,,,,,Y,,A,01,1,0,0,0,0,0,0,0,0,"- ","- ",37.728828430175781,-121.63407897949219,ALAMEDA,UNINCORPORATED,-121.63402557373047,37.728801727294922
9478334,2022,2022-08-02,0103,2022-06-07,0411,32,,2,5,6,0103,0,0,0,,0,003,"MARTIN LUTHER KING JR WY","HEARST AV",0.00,,Y,A,-,N,,,,,,,,,,Y,2,0,2,2,A,-,12,21453,A,N,D,D,A,-,H,-,-,A,0,,,,,Y,,A,01,1,0,1,0,0,0,0,0,0,"- ","- ",37.873298645019531,-122.27320098876953,ALAMEDA,BERKELEY,-122.27320098876953,37.873332977294922
94807061,2025,2025-08-18,9345,2025-02-11,2004,023594,,2,2,9,0100,0,2,S,,2,022,"MEEKLAND AVENUE","WILLOW AVENUE",0.00,,Y,B,C,N,,,,,,,,,,N,1,1,0,2,A,-,17,21200,,N,D,G,A,B,H,-,C,A,0,,Y,,,Y,,L,04,0,0,0,0,0,1,0,0,0,"- ","- ",37.672771453857422,-122.10562133789062,ALAMEDA,UNINCORPORATED,-122.10562896728516,37.672767639160156
9486894,2022,2022-10-05,0100,2022-08-31,1806,2378,DUBLI,3,5,4,0198,0,0,0,,0,072,"AMADOR PLAZA RD","AMADOR VALLEY BL",25.00,W,N,A,-,N,,,,,,,,,,,2,0,1,2,A,-,10,21950,A,F,G,B,B,A,H,-,A,A,0,Y,,,,Y,,-,"- ",1,0,0,0,1,0,0,0,0,"- ","- ",37.708881378173828,-121.93061065673828,ALAMEDA,DUBLIN,-121.93077850341797,37.709049224853516
9487164,2022,2022-09-26,0103,2022-08-25,1920,10,21,4,5,6,0103,0,0,0,,0,014,8TH,UNIVERSITY,0.00,,Y,A,-,N,,,,,,,,,,N,2,0,1,2,A,-,09,21800,A,N,D,C,A,A,H,-,-,D,0,,,Y,,Y,,A,01,1,0,0,0,0,0,0,0,1,"- ","- ",37.868419647216797,-122.29551696777344,ALAMEDA,BERKELEY,-122.29553985595703,37.868473052978516
9487432,2022,2022-10-13,0103,2022-08-24,1730,107,35,3,5,6,0103,0,0,0,,0,008,ASHBY,SHATTUCK,0.00,,Y,A,-,Y,ALA,4,13,-,-,12.058,I,5,N,N,2,0,1,2,A,-,10,21950,A,N,G,B,B,A,H,-,A,A,0,Y,,,,Y,,D,22,1,0,0,0,1,0,0,0,0,"- ","- ",37.855461120605469,-122.26686096191406,ALAMEDA,BERKELEY,-122.26652526855469,37.855300903320312
9487484,2022,2022-09-26,0103,2022-07-25,1650,146,3602,1,5,6,0103,0,0,0,,0,006,TELEGRAPH,DERBY,0.00,,Y,A,-,N,,,,,,,,,,Y,2,0,1,2,A,-,10,21950,A,N,G,B,B,A,H,-,A,A,0,Y,,,,Y,,A,01,1,0,0,0,1,0,0,0,0,"- ","- ",37.861400604248047,-122.25894165039062,ALAMEDA,BERKELEY,-122.25894927978516,37.861396789550781
9489444,2022,2022-08-31,0106,2022-07-07,0053,373,,4,5,6,0106,0,0,0,,0,00D,"HESPERIAN BL","W WINTON AV W",0.00,,Y,A,-,N,,,,,,,,,,Y,2,0,1,2,D,-,00,,,N,H,G,A,A,H,-,C,A,0,,Y,,,Y,,-,"- ",1,0,0,0,0,0,1,0,0,"- ","- ",37.653079986572266,-122.11026000976562,ALAMEDA,HAYWARD,-122.11030578613281,37.653049468994141
9489454,2022,2022-08-31,0106,2022-07-15,2058,471,,5,5,6,0106,0,0,0,,0,00H,"E 12TH ST","TENNYSON RD",0.00,,Y,A,-,N,,,,,,,,,,Y,2,0,2,2,A,-,12,21453,A,N,D,C,A,A,H,-,C,A,0,,,,,Y,,A,01,1,0,1,0,0,0,0,0,0,"- ","- ",37.636001586914062,-122.05642700195312,ALAMEDA,HAYWARD,-122.05674743652344,37.636405944824219
9489460,2022,2022-09-01,0106,2022-07-11,1915,475,,1,5,6,0106,0,0,0,,0,00E,"INDUSTRIAL AV","SLEEPY HOLLOW",786.00,S,N,A,-,N,,,,,,,,,,Y,2,0,1,1,A,-,03,22350,,N,E,I,A,A,H,-,A,A,0,,,Y,,Y,,C,02,1,0,0,0,0,0,0,0,1,"- ","- ",37.628681182861328,-122.10910797119141,ALAMEDA,HAYWARD,-122.10884857177734,37.629074096679688
9489719,2022,2022-09-14,0106,2022-06-08,1553,368,,3,5,6,0106,0,0,0,,0,00H,"CANTERA DR","TENNYSON RD",508.00,N,N,A,-,N,,,,,,,,,,N,2,0,2,2,A,-,03,22350,,N,A,E,A,A,H,-,A,D,0,,,Y,,Y,,C,02,1,0,1,0,0,0,0,0,2,"- ","- ",37.639591217041016,-122.04692077636719,ALAMEDA,HAYWARD,-122.04674530029297,37.639644622802734
9494229,2022,2022-10-27,0103,2022-09-20,2045,14,,2,5,6,0103,0,0,0,,0,009,ASHBY,CALIFORNIA,0.00,,Y,A,-,Y,ALA,4,13,-,-,12.640,I,5,S,Y,2,0,1,2,A,-,12,22450,A,F,D,C,A,A,H,-,D,A,0,,,Y,,Y,,-,99,1,0,0,0,0,0,0,0,1,"- ","- ",37.853549957275391,-122.27693176269531,ALAMEDA,BERKELEY,-122.27694702148438,37.853565216064453
9498090,2022,2022-09-27,0109,2022-08-19,1617,9971,2,5,5,7,0109,0,0,0,,0,35X,"GOLF LINKS RD","GLENLY AV",30.00,E,N,A,-,N,,,,,,,,,,N,2,0,3,2,A,-,05,21460,A,M,A,C,A,A,H,-,A,D,0,,,,,Y,,A,01,1,2,0,0,0,0,0,0,0,"- ","- ",,,ALAMEDA,OAKLAND,-122.15563201904297,37.759315490722656
9498717,2021,2022-10-19,0109,2021-08-30,2327,8676,2,1,5,7,0109,0,0,0,,0,23X,"FOOTHILL BL","HIGH ST",0.00,,Y,A,-,N,,,,,,,,,,Y,2,0,1,2,A,-,01,23153,B,F,G,B,B,A,H,-,C,A,0,Y,,,,Y,Y,A,07,1,0,0,0,1,0,0,0,0,"- ","- ",,,ALAMEDA,OAKLAND,-122.21180725097656,37.774692535400391
9498887,2022,2022-10-27,0103,2022-09-04,2355,56,,7,5,6,0103,0,0,0,,0,016,"RT 123","DELAWARE ST",135.00,S,N,A,-,Y,ALA,4,123,-,-,3.310,H,-,N,N,2,0,1,2,A,-,11,21954,A,F,G,B,D,A,H,-,D,D,0,Y,,,,Y,,N,60,1,0,0,0,1,0,0,0,0,"- ","- ",37.870418548583984,-122.29254913330078,ALAMEDA,BERKELEY,-122.29280853271484,37.871334075927734
9501020,2022,2022-10-24,0113,2022-07-15,0321,5055,A121,5,5,5,0113,0,0,0,,0,004,"DECOTO RD","PERRY RD",24.00,S,N,A,-,N,,,,,,,,,,Y,2,0,1,1,A,-,01,23152,A,N,E,I,A,A,H,-,C,A,0,,,,,Y,Y,A,01,1,0,0,0,0,0,0,0,0,"- ","- ",,,ALAMEDA,"UNION CITY",-122.02296447753906,37.583526611328125
9502063,2022,2022-10-26,0103,2022-09-05,1953,14,,1,5,6,0103,0,0,0,,0,010,"MLK JR",OREGON,0.00,,Y,A,-,N,,,,,,,,,,N,2,0,1,2,A,-,12,21453,A,N,A,G,A,A,H,-,B,A,0,,Y,,,Y,,L,04,1,0,0,0,0,0,1,0,0,"- ","- ",37.856220245361328,-122.27416229248047,ALAMEDA,BERKELEY,-122.27143096923828,37.857032775878906
9504010,2022,2022-10-13,0100,2022-07-31,2210,2254,DUBLI,7,5,4,0198,0,0,0,,0,072,"DOUGHERTY RD","PARK SIERRA",638.00,S,N,A,-,N,,,,,,,,,,N,1,1,0,3,A,-,01,23152,G,N,G,B,E,A,H,-,C,D,0,Y,,,,Y,Y,N,60,0,0,0,1,0,0,0,0,0,"- ","- ",37.710880279541016,-121.91036224365234,ALAMEDA,DUBLIN,-121.91037750244141,37.709148406982422
9504015,2022,2022-10-13,0103,2022-06-11,0003,104,"40 01",6,5,6,0103,0,0,0,,0,009,"MLK JR","STANFORD AV",0.00,,Y,A,-,N,,,,,,,,,,Y,1,1,0,1,A,-,01,23152,B,N,E,I,A,A,H,-,C,A,0,,,Y,,Y,Y,C,02,0,0,0,0,0,0,0,1,0,"- ","- ",37.848751068115234,-122.27144622802734,ALAMEDA,BERKELEY,-122.27302551269531,37.846187591552734
9504756,2022,2022-11-22,0109,2022-06-12,2108,9897,2,7,5,7,0109,0,0,0,,0,23X,"SAN LEANDRO ST","35TH AV",8.00,S,N,A,-,N,,,,,,,,,,Y,2,0,1,2,A,-,03,22350,,N,A,C,A,A,H,-,C,A,0,,,Y,,Y,,C,03,1,0,0,0,0,0,0,0,1,"- ","- ",,,ALAMEDA,OAKLAND,-122.22423553466797,37.774017333984375
9504779,2022,2022-10-31,0109,2022-06-06,1248,9984,1,1,5,7,0109,0,0,0,,0,18X,"19TH AV","27TH ST",0.00,,Y,A,-,N,,,,,,,,,,Y,2,0,1,3,A,-,03,22350,,N,A,E,A,A,H,-,A,A,0,,,,,Y,,A,07,1,0,0,0,0,0,0,0,0,"- ","- ",,,ALAMEDA,OAKLAND,-122.23191070556641,37.795986175537109
9509108,2022,2022-11-30,0108,2022-10-21,2231,12418,40,5,5,4,0108,0,0,0,,0,002,"BALENTINE DR","MOWRY SCHOOL RD",163.00,N,N,A,-,N,,,,,,,,,,Y,2,0,1,1,A,-,01,23152,,N,E,I,A,A,H,-,C,D,0,,,,,Y,Y,A,01,1,0,0,0,0,0,0,0,0,"- ","- ",37.521858215332031,-121.99230194091797,ALAMEDA,NEWARK,-121.99276733398438,37.521999359130859
9514798,2023,2024-02-17,0109,2023-11-15,2307,9860,1,3,5,7,0109,0,0,0,,0,06X,"36TH ST","MARTIN LUTHER KING JR WY",0.00,,Y,A,-,N,,,,,,,,,,N,2,0,1,2,A,-,10,21950,A,F,G,B,E,A,H,-,C,D,0,Y,,,,Y,,-,99,1,0,0,0,1,0,0,0,0,"- ","- ",,,ALAMEDA,OAKLAND,-122.26959228515625,37.825084686279297
9516898,2022,2022-12-15,0109,2022-03-22,0012,9963,1,2,5,7,0109,0,0,0,,0,06X,"MARKET ST","W MACARTHUR BL",200.00,S,N,A,-,N,,,,,,,,,,Y,2,0,1,3,A,-,03,22350,,N,C,E,A,A,H,-,C,A,0,,,,,Y,Y,A,01,1,0,0,0,0,0,0,0,0,"- ","- ",,,ALAMEDA,OAKLAND,-122.27472686767578,37.827449798583984
9520264,2022,2023-01-26,0108,2022-08-27,0236,12258,37,6,5,4,0108,0,0,0,,0,002,"CHERRY ST","AMAZON DY",0.00,,Y,A,-,N,,,,,,,,,,Y,1,1,3,3,A,-,01,23152,A,N,D,C,A,A,H,-,C,A,0,,,,,Y,Y,A,01,1,0,2,0,0,0,0,0,0,"- ","- ",37.521381378173828,-122.0115966796875,ALAMEDA,NEWARK,,
9520280,2022,2023-03-06,0105,2022-05-21,0016,14591,326,6,5,6,0105,0,0,0,,0,001,"RT 238","NICHOLAS AV",19.00,N,N,A,-,Y,ALA,4,238,-,-,4.310,H,-,N,Y,1,1,0,3,A,-,10,21950,A,F,G,B,B,A,H,-,C,A,0,Y,,,,Y,,A,07,0,0,0,1,0,0,0,0,0,"- ","- ",,,ALAMEDA,FREMONT,-121.98326110839844,37.579196929931641
9520396,2022,2023-02-13,0109,2022-05-27,2238,8483,1,5,5,7,0109,0,0,0,,0,11X,"SHATTUCK AV","55TH ST",0.00,,Y,A,-,N,,,,,,,,,,N,1,1,0,2,A,-,09,21801,A,N,A,C,A,A,H,-,C,A,0,,Y,,,Y,,L,04,0,0,0,0,0,1,0,0,0,"- ","- ",,,ALAMEDA,OAKLAND,-122.26451873779297,37.840427398681641
9520550,2023,2025-07-22,0112,2023-03-10,2320,350,,5,5,5,0112,0,0,0,,0,007,"WEST JUANA AV","HAYS ST",0.00,,Y,A,-,N,,,,,,,,,,Y,1,1,0,2,A,-,03,22350,,N,D,C,A,A,H,-,C,D,0,,,Y,,Y,Y,C,02,0,0,0,0,0,0,0,1,0,"- ","- ",37.722579956054688,-122.15622711181641,ALAMEDA,"SAN LEANDRO",-122.15624237060547,37.722572326660156
9520581,2022,2023-06-16,0109,2022-03-08,1824,8414,2,2,5,7,0109,0,0,0,,0,31X,"BALDWIN ST","HEGENBERGER RD",387.00,E,N,A,-,N,,,,,,,,,,Y,1,1,0,2,A,-,01,23152,F,N,D,C,A,A,H,-,C,D,0,,,Y,,Y,,C,02,0,0,0,0,0,0,0,1,0,"- ","- ",,,ALAMEDA,OAKLAND,-122.19589233398438,37.748115539550781
9520701,2023,2023-07-18,0113,2023-01-31,1642,3412,I141,2,5,5,0113,0,0,0,,0,004,"CENTRAL AV","ATLANTIC AV",243.00,N,N,A,-,N,,,,,,,,,,N,1,1,0,2,A,-,01,21200,5,N,D,G,A,A,H,-,A,A,0,,Y,,,Y,Y,L,04,0,0,0,0,0,1,0,0,0,"- ","- ",,,ALAMEDA,"UNION CITY",-122.03791809082031,37.602798461914062
9520703,2023,2025-07-22,0113,2023-03-24,2131,3412,R116,5,5,5,0113,0,0,0,,0,004,"ALVARADO NILES RD","DOWE AV",18.00,W,N,A,-,N,,,,,,,,,,N,1,1,0,2,A,-,11,21456,B,N,G,B,B,A,H,-,C,A,0,Y,,,,Y,Y,N,60,0,0,0,1,0,0,0,0,0,"- ","- ",,,ALAMEDA,"UNION CITY",-122.04389190673828,37.593357086181641