CASE_ID,ACCIDENT_YEAR,PROC_DATE,JURIS,COLLISION_DATE,COLLISION_TIME,OFFICER_ID,REPORTING_DISTRICT,DAY_OF_WEEK,CHP_SHIFT,POPULATION,CNTY_CITY_LOC,SPECIAL_COND,BEAT_TYPE,CHP_BEAT_TYPE,CITY_DIVISION_LAPD,CHP_BEAT_CLASS,BEAT_NUMBER,PRIMARY_RD,SECONDARY_RD,DISTANCE,DIRECTION,INTERSECTION,WEATHER_1,WEATHER_2,STATE_HWY_IND,CALTRANS_COUNTY,CALTRANS_DISTRICT,STATE_ROUTE,ROUTE_SUFFIX,POSTMILE_PREFIX,POSTMILE,LOCATION_TYPE,RAMP_INTERSECTION,SIDE_OF_HWY,TOW_AWAY,COLLISION_SEVERITY,NUMBER_KILLED,NUMBER_INJURED,PARTY_COUNT,PRIMARY_COLL_FACTOR,PCF_CODE_OF_VIOL,PCF_VIOL_CATEGORY,PCF_VIOLATION,PCF_VIOL_SUBSECTION,HIT_AND_RUN,TYPE_OF_COLLISION,MVIW,PED_ACTION,ROAD_SURFACE,ROAD_COND_1,ROAD_COND_2,LIGHTING,CONTROL_DEVICE,CHP_ROAD_TYPE,PEDESTRIAN_ACCIDENT,BICYCLE_ACCIDENT,MOTORCYCLE_ACCIDENT,TRUCK_ACCIDENT,NOT_PRIVATE_PROPERTY,ALCOHOL_INVOLVED,STWD_VEHTYPE_AT_FAULT,CHP_VEHTYPE_AT_FAULT,COUNT_SEVERE_INJ,COUNT_VISIBLE_INJ,COUNT_COMPLAINT_PAIN,COUNT_PED_KILLED,COUNT_PED_INJURED,COUNT_BICYCLIST_KILLED,COUNT_BICYCLIST_INJURED,COUNT_MC_KILLED,COUNT_MC_INJURED,PRIMARY_RAMP,SECONDARY_RAMP,LATITUDE,LONGITUDE,COUNTY,CITY,POINT_X,POINT_Y
9520894,2022,2023-08-29,0109,2022-06-16,2021,9372,1,4,5,7,0109,0,0,0,,0,04X,"14TH ST","JEFFERSON BL",0.00,,Y,A,-,N,,,,,,,,,,N,1,1,0,2,A,-,12,21453,A,F,H,G,A,A,H,-,A,A,0,,Y,,,Y,,A,01,0,0,0,0,0,1,0,0,0,"- ","- ",,,ALAMEDA,OAKLAND,-122.27479553222656,37.805740356445312
9520906,2022,2023-08-29,0109,2022-07-17,2211,8414,2,7,5,7,0109,0,0,0,,0,27Y,"BANCROFT AV","62ND AV",0.00,,Y,A,-,N,,,,,,,,,,N,1,1,0,2,D,-,00,,,F,G,B,E,A,H,-,C,D,0,Y,,,,Y,Y,-,"- ",0,0,0,1,0,0,0,0,0,"- ","- ",,,ALAMEDA,OAKLAND,-122.18762969970703,37.770362854003906
9520917,2023,2025-06-25,0100,2023-06-20,2225,1663,DUBLI,2,5,4,0198,0,0,0,,0,072,"DOUGHERTY RD","FALL CREEK RD",0.00,,Y,A,-,N,,,,,,,,,,Y,1,2,0,1,A,-,08,22103,,N,E,I,A,A,H,-,C,A,0,,,,,Y,,A,01,0,0,0,0,0,0,0,0,0,"- ","- ",37.730419158935547,-121.91030120849609,ALAMEDA,DUBLIN,-121.91050720214844,37.730365753173828
9523450,2022,2022-11-18,0109,2022-03-13,0054,9905,1,7,5,7,0109,0,0,0,,0,04X,"GRAND AV",BROADWAY,0.00,,Y,C,-,N,,,,,,,,,,Y,2,0,1,2,D,-,00,,,F,A,B,D,B,H,-,C,A,0,Y,,,,Y,,-,"- ",1,0,0,0,1,0,0,0,0,"- ","- ",,,ALAMEDA,OAKLAND,-122.26671600341797,37.811492919921875
9523541,2022,2022-11-30,0109,2022-10-05,1628,9242,1,3,5,7,0109,0,0,0,,0,16X,"TRESTLE GLEN RD","WESLEY AV",15.00,W,N,A,-,N,,,,,,,,,,N,2,0,1,2,A,-,10,21950,A,N,D,B,B,A,H,-,A,A,0,Y,,,,Y,,A,01,1,0,0,0,1,0,0,0,0,"- ","- ",,,ALAMEDA,OAKLAND,-122.24295043945312,37.810741424560547
9523821,2022,2022-11-30,0109,2022-09-16,1849,9872,2,5,5,7,0109,0,0,0,,0,35X,"MACARTHUR BL","88TH AV",319.00,W,N,A,-,N,,,,,,,,,,N,2,0,2,2,A,-,08,22107,,N,A,C,A,A,H,-,A,D,0,,,,,Y,,A,01,1,0,1,0,0,0,0,0,0,"- ","- ",,,ALAMEDA,OAKLAND,-122.16226196289062,37.758083343505859
9530275,2022,2022-11-29,0103,2022-10-25,0701,104,20,2,5,6,0103,0,0,0,,0,015,FRONTAGE,"UNIVERSITY AV",776.00,N,N,A,-,N,,,,,,,,,,Y,2,0,1,1,A,-,03,22350,,N,F,I,A,A,H,-,D,D,0,,,Y,,Y,,C,02,1,0,0,0,0,0,0,0,1,"- ","- ",37.878009796142578,-122.30796051025391,ALAMEDA,BERKELEY,-122.30492401123047,37.868331909179688
9530292,2022,2022-11-29,0103,2022-10-08,0830,73,23,6,5,6,0103,0,0,0,,0,003,SACRAMENTO,"LINCOLN ST",100.00,N,N,A,-,N,,,,,,,,,,N,2,0,1,2,A,-,04,21703,,F,C,G,A,A,H,-,A,D,0,,Y,,,Y,,A,01,1,0,0,0,0,0,1,0,0,"- ","- ",37.876880645751953,-122.27639007568359,ALAMEDA,BERKELEY,-122.28267669677734,37.876125335693359
9539415,2022,2023-01-18,0106,2022-10-26,0234,485,,3,5,6,0106,0,0,0,,0,00E,"HESPERIAN BL","BOLERO AV",209.00,S,N,A,-,N,,,,,,,,,,Y,2,0,1,2,A,-,03,22350,,N,G,B,D,A,H,-,C,D,0,Y,,,,Y,Y,A,01,1,0,0,0,1,0,0,0,0,"- ","- ",37.631359100341797,-122.09657287597656,ALAMEDA,HAYWARD,-122.09554290771484,37.628864288330078
9540168,2022,2023-02-06,0109,2022-12-18,0015,9988,1,7,5,7,0109,0,0,0,,0,18X,"23RD AV","E 24TH ST",0.00,,Y,A,-,N,,,,,,,,,,N,2,0,1,2,A,-,12,22450,A,F,D,C,A,A,H,-,C,A,0,,,Y,,Y,,A,01,1,0,0,0,0,0,0,0,1,"- ","- ",,,ALAMEDA,OAKLAND,-122.22911071777344,37.790794372558594
9540170,2022,2023-02-21,0109,2022-12-13,0037,9879,2,2,5,7,0109,0,0,0,,0,31Z,"105TH AV","E ST",0.00,,N,A,-,N,,,,,,,,,,N,2,0,1,2,A,-,08,22107,,M,A,C,A,A,H,-,C,D,0,,Y,,,Y,,A,01,1,0,0,0,0,0,1,0,0,"- ","- ",,,ALAMEDA,OAKLAND,-122.17267608642578,37.736469268798828
9541826,2022,2023-01-17,0108,2022-11-22,1812,12615,16,2,5,4,0108,0,0,0,,0,001,"ASH ST","THORNTON AV",4.00,W,N,A,-,N,,,,,,,,,,Y,2,0,1,3,A,-,06,21755,,N,D,C,A,A,H,-,C,D,0,,,Y,,Y,,C,02,1,0,0,0,0,0,0,0,1,"- ","- ",37.529178619384766,-122.04087829589844,ALAMEDA,NEWARK,-122.04083251953125,37.529190063476562
9546831,2022,2023-02-22,0104,2022-09-01,1923,330,E1,4,5,2,0104,0,0,0,,0,002,"67TH ST","HOLLIS ST",0.00,,Y,A,-,N,,,,,,,,,,N,2,0,1,2,A,-,12,22450,A,N,D,G,A,A,H,-,A,A,0,,Y,,,Y,,L,04,1,0,0,0,0,0,1,0,0,"- ","- ",,,ALAMEDA,EMERYVILLE,-122.29216766357422,37.848842620849609
9554662,2023,2023-03-17,0111,2023-02-27,1517,347,,1,5,5,0111,0,0,0,,0,003,"BERNAL AV","RT 680",0.00,,Y,B,-,Y,ALA,4,680,-,R,16.551,R,4,N,Y,2,0,2,2,A,-,12,21453,A,N,D,C,A,B,H,-,A,A,0,,,,,Y,,A,07,1,1,0,0,0,0,0,0,0,"- ",NF,,,ALAMEDA,PLEASANTON,-121.89891815185547,37.654392242431641
9559111,2023,2023-04-20,0108,2023-01-14,1451,11906,42,6,5,4,0108,0,0,0,,0,002,"STEVENSON BL","EUREKA DR",0.00,,Y,A,-,N,,,,,,,,,,N,2,0,2,3,A,-,00,22235,,N,C,C,A,A,H,-,A,D,0,,,,,Y,,A,01,2,0,0,0,0,0,0,0,0,"- ","- ",37.509609222412109,-121.99569702148438,ALAMEDA,NEWARK,-121.99680328369141,37.506942749023438
9566772,2022,2023-05-15,0109,2022-11-30,2249,8881,1,3,5,7,0109,0,0,0,,0,19X,EMBARCADERO,"16TH AV",27.00,W,N,A,-,N,,,,,,,,,,Y,2,0,1,2,A,-,05,21650,1,N,H,G,A,A,H,-,C,A,0,,Y,,,Y,,L,04,1,0,0,0,0,0,1,0,0,"- ","- ",,,ALAMEDA,OAKLAND,-122.24327850341797,37.784156799316406
9568088,2023,2023-04-27,0103,2023-03-27,"850 ",104,,1,5,6,0103,0,0,0,,0,009,"ASHBY AV","HARPER ST",0.00,,Y,A,-,Y,ALA,4,13,-,-,12.380,I,5,S,Y,2,0,1,2,A,-,09,21801,A,F,D,C,A,A,H,-,A,A,0,,,Y,,Y,,A,01,1,0,0,0,0,0,0,0,1,"- ","- ",37.854160308837891,-122.27217102050781,ALAMEDA,BERKELEY,-122.27223205566406,37.854164123535156
9568159,2023,2023-04-27,0103,2023-03-18,1701,32,,6,5,6,0103,0,0,0,,0,013,"SAN PABLO AV","OREGON ST",0.00,,Y,A,-,Y,ALA,4,123,-,-,2.120,I,5,S,N,2,0,1,2,A,-,09,21801,A,N,D,G,A,A,H,-,A,A,0,,Y,,,Y,,A,01,1,0,0,0,0,0,1,0,0,"- ","- ",37.85491943359375,-122.28755950927734,ALAMEDA,BERKELEY,-122.28768920898438,37.854911804199219
9568183,2023,2023-05-04,0108,2023-03-26,"805 ",11366,17,7,5,4,0108,0,0,0,,0,001,"THORNTON AV","PEACHTREE AV",496.00,N,N,A,-,N,,,,,,,,,,Y,2,0,1,2,A,-,09,21801,A,N,D,C,A,A,H,-,A,D,0,,,Y,,Y,,A,01,1,0,0,0,0,0,0,0,1,"- ","- ",37.526569366455078,-122.05615997314453,ALAMEDA,NEWARK,-122.05780792236328,37.527069091796875
9572074,2023,2023-05-09,0111,2023-04-07,1148,307,,5,5,5,0111,0,0,0,,0,005,"GERMANO WY","E RUBY HILL DR",130.00,W,N,B,-,N,,,,,,,,,,Y,2,0,1,1,A,-,03,22350,,N,E,J,A,A,H,-,A,D,0,,,,,Y,,A,01,1,0,0,0,0,0,0,0,0,"- ","- ",,,ALAMEDA,PLEASANTON,-121.80218505859375,37.635746002197266
9582704,2023,2023-06-23,0109,2023-03-11,1620,9874,2,6,5,7,0109,0,0,0,,0,23X,"42ND AV","OAKPORT ST",0.00,,Y,A,-,N,,,,,,,,,,N,2,0,1,1,A,-,03,22350,,M,A,I,A,B,H,-,A,A,0,,,,,Y,Y,A,01,1,0,0,0,0,0,0,0,0,"- ","- ",,,ALAMEDA,OAKLAND,,
9585251,2023,2023-05-31,0100,2023-04-30,2150,2182,DUBLI,7,5,4,0198,0,0,0,,0,072,"DOUGHERTY RD","WILLOW CREEK DR",500.00,N,N,A,-,N,,,,,,,,,,N,2,0,1,1,C,-,18,,,N,H,A,A,A,C,-,C,D,0,,,,,Y,,-,"- ",1,0,0,0,0,0,0,0,0,"- ","- ",,,ALAMEDA,DUBLIN,-121.91011810302734,37.726791381835938
9586218,2022,2023-06-20,0109,2022-03-24,2033,9781,2,4,5,7,0109,0,0,0,,0,2033,"JOE MORGAN WY","66TH AV",0.00,,Y,A,-,N,,,,,,,,,,N,2,0,1,2,A,-,11,21954,A,N,G,B,D,A,H,-,C,D,0,Y,,,,Y,,N,60,1,0,0,0,1,0,0,0,0,"- ","- ",,,ALAMEDA,OAKLAND,-122.206469,37.754497999999998
9589453,2023,2023-06-12,0109,2023-04-21,1810,9242,1,5,5,7,0109,0,0,0,,0,09X,"PIEDMONT AV","PLEASANT VALLEY AV",0.00,,Y,A,-,N,,,,,,,,,,N,2,0,1,2,A,-,11,21950,B,N,G,B,B,A,H,-,A,A,0,Y,,,,Y,Y,N,60,1,0,0,0,1,0,0,0,0,"- ","- ",,,ALAMEDA,OAKLAND,-122.24735260009766,37.830257415771484
9591990,2023,2023-07-20,0108,2023-06-11,1940,12418,11,7,5,4,0108,0,0,0,,0,001,"THORNTON AV","CEDAR BL",0.00,,Y,A,-,N,,,,,,,,,,Y,2,0,2,2,A,-,09,21453,C,N,D,C,A,A,H,-,B,A,0,,,,,Y,,A,01,1,1,0,0,0,0,0,0,0,"- ","- ",37.542331695556641,-122.02635955810547,ALAMEDA,NEWARK,-122.057861328125,37.527091979980469
9594528,2023,2023-07-13,0113,2023-05-25,1950,5191,C191,4,5,5,0113,0,0,0,,0,0P4,"MISSION BL","E ST",0.00,,Y,A,-,Y,ALA,4,238,-,-,6.990,I,5,S,N,2,0,1,2,A,-,09,21801,A,F,D,C,A,A,H,-,A,D,0,,,Y,,Y,,D,23,1,0,0,0,0,0,0,0,1,"- ","- ",,,ALAMEDA,"UNION CITY",-122.01850891113281,37.604743957519531
9594798,2023,2023-07-11,0103,2023-05-08,1212,112,,1,5,6,0103,0,0,0,,0,002,"HEARST AV","LEROY AV",146.00,E,N,A,-,N,,,,,,,,,,N,2,0,1,1,A,-,03,22350,,N,E,I,A,A,H,-,A,A,0,,,,,Y,,M,94,1,0,0,0,0,0,0,0,0,"- ","- ",37.875320434570312,-122.25830078125,ALAMEDA,BERKELEY,-122.25778198242188,37.87542724609375
9595681,2022,2023-07-12,0109,2022-09-22,1719,10022,2,4,5,7,0109,0,0,0,,0,27X,"55TH AV","FAIRFAX AV",35.00,N,N,A,-,N,,,,,,,,,,N,2,0,2,3,A,-,09,21802,A,N,G,B,F,A,H,-,C,A,0,Y,,Y,,Y,,A,01,1,0,1,0,1,0,0,0,1,"- ","- ",,,ALAMEDA,OAKLAND,-122.20069885253906,37.769195556640625
9595690,2022,2023-07-12,0109,2022-04-13,1125,9039,1,3,5,7,0109,0,0,0,,0,04X,"W GRAND AV","MARTIN LUTHER KING BL",10.00,N,N,B,-,N,,,,,,,,,,N,2,0,3,2,A,-,09,21801,A,N,D,C,A,A,H,-,A,A,0,,,,,Y,,A,08,1,0,2,0,0,0,0,0,0,"- ","- ",,,ALAMEDA,OAKLAND,-122.27281188964844,37.812484741210938
9597169,2023,2023-08-01,0109,2023-06-04,"213 ",9995,1,7,5,7,0109,0,0,0,,0,06X,"MARTIN LUTHER KING JR WY","28TH ST",50.00,N,N,A,-,N,,,,,,,,,,N,2,0,1,2,A,-,08,22107,,F,A,B,D,A,H,-,C,D,0,Y,,,,Y,,A,01,1,0,0,0,1,0,0,0,0,"- ","- ",,,ALAMEDA,OAKLAND,-122.27138519287109,37.817955017089844
9600224,2023,2023-08-16,0106,2023-05-09,1733,484,,2,5,6,0106,0,0,0,,0,00G,"N HUNTWOOD AV","W SHEPHERD AV W",0.00,,Y,A,-,N,,,,,,,,,,Y,2,0,1,3,A,-,06,21750,,N,D,C,A,A,H,-,A,D,0,,,Y,,Y,,C,02,1,0,0,0,0,0,0,0,1,"- ","- ",37.639499664306641,-122.06955718994141,ALAMEDA,HAYWARD,-122.06953430175781,37.639495849609375
9604095,2023,2023-08-09,0106,2023-05-20,1648,356,,6,5,6,0106,0,0,0,,0,00H,"TAMPA AV","FOLSOM AV",313.00,N,N,A,-,N,,,,,,,,,,N,2,0,1,2,A,-,11,21954,A,F,G,B,D,A,H,-,A,D,0,Y,,,,Y,,N,60,1,0,0,0,1,0,0,0,0,"- ","- ",37.624408721923828,-122.07520294189453,ALAMEDA,HAYWARD,-122.07522583007812,37.625247955322266
9614870,2022,2023-08-18,0109,2022-10-02,2122,9916,2,7,5,7,0109,0,0,0,,0,28X,"FLEMING AV","MONTICELLO AV",0.00,,Y,A,-,N,,,,,,,,,,N,2,0,1,2,A,-,08,22107,,F,D,-,A,A,H,-,C,D,0,,,Y,,Y,,A,07,1,0,0,0,0,0,0,0,1,"- ","- ",,,ALAMEDA,OAKLAND,-122.19741821289062,37.779830932617188
9617408,2023,2023-10-31,0106,2023-06-02,2143,434,,5,5,6,0106,0,0,0,,0,00F,"W INDUSTRIAL PKWY W","RUUS RD",16.00,E,N,A,-,N,,,,,,,,,,N,2,0,1,2,A,-,12,21453,A,F,C,C,A,A,H,-,C,A,0,,,Y,,Y,,D,22,1,0,0,0,0,0,0,0,1,"- ","- ",37.618198394775391,-122.06205749511719,ALAMEDA,HAYWARD,-122.06207275390625,37.618255615234375
9629781,2023,2023-11-07,0103,2023-09-08,1925,55,,5,5,6,0103,0,0,0,,0,001,MARIN,"LOS ANGELES",0.00,,Y,A,-,N,,,,,,,,,,N,2,0,1,2,A,-,05,21650,,N,A,G,A,A,H,-,A,D,0,,Y,,,Y,Y,L,04,1,0,0,0,0,0,1,0,0,"- ","- ",37.8902587890625,-122.27218627929688,ALAMEDA,BERKELEY,-122.272216796875,37.890186309814453
9630462,2023,2023-10-27,0112,2023-09-28,2258,305,,4,5,5,0112,0,0,0,,0,001,"SAN LEANDRO BL","FRANKLIN LN",0.00,,N,A,-,N,,,,,,,,,,N,2,0,1,2,A,-,11,21954,A,N,A,B,E,A,H,-,C,D,0,Y,,,,Y,,N,60,1,0,0,0,1,0,0,0,0,"- ","- ",37.730270385742188,-122.16835784912109,ALAMEDA,"SAN LEANDRO",,
9630623,2023,2023-12-18,0106,2023-07-30,1218,333,,7,5,6,0106,0,0,0,,0,00G,"WEST TENNYSON RD","TYRRELL AV",343.00,W,N,A,-,N,,,,,,,,,,Y,2,0,1,2,C,-,18,,,N,C,E,A,A,H,-,A,A,0,,,,,Y,,-,"- ",1,0,0,0,0,0,0,0,0,"- ","- ",37.631599426269531,-122.07279968261719,ALAMEDA,HAYWARD,-122.07286071777344,37.631462097167969
9630862,2023,2023-11-15,0109,2023-05-21,1721,9930,2,7,5,7,0109,0,0,0,,0,26X,"INTERNATIONAL BL","50TH AV",50.00,E,N,A,-,N,,,,,,,,,,N,2,0,1,3,A,-,03,22350,,F,B,C,A,A,H,-,A,C,0,,,Y,,Y,,D,22,1,0,0,0,0,0,0,0,1,"- ","- ",,,ALAMEDA,OAKLAND,-122.20871734619141,37.769340515136719
9631160,2023,2023-12-09,0112,2023-10-04,1803,384,,3,5,5,0112,0,0,0,,0,001,"CALLAN AV","SANTA ROSA ST",0.00,,Y,A,-,N,,,,,,,,,,N,2,0,1,2,A,-,10,21950,A,N,D,B,B,A,H,-,B,A,0,Y,,,,Y,,A,01,1,0,0,0,1,0,0,0,0,"- ","- ",,,ALAMEDA,"SAN LEANDRO",-122.15253448486328,37.726921081542969
9631191,2023,2023-11-01,0112,2023-08-23,"525 ",392,,3,5,5,0112,0,0,0,,0,003,"WASHINGTON AV","SAN LEANDRO BL",0.00,,Y,A,-,N,,,,,,,,,,N,2,0,1,2,A,-,03,22350,,N,G,B,D,A,H,-,C,D,0,Y,,,,Y,,-,,1,0,0,0,1,0,0,0,0,"- ","- ",37.712291717529297,-122.14807891845703,ALAMEDA,"SAN LEANDRO",-122.14881134033203,37.713508605957031
9631839,2023,2023-11-13,0109,2023-08-20,"105 ",9995,1,7,5,7,0109,0,0,0,,0,06X,"FRANKLIN ST","15TH ST",20.00,N,N,A,-,N,,,,,,,,,,N,2,0,1,5,A,-,08,22107,,F,C,C,E,A,H,-,C,A,0,Y,,,,Y,,A,01,1,0,0,0,1,0,0,0,0,"- ","- ",,,ALAMEDA,OAKLAND,-122.26932525634766,37.804859161376953
9639506,2023,2024-01-24,0112,2023-10-27,"918 ",364,,5,5,5,0112,0,0,0,,0,007,"DAVIS ST","PIERCE AV",0.00,,Y,A,-,N,,,,,,,,,,N,2,0,1,3,A,-,04,21703,,N,G,C,B,A,H,-,A,A,0,Y,,,,Y,,-,,1,0,0,0,1,0,0,0,0,"- ","- ",,,ALAMEDA,"SAN LEANDRO",-122.17047882080078,37.720783233642578
9640074,2023,2024-01-23,0109,2023-08-06,1703,8483,2,7,5,7,0109,0,0,0,,0,15X,"LAKESHORE AV","HANOVER AV",351.00,N,N,A,-,N,,,,,,,,,,N,1,1,1,2,A,-,17,22517,,N,D,G,A,A,H,-,A,D,0,,Y,,,Y,,A,01,0,1,0,0,0,1,1,0,0,"- ","- ",,,ALAMEDA,OAKLAND,-122.25350952148438,37.803325653076172
9640217,2023,2025-07-22,0109,2023-09-08,1028,8483,2,5,5,7,0109,0,0,0,,0,33X,"RT 185","92ND AV",99.00,W,N,A,-,Y,ALA,4,185,-,-,7.600,H,-,S,Y,1,1,0,2,A,-,11,21954,A,N,G,B,E,A,H,-,A,D,0,Y,,,,Y,,N,60,0,0,0,1,0,0,0,0,0,"- ","- ",,,ALAMEDA,OAKLAND,-122.17389678955078,37.748809814453125
9640304,2024,2024-07-23,0102,2024-01-25,1424,MD236619,2,4,5,3,0102,0,0,0,,0,001,"BRIGHTON AV",110236282,39.00,W,N,A,-,N,,,,,,,,,,N,1,1,0,2,A,-,08,22107,,N,C,E,A,A,H,-,A,D,0,,,,,Y,Y,A,01,0,0,0,0,0,0,0,0,0,"- ","- ",37.896591186523438,-122.30079650878906,ALAMEDA,ALBANY,,
9640310,2023,2025-06-25,0106,2023-11-05,"214 ",303,,7,5,6,0106,0,0,0,,0,00C,"WINTON AV","MAGNA AV",66.00,E,N,A,-,N,,,,,,,,,,Y,1,2,0,1,A,-,01,23153,A,N,E,I,A,A,H,-,C,D,0,,,,,Y,Y,A,01,0,0,0,0,0,0,0,0,0,"- ","- ",37.661750793457031,-122.08796691894531,ALAMEDA,HAYWARD,-122.08776092529297,37.661781311035156
9640486,2023,2025-06-30,0109,2023-11-08,1513,9466,2,3,5,7,0109,0,0,0,,0,23X,"INTERNATIONAL BL","39TH AV",0.00,,Y,A,-,N,,,,,,,,,,Y,1,1,4,2,A,-,01,23152,F,N,D,C,A,A,H,-,A,A,0,,,Y,,Y,,C,02,0,2,2,0,0,0,0,1,0,"- ","- ",,,ALAMEDA,OAKLAND,-122.21900939941406,37.774349212646484
9640545,2023,2024-06-04,0106,2023-09-17,"47  ",303,,7,5,6,0106,0,0,0,,0,00G,"HUNTWOOD AV","W. TENNYSON RD",703.00,N,N,A,-,N,,,,,,,,,,Y,1,1,1,3,A,-,03,22350,,F,G,B,E,A,H,-,C,D,0,Y,,,,Y,,A,01,0,0,1,1,0,0,0,0,0,"- ","- ",,,ALAMEDA,HAYWARD,-122.0662841796875,37.63525390625
9640896,2023,2025-06-28,0109,2023-04-22,"837 ",9372,2,6,5,7,0109,0,0,0,,0,22Y,"JOAQUIN MILLER RD","SKYLINE BL",6.00,N,N,A,-,N,,,,,,,,,,Y,1,1,0,1,A,-,01,23152,G,N,E,I,A,A,H,-,A,A,0,,,,,Y,Y,A,01,0,0,0,0,0,0,0,0,0,"- ","- ",,,ALAMEDA,OAKLAND,-122.17935943603516,37.805004119873047
9640939,2023,2024-09-23,0109,2023-09-16,1810,8414,2,6,5,7,0109,0,0,0,,0,33X,"90TH AV","PLYMOUNTH ST",0.00,,Y,A,-,N,,,,,,,,,,Y,1,1,0,2,A,-,01,23152,F,N,A,C,A,A,H,-,A,A,0,,,Y,,Y,,C,03,0,0,0,0,0,0,0,1,0,"- ","- ",,,ALAMEDA,OAKLAND,-122.17115020751953,37.751075744628906
9641387,2023,2023-12-30,0103,2023-10-26,1347,112,,4,5,6,0103,0,0,0,,0,002,"HEARST AV","WALNUT ST",100.00,E,N,A,-,N,,,,,,,,,,N,2,0,1,2,A,-,11,21950,B,N,G,B,D,A,H,-,A,A,0,Y,Y,,,Y,,N,60,1,0,0,0,0,0,1,0,0,"- ","- ",37.874179840087891,-122.26802062988281,ALAMEDA,BERKELEY,-122.26715850830078,37.874038696289062
9642178,2023,2023-12-13,0109,2023-09-13,"451 ",9572,2,3,5,7,0109,0,0,0,,0,31Y,"98TH AV","BESSIE COLEMAN WY",0.00,,Y,A,-,N,,,,,,,,,,Y,2,0,1,3,A,-,09,21801,A,N,A,C,A,A,H,-,C,A,0,,,,,Y,,A,01,1,0,0,0,0,0,0,0,0,"- ","- ",,,ALAMEDA,OAKLAND,,
9644306,2023,2023-12-05,0109,2023-09-28,"744 ",10058,2,4,5,7,0109,0,0,0,,0,22Y,"35TH AV","WISCONSIN ST",0.00,,Y,A,-,N,,,,,,,,,,N,2,0,1,2,A,-,10,21950,A,N,G,B,B,A,H,-,A,A,0,Y,,,,Y,,A,01,1,0,0,0,1,0,0,0,0,"- ","- ",,,ALAMEDA,OAKLAND,-122.19560241699219,37.79681396484375
9649163,2023,2023-12-29,0109,2023-11-08,2133,10074,2,3,5,7,0109,0,0,0,,0,31Y,"EDES AV","WORTH ST",0.00,,Y,B,-,N,,,,,,,,,,Y,2,0,1,3,A,-,03,22350,,N,F,I,A,A,H,-,C,D,0,,,,,Y,,A,01,1,0,0,0,0,0,0,0,0,"- ","- ",,,ALAMEDA,OAKLAND,-122.19290161132812,37.739017486572266
9650834,2023,2024-01-13,0103,2023-11-11,2337,20,,6,5,6,0103,0,0,0,,0,006,SHATTUCK,BLAKE,0.00,,Y,A,-,N,,,,,,,,,,Y,2,0,2,2,A,-,01,23153,F,N,A,C,A,A,H,-,C,D,0,,,,,Y,,A,07,2,0,0,0,0,0,0,0,0,"- ","- ",37.863960266113281,-122.2623291015625,ALAMEDA,BERKELEY,-122.26731109619141,37.863063812255859
9650839,2023,2024-01-13,0103,2023-11-17,"36  ",145,,5,5,6,0103,0,0,0,,0,006,BOWDITCH,DURANT,0.00,,Y,C,-,N,,,,,,,,,,N,2,0,1,2,A,-,08,22107,,N,H,C,A,B,H,-,C,B,0,,,,,Y,,M,94,1,0,0,0,0,0,0,0,0,"- ","- ",37.868110656738281,-122.25670623779297,ALAMEDA,BERKELEY,-122.2567138671875,37.868110656738281
9650849,2023,2024-01-13,0103,2023-11-26,1732,55,17,7,5,6,0103,0,0,0,,0,002,"SHATTUCK AV","SHATTUCK PL",0.00,,Y,A,-,N,,,,,,,,,,N,2,0,1,2,A,-,09,21802,A,N,D,C,A,A,H,-,C,D,0,,,Y,,Y,,A,01,1,0,0,0,0,0,0,0,1,"- ","- ",37.880760192871094,-122.27002716064453,ALAMEDA,BERKELEY,-122.26956176757812,37.881351470947266
9661297,2023,2024-01-29,0109,2023-10-19,1208,9294,1,4,5,7,0109,0,0,0,,0,06X,"SAN PABLO AV","30TH ST",32.00,S,N,A,-,N,,,,,,,,,,N,2,0,1,2,A,-,04,21703,,N,C,C,A,A,H,-,A,D,0,,,,Y,Y,,M,94,1,0,0,0,0,0,0,0,0,"- ","- ",,,ALAMEDA,OAKLAND,-122.27663421630859,37.820793151855469
9664326,2024,2024-03-13,0108,2024-01-30,1846,12706,21,2,5,4,0108,0,0,0,,0,002,"CEDAR BL","SOUTHERN RAIL OF UPR",644.00,S,N,A,-,N,,,,,,,,,,Y,2,0,1,1,A,-,03,22350,,N,E,I,A,A,H,-,C,D,0,,,,,Y,,-,,1,0,0,0,0,0,0,0,0,"- ","- ",37.540019989013672,-122.02220153808594,ALAMEDA,NEWARK,,
9664833,2024,2024-04-22,0103,2024-01-16,1715,108,20,2,5,6,0103,0,0,0,,0,003,UNIVERSITY,"SACRAMENTO AV",0.00,,Y,C,-,N,,,,,,,,,,N,2,0,1,2,D,-,00,,,N,G,B,B,B,H,-,C,A,0,Y,,,,Y,Y,-,"- ",1,0,0,0,1,0,0,0,0,"- ","- ",,,ALAMEDA,BERKELEY,-122.28204345703125,37.870460510253906
9664847,2024,2024-03-07,0103,2024-01-01,1448,85,25,1,5,6,0103,0,0,0,,0,006,CHANNING,TELEGRAPH,170.00,W,N,A,-,N,,,,,,,,,,N,2,0,1,1,A,-,03,22350,,N,E,J,A,A,H,-,A,D,0,,,,,Y,,M,94,1,0,0,0,0,0,0,0,0,"- ","- ",37.866909027099609,-122.25879669189453,ALAMEDA,BERKELEY,-122.25941467285156,37.866828918457031
9666562,2024,2024-03-01,0106,2024-01-28,1926,415,,7,5,6,0106,0,0,0,,0,00H,"MISSION BL","SORENSON RD",661.00,S,N,A,-,N,,,,,,,,,,Y,2,0,1,2,A,-,01,23152,A,N,D,C,A,A,H,-,C,D,0,,,,,Y,Y,D,22,1,0,0,0,0,0,0,0,0,"- ","- ",37.644569396972656,-122.06210327148438,ALAMEDA,HAYWARD,-122.0618896484375,37.644866943359375