CASE_ID,ACCIDENT_YEAR,PROC_DATE,JURIS,COLLISION_DATE,COLLISION_TIME,OFFICER_ID,REPORTING_DISTRICT,DAY_OF_WEEK,CHP_SHIFT,POPULATION,CNTY_CITY_LOC,SPECIAL_COND,BEAT_TYPE,CHP_BEAT_TYPE,CITY_DIVISION_LAPD,CHP_BEAT_CLASS,BEAT_NUMBER,PRIMARY_RD,SECONDARY_RD,DISTANCE,DIRECTION,INTERSECTION,WEATHER_1,WEATHER_2,STATE_HWY_IND,CALTRANS_COUNTY,CALTRANS_DISTRICT,STATE_ROUTE,ROUTE_SUFFIX,POSTMILE_PREFIX,POSTMILE,LOCATION_TYPE,RAMP_INTERSECTION,SIDE_OF_HWY,TOW_AWAY,COLLISION_SEVERITY,NUMBER_KILLED,NUMBER_INJURED,PARTY_COUNT,PRIMARY_COLL_FACTOR,PCF_CODE_OF_VIOL,PCF_VIOL_CATEGORY,PCF_VIOLATION,PCF_VIOL_SUBSECTION,HIT_AND_RUN,TYPE_OF_COLLISION,MVIW,PED_ACTION,ROAD_SURFACE,ROAD_COND_1,ROAD_COND_2,LIGHTING,CONTROL_DEVICE,CHP_ROAD_TYPE,PEDESTRIAN_ACCIDENT,BICYCLE_ACCIDENT,MOTORCYCLE_ACCIDENT,TRUCK_ACCIDENT,NOT_PRIVATE_PROPERTY,ALCOHOL_INVOLVED,STWD_VEHTYPE_AT_FAULT,CHP_VEHTYPE_AT_FAULT,COUNT_SEVERE_INJ,COUNT_VISIBLE_INJ,COUNT_COMPLAINT_PAIN,COUNT_PED_KILLED,COUNT_PED_INJURED,COUNT_BICYCLIST_KILLED,COUNT_BICYCLIST_INJURED,COUNT_MC_KILLED,COUNT_MC_INJURED,PRIMARY_RAMP,SECONDARY_RAMP,LATITUDE,LONGITUDE,COUNTY,CITY,POINT_X,POINT_Y
9830051,2025,2025-07-16,0112,2025-05-22,1441,384,,4,5,5,0112,0,0,0,,0,002,"RT 185","ESTABROOK ST",0.00,,Y,A,-,Y,ALA,4,185,-,-,5.060,I,6,N,Y,2,0,3,2,A,-,06,21750,,N,B,C,A,A,H,-,A,A,0,,,,,Y,,A,08,3,0,0,0,0,0,0,0,0,"- ","- ",,,ALAMEDA,"SAN LEANDRO",-122.14807891845703,37.71917724609375
9830090,2025,2025-07-17,0106,2025-06-14,1855,370,,6,5,6,0106,0,0,0,,0,00H,"N RUUS RD","W FOLSOM AV",0.00,,Y,A,-,N,,,,,,,,,,N,2,0,1,2,A,-,10,21950,A,N,G,B,B,A,H,-,A,A,0,Y,,,,Y,,A,01,1,0,0,0,1,0,0,0,0,"- ","- ",37.625438690185547,-122.06597137451172,ALAMEDA,HAYWARD,-122.06592559814453,37.62542724609375
9831155,2025,2025-07-07,0113,2025-03-28,2001,5264,R119,5,5,5,0113,0,0,0,,0,004,"ALVARADO NILES RD","CENTRAL AV",122.00,W,N,A,-,N,,,,,,,,,,Y,2,0,1,1,A,-,01,23152,A,N,A,I,A,A,H,-,C,A,0,,,,,Y,Y,A,07,1,0,0,0,0,0,0,0,0,"- ","- ",,,ALAMEDA,"UNION CITY",-122.04004669189453,37.592300415039062
9832696,2025,2025-07-17,0100,2025-06-22,1543,2136,DUBLI,7,5,4,0198,0,0,0,,0,073,"DUBLIN BL","DEMARCUS BL",181.00,W,N,A,-,N,,,,,,,,,,Y,2,0,1,1,A,-,03,22350,,N,E,I,A,A,H,-,A,A,0,,,,,Y,,A,01,1,0,0,0,0,0,0,0,0,"- ","- ",37.706058502197266,-121.89987182617188,ALAMEDA,DUBLIN,-121.90049743652344,37.705791473388672
9866425,2025,2025-08-04,0103,2025-05-07,1821,8,,3,5,6,0103,0,0,0,,0,006,REGENT,DWIGHT,0.00,,Y,A,-,N,,,,,,,,,,N,2,0,1,2,A,-,11,21954,A,F,G,B,D,A,H,-,A,D,0,Y,,,,Y,,N,60,1,0,0,0,1,0,0,0,0,"- ","- ",37.865211486816406,-122.25779724121094,ALAMEDA,BERKELEY,-122.25776672363281,37.865215301513672
9868515,2025,2025-08-06,0103,2025-06-20,1345,112,,5,5,6,0103,0,0,0,,0,009,"ADELINE ST","STANFORD ST",0.00,,Y,A,-,N,,,,,,,,,,Y,2,0,4,2,A,-,12,21453,A,F,D,C,A,A,H,-,A,A,0,,,,,Y,,A,01,1,2,1,0,0,0,0,0,0,"- ","- ",37.847000122070312,-122.27100372314453,ALAMEDA,BERKELEY,-122.27252960205078,37.846736907958984
9868522,2025,2025-08-04,0103,2025-06-10,"854 ",146,33,2,5,6,0103,0,0,0,,0,009,ADELINE,STUART,0.00,,Y,A,-,N,,,,,,,,,,N,2,0,1,2,A,-,09,21802,A,N,D,C,A,A,H,-,A,A,0,,,,,Y,,A,01,1,0,0,0,0,0,0,0,0,"- ","- ",,,ALAMEDA,BERKELEY,-122.26789855957031,37.858390808105469
5912195,2014,2014-05-19,9370,2014-01-01,0233,18712,,3,3,7,0109,0,1,1,,2,054,"RT 580","PARK BL",373.00,W,N,A,-,Y,ALA,4,580,-,-,42.740,H,-,W,Y,1,1,1,1,A,-,08,22107,,N,E,I,A,A,H,-,D,D,1,,,,,Y,,A,07,0,0,1,0,0,0,0,0,0,FR,"- ",37.805300000000003,-122.23457999999999,ALAMEDA,OAKLAND,-122.23438603,37.805030289999998
6290418,2014,2014-04-30,0105,2014-03-03,0555,2528,931,1,5,6,0105,0,0,0,,0,003,"WASHINGTON BL","OLIVE AV",10.00,E,N,A,-,N,,,,,,,,,,Y,1,1,0,2,A,-,10,21950,A,N,G,B,B,A,H,-,C,D,0,Y,,,,Y,,A,01,0,0,0,1,0,0,0,0,0,"- ","- ",,,ALAMEDA,FREMONT,-121.95055587,37.53361598
6290588,2014,2014-09-15,9370,2014-01-10,0620,20447,,5,1,7,0109,0,1,1,,2,055,"RT 580","RT 880",2500.00,E,N,A,-,Y,ALA,4,580,-,-,45.990,H,-,W,Y,1,1,0,3,A,-,07,21658,A,N,F,A,A,A,H,-,C,D,1,,,Y,,Y,,C,02,0,0,0,0,0,0,0,1,0,"- ","- ",37.827440000000003,-122.28395,ALAMEDA,OAKLAND,-122.28253777,37.827590839999999
6290651,2014,2014-09-15,0103,2014-04-04,1223,57,30,5,5,6,0103,0,0,0,,0,005,"SACRAMENTO ST","BANCROFT WY",0.00,,Y,A,-,N,,,,,,,,,,N,1,1,0,2,A,-,10,21950,A,N,G,B,B,A,H,-,A,A,0,Y,,,,Y,,D,22,0,0,0,1,0,0,0,0,0,"- ","- ",,,ALAMEDA,BERKELEY,-122.28157997,37.865799940000002
6290736,2014,2014-09-15,9390,2014-03-08,2240,19905,,6,3,9,0100,0,1,1,,2,054,"RT 580","GRANT LINE RD",123.00,W,N,A,-,Y,ALA,4,580,-,R,1.540,H,-,E,Y,1,1,0,1,A,-,08,22107,,N,E,I,A,A,H,-,D,D,1,,,,,Y,,A,01,0,0,0,0,0,0,0,0,0,"- ","- ",37.740119999999997,-121.58633,ALAMEDA,UNINCORPORATED,-121.58686520000001,37.740101930000002
6290740,2014,2014-09-15,0112,2014-03-22,2243,331,,6,5,5,0112,0,0,0,,0,007,"RT 185","RT 61",68.00,N,N,A,-,Y,ALA,4,185,-,-,5.740,H,-,S,Y,1,1,2,2,A,-,01,23153,A,N,A,C,A,A,H,-,C,A,0,,,,,Y,Y,A,,2,0,0,0,0,0,0,0,0,"- ","- ",,,ALAMEDA,"SAN LEANDRO",-122.15707079000001,37.725938139999997
6291249,2014,2014-10-17,0100,2014-07-02,1351,201242,318,3,5,4,0198,0,0,0,,0,,"DUBLIN BL","CLARK AV",501.00,W,N,A,-,N,,,,,,,,,,Y,1,1,0,2,A,-,09,21801,A,N,D,C,A,A,H,-,A,D,0,,,Y,,Y,,C,02,0,0,0,0,0,0,0,1,0,"- ","- ",,,ALAMEDA,DUBLIN,-121.92179637,37.705772269999997
6291529,2014,2014-11-04,9370,2014-07-14,0108,20206,,1,3,7,0109,0,1,3,,2,013,"RT 13","REDWOOD RD",285.00,N,N,A,-,Y,ALA,4,13,-,-,5.440,H,-,S,Y,1,1,0,1,A,-,08,22107,,N,E,I,A,A,H,-,C,D,1,,,,,Y,,A,01,0,0,0,0,0,0,0,0,0,"- ","- ",37.799010000000003,-122.18583,ALAMEDA,OAKLAND,-122.18598412,37.799140790000003
6291553,2014,2014-11-10,9370,2014-09-13,1355,20235,,6,1,7,0109,0,1,1,,2,052,"RT 580","KELLER AV",499.00,E,N,A,-,Y,ALA,4,580,-,R,37.710,H,-,E,Y,1,1,1,1,A,-,08,22107,,N,F,A,A,A,H,-,A,D,1,,,,,Y,,B,07,0,0,1,0,0,0,0,0,0,"- ","- ",37.770940000000003,-122.15553,ALAMEDA,OAKLAND,-122.15552119,37.770920179999997
6291748,2014,2014-12-16,0105,2014-10-31,0124,2901,525,5,5,6,0105,0,0,0,,0,002,"GLENMOOR DR","RICHMOND AV",0.00,,Y,B,-,N,,,,,,,,,,Y,1,1,0,3,A,-,01,23152,A,N,E,I,A,A,H,-,C,D,0,,,Y,,Y,Y,C,02,0,0,0,0,0,0,0,1,0,"- ","- ",,,ALAMEDA,FREMONT,-121.99906999,37.54317992
6291806,2014,2015-01-12,9375,2014-11-11,1819,18308,,2,2,9,0100,0,1,3,,1,185,"RT 185","ASHLAND AV",10.00,S,N,B,-,Y,ALA,4,185,-,-,2.940,H,-,S,N,1,1,0,2,-,-,"- ",,,F,G,B,B,A,H,-,C,D,0,Y,,,,Y,,-,"- ",0,0,0,1,0,0,0,0,0,"- ","- ",37.698340000000002,-122.11868,ALAMEDA,UNINCORPORATED,-122.11873854,37.698304479999997
6291815,2014,2015-04-07,9375,2014-11-23,1725,18938,,7,2,9,0100,0,1,1,,2,580,"RT 580","CASTRO VALLEY BL",420.00,W,N,A,-,Y,ALA,4,580,-,R,26.920,H,-,W,N,1,1,0,4,A,-,11,21950,B,N,G,B,E,A,H,-,D,D,1,Y,,,,Y,,N,60,0,0,0,1,0,0,0,0,0,"- ","- ",37.690860000000001,-122.09891,ALAMEDA,UNINCORPORATED,-122.03454395,37.702263350000003
6291872,2014,2015-01-23,0103,2014-09-21,0815,59,15,7,5,6,0103,0,0,0,,0,002,"EUNICE ST","SPRUCE ST",0.00,,Y,A,-,N,,,,,,,,,,Y,1,1,0,2,A,-,12,22450,A,N,D,G,A,A,H,-,B,A,0,,Y,,,Y,,L,04,0,0,0,0,0,1,0,0,0,"- ","- ",,,ALAMEDA,BERKELEY,-122.26661987999999,37.886049939999999
6292023,2014,2015-03-19,0106,2014-01-19,1947,404,,7,5,6,0106,0,0,0,,0,,"INDUSTRIAL PKWY","ADDISON WY",1325.00,S,N,A,-,N,,,,,,,,,,Y,1,1,0,1,A,-,03,22350,,N,E,I,A,A,H,-,C,A,0,,,,,Y,,A,01,0,0,0,0,0,0,0,0,0,"- ","- ",,,ALAMEDA,HAYWARD,-122.06648583,37.613125119999999
6292027,2014,2015-03-19,0109,2014-02-14,2133,8709,2,5,5,7,0109,0,0,0,,0,32X,"SAN LEANDRO ST","98TH AV",0.00,,Y,A,-,N,,,,,,,,,,N,1,1,2,3,A,-,01,23152,A,N,D,C,A,A,H,-,C,A,0,,,,,Y,Y,A,08,0,0,2,0,0,0,0,0,0,"- ","- ",,,ALAMEDA,OAKLAND,-122.17976,37.739179929999999
6292034,2014,2015-03-19,0109,2014-04-23,1338,7998,,3,5,7,0109,0,0,0,,0,08X,"HARRISON ST","PEARL ST",0.00,,Y,C,-,N,,,,,,,,,,Y,1,1,0,2,-,-,"- ",,,N,B,C,A,A,H,-,A,A,0,,,,,Y,Y,-,"- ",0,0,0,0,0,0,0,0,0,"- ","- ",,,ALAMEDA,OAKLAND,-122.25579994,37.818219900000003
6292035,2014,2015-03-19,0109,2014-04-26,0734,7998,,6,5,7,0109,0,0,0,,0,12X,"TELEGRAPH AV","51ST ST",0.00,S,N,-,-,N,,,,,,,,,,N,1,1,0,2,-,-,"- ",,,F,G,B,C,-,-,-,-,D,0,Y,,,,Y,,-,"- ",0,0,0,1,0,0,0,0,0,"- ","- ",,,ALAMEDA,OAKLAND,-122.26234988,37.83720993
6292041,2014,2015-12-18,0112,2014-06-07,2108,261,,6,5,5,0112,0,0,0,,0,004,"DOOLITTLE DR","BERMUDA AV",169.00,S,N,A,-,N,,,,,,,,,,Y,1,1,0,3,A,-,08,22107,,N,C,C,A,A,H,-,C,D,0,,,Y,,Y,Y,C,,0,0,0,0,0,0,0,1,0,"- ","- ",,,ALAMEDA,"SAN LEANDRO",-122.17476695000001,37.69662546
6292083,2014,2015-04-22,9345,2014-12-09,2230,20134,,2,3,6,0106,0,1,1,,2,073,"RT 880","WINTON AV",3420.00,S,N,A,-,Y,ALA,4,880,-,-,16.950,H,-,S,Y,1,1,2,2,A,-,08,22107,,N,E,I,A,A,H,-,C,D,1,,,,,Y,,A,01,1,0,1,0,0,0,0,0,0,"- ","- ",37.645539999999997,-122.09562,ALAMEDA,HAYWARD,-122.09623261999999,37.647838479999997
6292085,2014,2015-04-14,0101,2014-12-11,1739,95,226,4,5,5,0101,0,0,0,,0,002,"OTIS DR","GRAND ST",0.00,,Y,C,-,N,,,,,,,,,,Y,1,1,0,2,A,-,10,21950,A,N,G,B,B,B,H,-,C,A,0,Y,,,,Y,,I,20,0,0,0,1,0,0,0,0,0,"- ","- ",,,ALAMEDA,ALAMEDA,-122.26202991,37.76298998
6292102,2014,2015-04-15,0105,2014-11-12,0722,13144,246,3,5,6,0105,0,0,0,,0,002,"FREMONT BL","PASEO PADRE PKWY",48.00,S,N,A,-,N,,,,,,,,,,Y,1,1,1,1,C,-,18,,,N,E,I,A,A,H,-,A,A,0,,,,,Y,,-,"- ",0,0,1,0,0,0,0,0,0,"- ","- ",,,ALAMEDA,FREMONT,-122.04106222999999,37.575016840000004
6292118,2015,2015-04-29,9390,2015-01-05,1650,20557,,1,2,6,0105,0,1,1,,2,064,"RT 680","RT 262",2490.00,N,N,A,-,Y,ALA,4,680,-,M,2.870,H,-,S,Y,1,1,2,5,A,-,03,22350,,N,A,C,A,A,H,-,B,D,1,,,,,Y,,D,22,0,0,2,0,0,0,0,0,0,"- ","- ",37.500500000000002,-121.92909,ALAMEDA,FREMONT,-121.92906536,37.500540319999999
6292119,2015,2015-04-24,0103,2015-01-13,1843,8,30,2,5,6,0103,0,0,0,,0,004,"UNIVERSITY AV","MCGEE AV",0.00,,Y,A,-,N,,,,,,,,,,N,1,1,0,2,A,-,09,21804,A,F,D,G,A,A,H,-,C,A,0,,Y,,,Y,,L,04,0,0,0,0,0,1,0,0,0,"- ","- ",,,ALAMEDA,BERKELEY,-122.2775199,37.87103999
6292193,2015,2015-07-14,9375,2015-03-29,0010,20874,,7,3,9,0100,0,1,1,,2,580,"RT 580","150TH AV",179.00,E,N,A,-,Y,ALA,4,580,-,R,32.810,H,-,W,N,1,1,0,4,A,-,11,21950,B,F,G,B,E,A,H,-,D,D,1,Y,,,,Y,Y,N,60,0,0,0,1,0,0,0,0,0,"- ","- ",37.709299999999999,-122.1238,ALAMEDA,UNINCORPORATED,-122.1238,37.709299999999999
6292253,2014,2015-06-10,9345,2014-09-15,0306,20419,,1,3,5,0112,0,1,1,,2,075,"RT 880","ALADDIN AV",494.00,S,N,A,-,Y,ALA,4,880,-,-,22.330,H,-,S,Y,1,1,4,2,A,-,03,22350,,N,D,C,A,A,C,-,D,D,1,,,,,Y,,A,01,1,0,3,0,0,0,0,0,0,"- ","- ",37.706090000000003,-122.16048000000001,ALAMEDA,"SAN LEANDRO",-122.15981272000001,37.705570369999997
6292323,2015,2015-07-06,9345,2015-02-06,0034,20821,,5,3,6,0105,0,1,1,,2,071,"RT 880","CENTRAL AV",834.00,N,N,A,-,Y,ALA,4,880,-,-,3.430,H,-,N,Y,1,1,3,3,A,-,01,23152,A,N,A,C,A,A,H,-,D,A,1,,,,,Y,Y,A,01,3,0,0,0,0,0,0,0,0,"- ","- ",37.541460000000001,-122.01912,ALAMEDA,FREMONT,-121.95066679,37.494529319999998
6292681,2015,2017-03-30,0105,2015-08-24,2048,2528,422,1,5,6,0105,0,0,0,,0,002,"FREMONT BL","NICOLET AV",248.00,N,N,A,-,N,,,,,,,,,,Y,1,1,0,2,A,-,11,21955,,N,G,B,D,A,H,-,C,D,0,Y,,,,Y,Y,N,60,0,0,0,1,0,0,0,0,0,"- ","- ",,,ALAMEDA,FREMONT,-122.02348009000001,37.566385519999997
6292688,2015,2015-10-01,9370,2015-05-30,0048,20508,,6,3,7,0109,0,1,1,,2,053,"RT 580","MAPLE AV",120.00,W,N,B,-,Y,ALA,4,580,-,R,40.980,H,-,E,Y,1,1,0,1,A,-,01,23152,A,N,F,A,A,A,H,-,D,D,1,,,Y,,Y,Y,C,02,0,0,0,0,0,0,0,1,0,"- ","- ",37.474200000000003,-122.12277,ALAMEDA,OAKLAND,-122.20830714,37.795348150000002
6292772,2015,2016-04-15,0109,2015-05-19,0211,8610,1,2,5,7,0109,0,0,0,,0,01X,"5TH ST",BROADWAY,0.00,,Y,B,-,N,,,,,,,,,,Y,1,1,0,2,A,-,12,21453,A,N,D,C,A,A,H,-,C,A,0,,,,Y,Y,Y,A,01,0,0,0,0,0,0,0,0,0,"- ","- ",,,ALAMEDA,OAKLAND,-122.27503987,37.798159920000003
6292782,2015,2016-04-26,0106,2015-12-28,1838,403,,1,5,6,0106,0,0,0,,0,00E,"HESPERIAN BL","TAHOE AV",8.00,S,N,A,-,N,,,,,,,,,,Y,1,1,0,3,A,-,10,21950,A,F,G,B,B,A,H,-,C,A,0,Y,,,,Y,,-,,0,0,0,1,0,0,0,0,0,"- ","- ",37.620089999999998,-122.09007,ALAMEDA,HAYWARD,-122.09010809999999,37.620020169999997
6292857,2015,2016-03-29,0109,2015-06-21,1810,9025,2,7,5,7,0109,0,0,0,,0,24X,"HIGH ST","QUIGLEY PL",79.00,S,N,A,-,N,,,,,,,,,,Y,1,1,0,2,A,-,09,21804,A,N,D,C,A,A,H,-,A,A,0,,,Y,,Y,,A,07,0,0,0,0,0,0,0,1,0,"- ","- ",,,ALAMEDA,OAKLAND,-122.19680964,37.786292189999998
6292904,2016,2018-09-24,0109,2016-11-26,1614,9259,2,6,5,7,0109,0,0,0,,0,31Y,"EMPIRE RD","TUNIS RD",100.00,W,N,B,C,N,,,,,,,,,,Y,1,1,1,1,A,-,01,23152,A,N,E,I,A,B,H,-,A,D,0,,,,,Y,Y,A,01,0,0,1,0,0,0,0,0,0,"- ","- ",,,ALAMEDA,OAKLAND,-122.19502070999999,37.732941420000003
6293030,2016,2018-09-24,0113,2016-11-26,0824,3412,,6,5,5,0113,0,0,0,,0,005,"UNION CITY BL","BETTENCOURT WY",0.00,,Y,B,-,N,,,,,,,,,,Y,1,1,3,1,A,-,03,22350,,N,E,I,A,-,-,-,A,A,0,,,,,Y,,I,11,0,2,1,0,0,0,0,0,0,"- ","- ",,,ALAMEDA,"UNION CITY",-122.08170991999999,37.598529999999997
6342607,2014,2014-06-18,9390,2014-01-04,0559,019657,,6,3,9,0100,0,2,4,,2,555,"VASCO RD","ROONEY RANCH RD",1584.00,N,N,A,-,N,,,,,,,,,,Y,2,0,2,2,A,-,05,21460,A,N,A,C,A,A,H,-,D,D,0,,,,,Y,,D,22,1,1,0,0,0,0,0,0,0,"- ","- ",37.740650000000002,-121.72306,ALAMEDA,UNINCORPORATED,-121.72823429,37.74810214
6356517,2014,2014-06-05,0109,2014-01-16,0032,306,,4,5,7,0109,0,0,0,,0,,"E 8TH ST","5TH AV",229.00,W,N,A,-,N,,,,,,,,,,Y,2,0,1,1,A,-,03,22350,,N,E,I,A,A,H,-,C,D,0,,,,,Y,,A,,1,0,0,0,0,0,0,0,0,"- ","- ",,,ALAMEDA,OAKLAND,-122.2581,37.79269
6365890,2014,2014-06-06,0105,2014-01-26,2140,11865,1083,7,5,6,0105,0,0,0,,0,003,"FREMONT BL","OLD WARM SPRINGS BL",0.00,,Y,A,-,N,,,,,,,,,,Y,2,0,3,2,A,-,09,21801,A,N,D,C,A,A,H,-,C,D,0,,,,Y,Y,,A,01,1,2,0,0,0,0,0,0,0,"- ","- ",,,ALAMEDA,FREMONT,-121.94971995,37.509079909999997
6376637,2014,2014-06-03,9375,2014-01-18,0735,019128,,6,1,9,0100,0,3,5,,2,002,"DELANO ST","EMORY CT",0.00,,Y,B,-,N,,,,,,,,,,N,2,0,1,2,A,-,10,21950,A,N,G,B,D,A,H,-,A,D,0,Y,,,,Y,,A,01,1,0,0,0,1,0,0,0,0,"- ","- ",,,ALAMEDA,UNINCORPORATED,-122.11773991,37.693129929999998
6381722,2014,2014-06-07,0109,2014-01-21,1236,8914,1,2,5,7,0109,0,0,0,,0,21Y,"DAVIS ST","COOLIDGE AV",50.00,E,N,A,-,N,,,,,,,,,,N,2,0,1,3,A,-,08,22107,,F,A,B,E,A,H,-,A,A,0,Y,,,,Y,,A,07,1,0,0,0,1,0,0,0,0,"- ","- ",,,ALAMEDA,OAKLAND,-122.21702159,37.788549330000002
6382363,2014,2016-03-03,9375,2014-02-01,0509,020534,,6,3,9,0100,0,1,3,,1,185,"RT 185","PARADISE BL",60.00,S,N,B,-,Y,ALA,4,185,-,-,1.750,H,-,S,Y,2,0,5,2,A,-,08,22107,,N,C,E,A,A,H,-,C,D,0,,,,Y,Y,Y,A,01,4,1,0,0,0,0,0,0,0,"- ","- ",37.687049999999999,-122.10254,ALAMEDA,UNINCORPORATED,-122.10268345999999,37.68702768
6389445,2014,2014-06-18,9375,2014-01-26,2005,19570,,7,2,9,0100,0,2,4,,2,035,"LAKE CHABOT RD","CARLTON AV",557.00,N,N,A,-,N,,,,,,,,,,Y,2,0,1,1,C,-,18,,,N,E,H,A,A,H,-,C,D,0,,,Y,,Y,,-,"- ",1,0,0,0,0,0,0,0,1,"- ","- ",37.714060000000003,-122.10063,ALAMEDA,UNINCORPORATED,-122.1004035,37.713800999999997
6391663,2014,2016-01-14,9345,2014-02-15,0015,20622,,6,3,6,0106,0,1,1,,2,073,"RT 880","WHIPPLE RD",612.00,N,N,A,-,Y,ALA,4,880,-,-,13.820,H,-,N,N,2,0,1,2,A,-,11,21954,A,N,G,B,E,A,H,-,C,D,1,Y,,,Y,Y,Y,N,60,1,0,0,0,1,0,0,0,0,"- ","- ",37.608409999999999,-122.06742,ALAMEDA,HAYWARD,-122.06783299,37.608700800000001
6393798,2014,2014-06-19,0105,2014-02-12,0909,13144,1009,3,5,6,0105,0,0,0,,0,002,"FREMONT BL","BLACOW RD",112.00,N,N,A,-,N,,,,,,,,,,Y,2,0,3,1,A,-,03,22350,,N,E,I,A,A,H,-,A,D,0,,,,,Y,,A,01,3,0,0,0,0,0,0,0,0,"- ","- ",,,ALAMEDA,FREMONT,-121.95771377,37.524374680000001
6396381,2014,2014-06-06,0101,2014-01-16,0744,86,231,4,5,5,0101,0,0,0,,0,002,"SHORELINE DR","GRAND ST",0.00,,Y,A,F,N,,,,,,,,,,N,2,0,1,2,A,-,10,21950,A,N,G,B,B,A,H,-,A,A,0,Y,,,,Y,,A,01,1,0,0,0,1,0,0,0,0,"- ","- ",,,ALAMEDA,ALAMEDA,-122.26410994,37.759469950000003
6396394,2014,2014-06-06,0103,2014-01-26,2019,52,33,7,5,6,0103,0,0,0,,0,012,"SACRAMENTO ST","RUSSELL ST",0.00,,Y,A,-,N,,,,,,,,,,N,2,0,1,2,A,-,10,21950,A,F,G,B,B,A,H,-,C,D,0,Y,,,,Y,,A,01,1,0,0,0,1,0,0,0,0,"- ","- ",,,ALAMEDA,BERKELEY,-122.2794399,37.854869899999997
6401490,2014,2014-06-05,9375,2014-01-18,1718,19575,,6,2,9,0100,0,2,4,,1,022,"MEEKLAND AV","SUNSET BL",152.00,S,N,A,-,N,,,,,,,,,,N,2,0,1,1,A,-,08,22107,,N,F,A,A,A,H,-,B,D,0,,Y,,,Y,,L,04,1,0,0,0,0,0,1,0,0,"- ","- ",37.671050000000001,-122.10359,ALAMEDA,UNINCORPORATED,-122.1038183,37.671189839999997
6406744,2014,2014-09-02,9390,2014-06-08,1250,018753,,7,1,9,0100,0,1,1,,2,053,"MORGAN TERRITORY RD","TWIN OAKS LN",2640.00,N,N,A,-,N,,,,,,,,,,N,2,0,1,1,A,-,03,22350,,N,E,I,A,A,H,-,A,D,0,,Y,,,Y,,-,"- ",1,0,0,0,0,0,1,0,0,"- ","- ",37.781410000000001,-121.77497,ALAMEDA,UNINCORPORATED,-121.77497,37.781410000000001
6408716,2014,2014-06-16,0109,2014-01-11,0103,9009,2,6,5,7,0109,0,0,0,,0,34X,"INTERNATIONAL BL","84TH AV",0.00,,Y,A,-,N,,,,,,,,,,N,2,0,1,2,A,-,10,21950,A,N,G,B,B,A,H,-,C,D,0,Y,,,,Y,,-,99,1,0,0,0,1,0,0,0,0,"- ","- ",,,ALAMEDA,OAKLAND,-122.17798994,37.754369920000002
6412612,2014,2014-06-10,0108,2014-01-15,1902,11361,,3,5,4,0108,0,0,0,,0,002,"CHERRY ST","REDEKER PL",126.00,S,N,A,-,N,,,,,,,,,,Y,2,0,1,2,A,-,03,22350,,N,C,C,A,A,H,-,C,D,0,,,,,Y,,A,01,1,0,0,0,0,0,0,0,0,"- ","- ",37.526730000000001,-122.02186,ALAMEDA,NEWARK,-122.02171714000001,37.526699499999999
6423363,2014,2015-11-20,9370,2014-03-15,0015,020508,,6,3,7,0109,0,1,1,,2,177,"RT 880","5TH AV",2640.00,S,N,A,-,Y,ALA,4,880,-,-,29.880,H,-,N,Y,2,0,1,2,A,-,01,23152,A,N,C,C,A,A,H,-,C,D,1,,,,,Y,Y,A,01,1,0,0,0,0,0,0,0,0,"- ","- ",37.788429999999998,-122.2508,ALAMEDA,OAKLAND,-122.24757173,37.787375009999998
6423672,2014,2016-03-04,9390,2014-03-15,0910,19982,,6,1,5,0111,0,1,1,,2,051,"RT 580","EL CHARRO RD",1234.00,W,N,A,-,Y,ALA,4,580,-,-,16.930,H,-,E,Y,2,0,1,2,A,-,03,22350,,N,C,C,A,A,D,-,A,A,1,,,,,Y,,A,08,1,0,0,0,0,0,0,0,0,"- ","- ",37.701219999999999,-121.8575,ALAMEDA,PLEASANTON,-121.85312266,37.701152559999997
6426528,2014,2016-02-24,9375,2014-02-14,1150,19309,,5,1,9,0100,0,1,1,,2,580,"RT 580","164TH AV",154.00,W,N,B,-,Y,ALA,4,580,-,R,31.780,H,-,E,Y,2,0,1,3,A,-,03,22350,,N,B,C,A,A,H,-,A,D,1,,,,,Y,,A,01,1,0,0,0,0,0,0,0,0,"- ","- ",37.699959999999997,-122.10784,ALAMEDA,UNINCORPORATED,-122.10925913,37.7004752
6426565,2014,2014-07-01,9375,2014-02-27,1918,019588,,4,2,9,0100,0,2,4,,2,032,"STANTON AV","SOMERSET AV",538.00,S,N,A,-,N,,,,,,,,,,Y,2,0,1,2,A,-,01,23152,A,N,B,G,D,A,H,-,C,D,0,Y,,,,Y,Y,A,01,1,0,0,0,1,0,0,0,0,"- ","- ",37.698250000000002,-122.09126999999999,ALAMEDA,UNINCORPORATED,-122.09149759,37.699050700000001
6430884,2014,2014-06-13,0109,2014-01-04,2324,9027,2,6,5,7,0109,0,0,0,,0,29X,"MACARTHUR BL","68TH AV",200.00,E,N,A,-,N,,,,,,,,,,N,2,0,1,3,A,-,08,22107,,N,C,E,A,A,H,-,C,D,0,,,,,Y,Y,A,01,1,0,0,0,0,0,0,0,0,"- ","- ",,,ALAMEDA,OAKLAND,-122.17582942999999,37.770933489999997
6434280,2014,2016-04-14,9345,2014-04-01,0620,017966,,2,1,5,0112,0,1,1,,2,075,"RT 880","MARINA BL",180.00,S,N,C,-,Y,ALA,4,880,-,-,22.851,R,2,S,Y,2,0,1,1,A,-,08,22107,,N,E,I,A,B,H,-,D,D,1,,,,,Y,,A,01,1,0,0,0,0,0,0,0,0,TO,"- ",37.710590000000003,-122.16698,ALAMEDA,"SAN LEANDRO",-122.16698168000001,37.710568360000003
6435780,2014,2016-03-02,9345,2014-03-11,1119,19880,,2,1,5,0112,0,1,1,,2,075,"RT 880","MARINA BL",210.00,S,N,A,-,Y,ALA,4,880,-,-,22.830,H,-,N,Y,2,0,1,2,A,-,07,21658,A,N,H,A,A,A,H,-,A,D,1,,,,,Y,,-,99,1,0,0,0,0,0,0,0,0,"- ","- ",37.710290000000001,-122.16534,ALAMEDA,"SAN LEANDRO",-122.16639335000001,37.710504010000001