CASE_ID,ACCIDENT_YEAR,PROC_DATE,JURIS,COLLISION_DATE,COLLISION_TIME,OFFICER_ID,REPORTING_DISTRICT,DAY_OF_WEEK,CHP_SHIFT,POPULATION,CNTY_CITY_LOC,SPECIAL_COND,BEAT_TYPE,CHP_BEAT_TYPE,CITY_DIVISION_LAPD,CHP_BEAT_CLASS,BEAT_NUMBER,PRIMARY_RD,SECONDARY_RD,DISTANCE,DIRECTION,INTERSECTION,WEATHER_1,WEATHER_2,STATE_HWY_IND,CALTRANS_COUNTY,CALTRANS_DISTRICT,STATE_ROUTE,ROUTE_SUFFIX,POSTMILE_PREFIX,POSTMILE,LOCATION_TYPE,RAMP_INTERSECTION,SIDE_OF_HWY,TOW_AWAY,COLLISION_SEVERITY,NUMBER_KILLED,NUMBER_INJURED,PARTY_COUNT,PRIMARY_COLL_FACTOR,PCF_CODE_OF_VIOL,PCF_VIOL_CATEGORY,PCF_VIOLATION,PCF_VIOL_SUBSECTION,HIT_AND_RUN,TYPE_OF_COLLISION,MVIW,PED_ACTION,ROAD_SURFACE,ROAD_COND_1,ROAD_COND_2,LIGHTING,CONTROL_DEVICE,CHP_ROAD_TYPE,PEDESTRIAN_ACCIDENT,BICYCLE_ACCIDENT,MOTORCYCLE_ACCIDENT,TRUCK_ACCIDENT,NOT_PRIVATE_PROPERTY,ALCOHOL_INVOLVED,STWD_VEHTYPE_AT_FAULT,CHP_VEHTYPE_AT_FAULT,COUNT_SEVERE_INJ,COUNT_VISIBLE_INJ,COUNT_COMPLAINT_PAIN,COUNT_PED_KILLED,COUNT_PED_INJURED,COUNT_BICYCLIST_KILLED,COUNT_BICYCLIST_INJURED,COUNT_MC_KILLED,COUNT_MC_INJURED,PRIMARY_RAMP,SECONDARY_RAMP,LATITUDE,LONGITUDE,COUNTY,CITY,POINT_X,POINT_Y
6437843,2014,2014-07-07,0109,2014-02-03,1702,9158,1,1,5,7,0109,0,0,0,,0,10X,"SAN PABLO AV","61ST ST",15.00,N,N,A,-,N,,,,,,,,,,N,2,0,1,2,A,-,17,22517,,N,H,G,A,A,H,-,A,A,0,,Y,,,Y,,A,01,1,0,0,0,0,0,1,0,0,"- ","- ",,,ALAMEDA,OAKLAND,-122.28413310000001,37.844069869999998
6444124,2014,2016-02-12,9370,2014-02-15,1615,20630,,6,2,2,0104,0,1,1,,2,080,"RT 80","SHELLMOUND ST",737.00,N,N,A,-,Y,ALA,4,80,-,-,4.761,R,2,W,Y,1,1,1,1,A,-,01,23152,A,N,F,I,A,A,H,-,A,D,6,,,,,Y,Y,A,01,0,0,1,0,0,0,0,0,0,TO,"- ",37.847740000000002,-122.29747999999999,ALAMEDA,EMERYVILLE,-122.29974043,37.851837490000001
6445971,2014,2016-02-24,9370,2014-03-07,0015,018864,,5,3,7,0109,0,1,1,,2,053,"RT 580","KUHNLE AV",1300.00,E,N,A,-,Y,ALA,4,580,-,R,39.670,H,-,W,Y,2,0,2,1,A,-,08,22107,,N,F,I,A,A,H,-,C,D,1,,,,,Y,,A,01,1,1,0,0,0,0,0,0,0,"- ","- ",37.464500000000001,-122.10108,ALAMEDA,OAKLAND,-122.18581923000001,37.784247989999997
6448811,2014,2015-11-16,0105,2014-03-14,1011,13144,665,5,5,6,0105,0,0,0,,0,002,"FREMONT BL","RT 84",0.00,,Y,A,-,Y,ALA,4,84,-,-,8.333,I,5,N,Y,2,0,2,2,A,-,12,21453,A,N,D,C,A,A,H,-,A,A,0,,,,,Y,,A,01,1,0,1,0,0,0,0,0,0,"- ","- ",,,ALAMEDA,FREMONT,-122.00717191,37.558263320000002
6450866,2014,2014-07-03,0106,2014-03-14,2308,481,,5,5,6,0106,0,0,0,,0,00J,"W A ST","HATHAWAY AV",0.00,,Y,A,-,N,,,,,,,,,,N,2,0,1,2,A,-,12,21453,A,N,D,C,A,A,H,-,C,-,0,,,Y,,Y,Y,C,02,1,0,0,0,0,0,0,0,1,"- ","- ",,,ALAMEDA,HAYWARD,-122.10346993,37.666529949999997
6452819,2014,2014-07-10,0105,2014-04-07,2310,13210,11521,1,5,6,0105,0,0,0,,0,003,"NOBEL DR","NOBEL DR 42259",210.00,E,N,A,-,N,,,,,,,,,,Y,2,0,1,1,A,-,08,22107,,N,E,J,A,A,H,-,C,D,0,,,Y,,Y,,C,02,1,0,0,0,0,0,0,0,1,"- ","- ",,,ALAMEDA,FREMONT,,
6452820,2014,2014-07-10,0105,2014-04-09,2116,12745,102,3,5,6,0105,0,0,0,,0,002,"PASEO PADRE PKWY","ARDENWOOD BL",0.00,,Y,A,-,N,,,,,,,,,,Y,2,0,1,2,A,-,09,21453,C,N,D,C,A,A,H,-,C,A,0,,,Y,,Y,,A,07,1,0,0,0,0,0,0,0,1,"- ","- ",,,ALAMEDA,FREMONT,-122.06407986000001,37.56044
6459998,2014,2014-06-26,0109,2014-02-16,1743,8585,2,7,5,7,0109,0,0,0,,0,026,"SAN LEANDRO ST","47TH AV",130.00,E,N,A,-,N,,,,,,,,,,N,2,0,1,2,D,-,00,,,N,D,G,A,A,H,-,A,D,0,,Y,,,Y,,-,"- ",1,0,0,0,0,0,1,0,0,"- ","- ",,,ALAMEDA,OAKLAND,-122.21388356,37.767908540000001
6461005,2014,2014-06-17,0109,2014-01-17,0215,9164,1,5,5,7,0109,0,0,0,,0,04X,"17TH ST","LAKESIDE DR",100.00,W,N,A,-,N,,,,,,,,,,N,2,0,1,2,A,-,11,21950,B,N,G,B,D,A,H,-,C,D,0,Y,,,,Y,Y,N,60,1,0,0,0,1,0,0,0,0,"- ","- ",,,ALAMEDA,OAKLAND,-122.26149096,37.803850789999998
6468545,2014,2014-06-24,0109,2014-02-02,1900,9190,1,7,5,7,0109,0,0,0,,0,08X,BROADWAY,"27TH ST",10.00,N,N,B,-,N,,,,,,,,,,N,2,0,1,2,D,-,00,,,N,G,B,B,A,H,-,C,A,0,Y,,,,Y,,-,"- ",1,0,0,0,1,0,0,0,0,"- ","- ",,,ALAMEDA,OAKLAND,-122.26411751000001,37.815640889999997
6470595,2014,2014-07-08,0101,2014-03-26,1619,83,221,3,5,5,0101,0,0,0,,0,002,"LINCOLN AV","SHERMAN ST",246.00,W,N,C,-,N,,,,,,,,,,Y,2,0,1,3,C,-,18,,,N,B,E,A,B,H,-,A,A,0,,,,,Y,,-,"- ",1,0,0,0,0,0,0,0,0,"- ","- ",,,ALAMEDA,ALAMEDA,-122.26414028000001,37.774814290000002
6474870,2014,2014-07-08,0105,2014-03-28,1130,2901,1067,5,5,6,0105,0,0,0,,0,003,"AUTO MALL PKWY","SOUTH GRIMMER BL",0.00,,Y,A,-,N,,,,,,,,,,N,2,0,1,3,A,-,08,22107,,N,B,G,A,A,H,-,A,A,0,,Y,,,Y,,L,04,1,0,0,0,0,0,1,0,0,"- ","- ",,,ALAMEDA,FREMONT,-121.96301991999999,37.509289979999998
6479102,2014,2016-04-13,9345,2014-05-06,1552,20362,9345,2,2,6,0106,0,1,1,,2,073,"RT 880","WINTON AV",1056.00,N,N,A,-,Y,ALA,4,880,-,-,17.800,H,-,N,Y,2,0,1,2,A,-,07,21658,A,N,B,C,A,A,H,-,A,D,1,,,Y,,Y,,A,01,1,0,0,0,0,0,0,0,1,"- ","- ",37.659779999999998,-122.10323,ALAMEDA,HAYWARD,-122.10290581,37.659064770000001
6491770,2014,2014-07-17,0103,2014-04-27,1516,57,39,7,5,6,0103,0,0,0,,0,009,"TELEGRAPH AV","ASHBY AV",0.00,,Y,A,-,N,,,,,,,,,,N,2,0,1,2,A,-,09,21801,A,N,A,C,A,A,H,-,A,A,0,,,Y,,Y,,A,07,1,0,0,0,0,0,0,0,1,"- ","- ",,,ALAMEDA,BERKELEY,-122.25968994,37.856209980000003
6492996,2014,2016-04-11,9370,2014-05-03,2035,020656,,6,2,7,0109,0,1,1,,2,176,"RT 880","98TH AV",2292.00,S,N,A,-,Y,ALA,4,880,-,-,24.310,H,-,N,Y,2,0,1,1,A,-,01,23152,A,N,F,I,A,A,H,-,C,D,1,,,,,Y,Y,A,01,1,0,0,0,0,0,0,0,0,"- ","- ",37.732550000000003,-122.18913000000001,ALAMEDA,OAKLAND,-122.1839245,37.726663770000002
6498472,2014,2014-07-18,0106,2014-04-15,1940,728,,2,5,6,0106,0,0,0,,0,00C,"MARTIN LUTHER KING BL","B ST",312.00,S,N,A,-,N,,,,,,,,,,N,2,0,1,2,A,-,01,21200,5,N,C,G,A,A,H,-,B,D,0,,Y,,,Y,Y,L,04,1,0,0,0,0,0,1,0,0,"- ","- ",,,ALAMEDA,HAYWARD,-122.09849554,37.665474510000003
6501642,2014,2016-04-13,9345,2014-05-05,0225,020260,,1,3,9,0100,0,1,1,,2,074,"RT 880","HACIENDA AV",220.00,N,N,A,-,Y,ALA,4,880,-,-,19.310,H,-,S,Y,2,0,2,3,A,-,03,22350,,N,A,C,A,A,H,-,D,D,1,,,,,Y,,A,01,1,0,1,0,0,0,0,0,0,"- ","- ",37.676909999999999,-122.11797,ALAMEDA,UNINCORPORATED,-122.11817913,37.676899689999999
6505831,2014,2014-07-25,0109,2014-05-26,1519,9048,2,1,5,7,0109,0,0,0,,0,35Y,"SKYLINE BL","KELLER AV",2640.00,E,N,A,-,N,,,,,,,,,,Y,2,0,2,2,A,-,03,22350,,N,C,G,A,A,H,-,A,D,0,,Y,Y,,Y,,C,02,2,0,0,0,0,0,1,0,1,"- ","- ",,,ALAMEDA,OAKLAND,-122.12458406,37.763183040000001
6506398,2014,2016-04-14,0109,2014-04-16,1720,9255,2,3,5,7,0109,0,0,0,,0,26Y,"INTERNATIONAL BL","65TH AV",30.00,W,N,A,-,Y,ALA,4,185,-,-,9.160,I,5,S,Y,2,0,3,3,A,-,01,23152,A,N,A,C,A,A,H,-,A,D,0,,,,,Y,Y,A,01,2,0,1,0,0,0,0,0,0,"- ","- ",,,ALAMEDA,OAKLAND,-122.19451414,37.762672690000002
6515656,2014,2014-08-05,0109,2014-05-20,1609,9207,1,2,5,7,0109,0,0,0,,0,03Y,"14TH ST","MADISON ST",0.00,,Y,A,-,N,,,,,,,,,,Y,2,0,1,2,A,-,12,21453,A,N,D,C,A,A,H,-,A,A,0,,,Y,,Y,,A,01,1,0,0,0,0,0,0,0,1,"- ","- ",,,ALAMEDA,OAKLAND,-122.26405988,37.801509959999997
6517429,2014,2014-08-01,0105,2014-05-01,1029,13144,1046,4,5,6,0105,0,0,0,,0,003,"ALBRAE ST","STEVENSON BL",630.00,S,N,A,-,N,,,,,,,,,,Y,2,0,1,2,A,-,03,22350,,N,D,J,A,A,H,-,A,D,0,,,Y,,Y,,C,02,1,0,0,0,0,0,0,0,1,"- ","- ",,,ALAMEDA,FREMONT,-121.98762549,37.519472589999999
6517943,2014,2016-02-08,9370,2014-06-01,0319,020183,,7,3,7,0109,0,1,1,,2,177,"RT 880","7TH ST",84.00,S,N,A,-,Y,ALA,4,880,-,R,33.268,R,1,N,Y,2,0,1,2,A,-,01,23152,A,N,C,C,A,A,H,-,C,A,1,,,,Y,Y,Y,A,01,1,0,0,0,0,0,0,0,0,TO,"- ",37.807029999999997,-122.30399,ALAMEDA,OAKLAND,-122.30252353,37.804331329999997
6518234,2014,2014-07-08,0109,2014-03-23,1732,9124,1,7,5,7,0109,0,0,0,,0,26X,"INTERNATIONAL BL","47TH AV",81.00,E,N,A,-,N,,,,,,,,,,Y,2,0,1,2,D,-,00,,,N,H,C,A,A,H,-,A,D,0,,,Y,,Y,,-,"- ",1,0,0,0,0,0,0,0,1,"- ","- ",,,ALAMEDA,OAKLAND,-122.21077767,37.770448160000001
6525103,2014,2014-08-07,0105,2014-05-25,1700,11865,418,7,5,6,0105,0,0,0,,0,002,"FREMONT BL","ALDER AV",0.00,,Y,A,-,N,,,,,,,,,,N,2,0,1,2,A,-,10,21950,A,F,G,B,B,A,H,-,A,A,0,Y,,,,Y,,A,01,1,0,0,0,1,0,0,0,0,"- ","- ",,,ALAMEDA,FREMONT,-122.01598997000001,37.562699979999998
6536777,2014,2014-07-30,0109,2014-05-15,1504,9236,1,4,5,7,0109,0,0,0,,0,06X,"SAN PABLO AV","36TH ST",0.00,,Y,A,-,N,,,,,,,,,,Y,2,0,2,2,A,-,09,21801,A,N,D,C,A,A,H,-,A,A,0,,,,,Y,,A,01,1,1,0,0,0,0,0,0,0,"- ","- ",,,ALAMEDA,OAKLAND,-122.27862999,37.82703995
6538392,2014,2016-04-19,9370,2014-06-14,1850,020508,,6,2,3,0102,0,1,1,,2,081,"RT 80","BUCHANAN ST",700.00,E,N,A,-,Y,ALA,4,80,-,R,7.134,H,-,W,Y,2,0,3,4,A,-,01,23152,A,F,B,C,A,A,H,-,A,D,6,,,,,Y,Y,A,01,2,0,1,0,0,0,0,0,0,"- ","- ",37.889679999999998,-122.30848,ALAMEDA,ALBANY,-122.30903458,37.885256839999997
6538884,2014,2015-04-07,9370,2014-06-04,1300,20394,,3,1,7,0109,0,1,1,,2,176,"RT 880","23RD AV",1.00,N,N,A,-,Y,ALA,4,880,-,-,28.881,R,2,S,N,2,0,1,1,C,-,18,,,N,F,A,A,D,H,-,A,D,1,,,Y,,Y,,-,"- ",1,0,0,0,0,0,0,0,1,FR,"- ",37.463700000000003,-122.14125,ALAMEDA,OAKLAND,-122.23618604000001,37.776570210000003
6538892,2014,2015-03-02,9370,2014-06-04,0007,19812,,3,3,7,0109,0,1,1,,2,052,"RT 580","BUELL ST",465.00,E,N,A,-,Y,ALA,4,580,-,R,39.680,H,-,W,Y,2,0,1,1,A,-,08,22107,,N,E,I,A,A,H,-,C,D,1,,,,,Y,,A,01,1,0,0,0,0,0,0,0,0,"- ","- ",37.78436,-122.18554,ALAMEDA,OAKLAND,-122.18599198,37.784256910000003
6542400,2014,2016-04-13,9345,2014-06-17,1145,17406,,2,1,6,0105,0,1,1,,2,071,"RT 880","N FREMONT BL",1122.00,S,N,A,-,Y,ALA,4,880,-,-,11.190,H,-,S,Y,2,0,2,3,A,-,07,21658,A,N,B,C,A,A,H,-,A,D,1,,,,Y,Y,,G,25,1,0,1,0,0,0,0,0,0,"- ","- ",,,ALAMEDA,FREMONT,-122.0472705,37.575119430000001
6543611,2014,2014-08-11,9390,2014-06-27,1715,019673,,5,2,9,0100,0,2,4,,2,557,"ALTAMONT PASS RD","DYER RD",11088.00,E,N,A,-,N,,,,,,,,,,Y,2,0,2,2,A,-,01,23152,E,N,A,C,A,A,H,-,A,D,0,,,,,Y,,A,07,1,1,0,0,0,0,0,0,0,"- ","- ",37.74503,-121.63732,ALAMEDA,UNINCORPORATED,-121.63685363,37.745087120000001
6558408,2014,2014-08-13,0109,2014-05-26,1122,9217,2,1,5,7,0109,0,0,0,,0,27X,"TRASK ST","KINGSLAND AV",0.00,,Y,A,-,N,,,,,,,,,,Y,2,0,1,6,A,-,12,22450,A,M,D,C,A,A,H,-,A,A,0,,,,,Y,,A,01,1,0,0,0,0,0,0,0,0,"- ","- ",,,ALAMEDA,OAKLAND,-122.19695998,37.773569940000002
6558555,2014,2014-08-14,0109,2014-06-02,1753,9182,2,1,5,7,0109,0,0,0,,0,26Y,"INTERNATIONAL BL","69TH AV",0.00,,Y,B,-,N,,,,,,,,,,N,2,0,1,3,A,-,12,21453,A,N,D,C,A,A,H,-,A,A,0,,,Y,,Y,,C,02,1,0,0,0,0,0,0,0,1,"- ","- ",,,ALAMEDA,OAKLAND,-122.19029997,37.760729929999997
6560245,2014,2016-05-13,9390,2014-07-04,0200,020074,,5,3,9,0100,0,1,1,,2,054,"RT 580","GRANT LINE RD",793.00,W,N,A,-,Y,ALA,4,580,-,R,1.780,H,-,E,Y,2,0,1,2,A,-,01,23152,A,F,B,C,A,A,H,-,D,D,1,,,Y,,Y,Y,A,01,1,0,0,0,0,0,0,0,0,"- ","- ",37.739539999999998,-121.59053,ALAMEDA,UNINCORPORATED,-121.59104508999999,37.739313000000003
6562844,2014,2016-03-29,9370,2014-06-13,2230,20206,,5,3,7,0109,0,1,1,,2,052,"RT 580","BUELL ST",350.00,E,N,A,-,Y,ALA,4,580,-,R,39.700,H,-,W,Y,2,0,1,2,A,-,01,23152,A,N,B,C,A,A,H,-,C,D,1,,,,,Y,Y,A,07,1,0,0,0,0,0,0,0,0,"- ","- ",37.784149999999997,-122.18380999999999,ALAMEDA,OAKLAND,-122.18633754,37.784275989999998
6567942,2014,2014-08-05,9375,2014-06-29,0005,20568,,7,3,9,0100,0,2,4,,1,045,"CROW CANYON RD","NORRIS CANYON RD",9504.00,N,N,A,-,N,,,,,,,,,,Y,2,0,2,1,A,-,01,23152,A,N,E,I,A,A,H,-,D,D,0,,,,,Y,Y,A,01,1,1,0,0,0,0,0,0,0,"- ","- ",37.758189999999999,-122.02879,ALAMEDA,UNINCORPORATED,-122.03227878,37.736588830000002
6568773,2014,2014-08-06,9375,2014-06-06,0255,020166,,5,3,9,0100,0,2,4,,2,035,"LAKE CHABOT RD","BARLOW DR",71.00,S,N,B,-,N,,,,,,,,,,N,2,0,1,2,A,-,11,21954,A,N,G,B,E,A,H,-,C,D,0,Y,,,,Y,,N,60,1,0,0,0,1,0,0,0,0,"- ","- ",37.70337,-122.08909,ALAMEDA,UNINCORPORATED,-122.08907714999999,37.703611459999998
6569507,2014,2015-01-22,9390,2014-06-16,1125,019695,,1,1,9,0100,0,1,1,,2,054,"RT 580","GRANT LINE RD",5.00,W,N,A,-,Y,ALA,4,580,-,R,1.570,H,-,W,Y,2,0,1,3,A,-,17,23114,A,F,H,A,A,A,H,-,A,D,1,,,,,Y,,-,99,1,0,0,0,0,0,0,0,0,"- ","- ",,,ALAMEDA,UNINCORPORATED,-121.58731985999999,37.74033755
6570817,2014,2016-05-14,9370,2014-07-16,0700,20123,,3,1,7,0109,0,1,1,,2,176,"RT 880","HEGENBERGER RD",350.00,S,N,A,-,Y,ALA,4,880,-,-,28.420,H,-,S,Y,2,0,1,1,A,-,08,22107,,N,E,I,A,A,H,-,A,D,1,,,,,Y,,A,01,1,0,0,0,0,0,0,0,0,"- ","- ",37.770299999999999,-122.22150000000001,ALAMEDA,OAKLAND,-122.23000098,37.773772510000001
6572920,2014,2014-08-07,0109,2014-06-25,1620,9225,1,3,5,7,0109,0,0,0,,0,07X,"28TH ST","POPLAR ST",0.00,,Y,B,-,N,,,,,,,,,,Y,2,0,2,3,A,-,12,22450,A,F,D,C,A,A,H,-,A,A,0,,,,,Y,,A,08,1,0,1,0,0,0,0,0,0,"- ","- ",,,ALAMEDA,OAKLAND,-122.28539997999999,37.820999980000003
6580475,2014,2016-04-30,9370,2014-07-03,1533,20519,,4,2,6,0103,0,1,1,,2,006,"RT 80","UNIVERSITY AV",1959.00,E,N,A,-,Y,ALA,4,80,-,-,6.210,H,-,E,Y,2,0,5,2,B,-,22,,,N,D,C,A,A,H,-,A,D,6,,,,,Y,,J,48,1,0,4,0,0,0,0,0,0,"- ","- ",37.876199999999997,-122.3064,ALAMEDA,BERKELEY,-122.30527828,37.872046390000001
6581951,2014,2016-04-30,9370,2014-07-17,0943,020586,,4,1,6,0103,0,1,1,,2,081,"RT 80","UNIVERSITY AV",3000.00,W,N,B,-,Y,ALA,4,80,-,-,5.270,H,-,W,N,2,0,1,1,A,-,07,21658,A,N,F,I,A,A,H,-,A,D,6,,,Y,,Y,,C,02,1,0,0,0,0,0,0,0,1,"- ","- ",37.513069999999999,-122.1855,ALAMEDA,BERKELEY,-122.30167688,37.858901400000001
6584470,2014,2014-08-15,0109,2014-05-26,2204,9253,2,1,5,7,0109,0,0,0,,0,31X,"OAKPORT ST","ROLAND WY",0.00,,Y,A,-,N,,,,,,,,,,N,2,0,2,2,A,-,05,21460,A,N,A,C,A,A,H,-,C,D,0,,,,,Y,,A,01,2,0,0,0,0,0,0,0,0,"- ","- ",,,ALAMEDA,OAKLAND,-122.19984986,37.743949929999999
6590205,2014,2016-05-14,9390,2014-07-10,1620,19673,,4,2,5,0107,0,1,1,,2,053,"RT 580","1ST ST",170.00,E,N,A,-,Y,ALA,4,580,-,-,10.660,H,-,E,Y,2,0,1,3,A,-,07,21658,A,F,C,C,A,A,D,-,A,D,1,,,Y,,Y,,A,01,1,0,0,0,0,0,0,0,1,"- ","- ",,,ALAMEDA,LIVERMORE,-121.73985236,37.702575209999999
6591221,2014,2014-08-19,0113,2014-07-19,1312,4402,0113,6,5,5,0113,0,0,0,,0,R106,"RAILROAD AV","E ST",0.00,,Y,A,-,N,,,,,,,,,,Y,2,0,1,2,A,-,10,21950,A,N,G,C,D,A,H,-,A,D,0,Y,,,,Y,,A,01,1,0,0,0,1,0,0,0,0,"- ","- ",,,ALAMEDA,"UNION CITY",-122.02464992,37.600159980000001
6595526,2014,2014-08-29,9375,2014-07-21,2312,020493,,1,3,9,0100,0,2,4,,2,032,"MIRAMAR AV","CREST AV",306.00,W,N,A,-,N,,,,,,,,,,Y,2,0,2,4,A,-,01,23152,A,N,B,E,A,A,H,-,C,D,0,,,,,Y,Y,A,07,1,0,1,0,0,0,0,0,0,"- ","- ",,,ALAMEDA,UNINCORPORATED,-122.10491487,37.70170607
6599874,2014,2014-09-08,9375,2014-08-06,1510,020534,,3,2,9,0100,0,3,5,,2,004,"REDWOOD RD","PINEHURST RD",4488.00,S,N,B,-,N,,,,,,,,,,Y,2,0,1,1,A,-,03,22350,,N,F,A,A,A,H,-,A,D,0,,,Y,,Y,,C,02,1,0,0,0,0,0,0,0,1,"- ","- ",37.779969999999999,-122.12497999999999,ALAMEDA,UNINCORPORATED,-122.13090467000001,37.790036280000002
6602569,2014,2016-06-11,9390,2014-08-04,1120,019285,,1,1,6,0105,0,1,1,,2,064,"RT 680","GRIMMER AV",490.00,N,N,B,-,Y,ALA,4,680,-,M,3.470,H,-,S,Y,2,0,2,3,A,-,03,22350,,N,C,C,A,A,H,-,A,D,1,,,,Y,Y,,D,22,1,0,1,0,0,0,0,0,0,"- ","- ",,,ALAMEDA,FREMONT,-121.93569694999999,37.507186140000002
6604973,2014,2014-09-11,0105,2014-07-07,0037,13144,635,1,5,6,0105,0,0,0,,0,002,"PASEO PADRE PKWY","RIVER WALK DR",90.00,N,N,A,-,N,,,,,,,,,,Y,2,0,1,1,A,-,01,23152,A,N,E,I,A,A,H,-,C,D,0,,,,,Y,Y,D,22,1,0,0,0,0,0,0,0,0,"- ","- ",,,ALAMEDA,FREMONT,-121.99624351,37.563465059999999
6606018,2014,2014-08-26,9370,2014-03-09,1510,16710,,7,2,7,0109,0,1,1,,2,176,"RT 880","HEGENBERGER RD",1652.00,S,N,A,-,Y,ALA,4,880,-,-,25.190,H,-,N,Y,1,1,1,3,A,-,07,21658,A,N,B,C,A,A,H,-,A,D,1,,,,,Y,,-,"- ",1,0,0,0,0,0,0,0,0,"- ","- ",37.737279999999998,-122.19320999999999,ALAMEDA,OAKLAND,-122.19312768,37.737178249999999
6606112,2014,2014-09-25,9390,2014-05-31,1742,19730,,6,2,9,0100,0,1,3,,2,330,"RT 84","VALLECITOS LN",396.00,N,N,A,-,Y,ALA,4,84,-,T,18.630,H,-,N,Y,1,1,2,3,A,-,05,21460,A,N,A,C,A,A,H,-,A,D,0,,,,Y,Y,,A,01,0,1,1,0,0,0,0,0,0,"- ","- ",,,ALAMEDA,UNINCORPORATED,-121.86055043,37.596901260000003
6606154,2014,2015-12-29,0112,2014-05-28,1645,317,,3,5,5,0112,0,0,0,,0,004,"MONARCH BAY DR","FAIRWAY DR",25.00,S,N,A,-,N,,,,,,,,,,Y,1,1,0,1,D,-,00,,,N,E,I,A,A,H,-,A,D,0,,,,,Y,,-,"- ",0,0,0,0,0,0,0,0,0,"- ","- ",,,ALAMEDA,"SAN LEANDRO",-122.18654239999999,37.695638799999998
6606255,2014,2014-10-07,0100,2014-07-30,0651,201242,408,3,5,4,0198,0,0,0,,0,,"DUBLIN BL","ARNOLD RD",0.00,,Y,A,-,N,,,,,,,,,,Y,1,1,0,2,A,-,12,21453,A,N,H,G,A,A,H,-,A,A,0,,Y,,,Y,,L,04,0,0,0,0,0,1,0,0,0,"- ","- ",,,ALAMEDA,DUBLIN,-121.89325986,37.706229909999998
6609187,2014,2016-05-21,9345,2014-08-23,1550,020260,,6,2,6,0106,0,1,1,,2,073,"RT 880","RT 92",35.00,N,N,A,-,Y,ALA,4,880,-,-,16.830,H,-,S,Y,2,0,1,2,A,-,06,21755,,N,B,C,A,A,H,-,A,D,1,,,Y,,Y,Y,C,02,1,0,0,0,0,0,0,0,1,"- ","- ",37.644910000000003,-122.09401,ALAMEDA,HAYWARD,-122.0951422,37.646336150000003
6617361,2014,2014-09-16,9375,2014-08-13,1925,018308,,3,2,9,0100,0,3,5,,2,004,"NORRIS CANYON RD","CROW CANYON RD",8976.00,E,N,A,-,N,,,,,,,,,,Y,2,0,1,1,A,-,03,22350,,N,E,J,A,A,H,-,A,D,0,,,Y,,Y,,C,02,1,0,0,0,0,0,0,0,1,"- ","- ",37.754069999999999,-122.01718,ALAMEDA,UNINCORPORATED,-122.01715747999999,37.75384493
6621807,2014,2015-10-13,0113,2014-03-30,0034,4390,,7,5,5,0113,0,0,0,,0,002,"JEAN DR","DELORES DR",0.00,,Y,C,-,N,,,,,,,,,,Y,2,0,1,2,A,-,03,22350,,M,C,E,A,B,H,-,C,D,0,,,,,Y,,-,,1,0,0,0,0,0,0,0,0,"- ","- ",,,ALAMEDA,"UNION CITY",-122.07263999,37.575459940000002
6624409,2014,2014-09-23,0109,2014-08-12,1100,9123,2,2,5,7,0109,0,0,0,,0,30Y,"MACARTHUR BL","73RD AV",27.00,E,N,A,-,N,,,,,,,,,,N,2,0,1,2,A,-,05,21202,A,N,H,G,A,A,H,-,A,A,0,,Y,,,Y,,L,04,1,0,0,0,0,0,1,0,0,"- ","- ",,,ALAMEDA,OAKLAND,-122.17195864999999,37.769082109999999
6628813,2014,2016-05-21,9345,2014-08-31,2240,020332,,7,3,9,0100,0,1,1,,2,074,"RT 880","HACIENDA DR",334.00,S,N,A,-,Y,ALA,4,880,-,-,19.210,H,-,N,Y,2,0,1,1,A,-,08,22107,,N,E,I,A,A,H,-,D,D,1,,,,,Y,,A,01,1,0,0,0,0,0,0,0,0,"- ","- ",37.676380000000002,-122.1174,ALAMEDA,UNINCORPORATED,-122.11641919,37.676148009999999
6628866,2014,2016-05-23,9345,2014-08-17,1024,020504,,7,1,9,0100,0,1,1,,2,238,"RT 880","RT 238",414.00,E,N,B,-,Y,ALA,4,880,-,-,20.294,R,2,N,Y,2,0,1,1,A,-,08,22107,,N,E,I,A,A,H,-,A,D,1,,,,,Y,,A,01,1,0,0,0,0,0,0,0,0,TO,"- ",37.185879999999997,-122.78942000000001,ALAMEDA,UNINCORPORATED,-122.13161531,37.686480609999997
6630785,2014,2016-04-30,9370,2014-08-18,0205,20644,,1,3,7,0109,0,1,1,,2,008,"RT 80","POWELL ST",1850.00,W,N,A,-,Y,ALA,4,80,-,-,3.440,H,-,E,Y,2,0,3,1,A,-,01,23152,A,N,E,I,A,A,H,-,C,D,6,,,,,Y,Y,A,01,1,0,2,0,0,0,0,0,0,"- ","- ",37.828699999999998,-122.294,ALAMEDA,OAKLAND,-122.29334602,37.8310228
6636189,2014,2014-10-10,9390,2014-09-01,1645,019740,,1,2,9,0100,0,2,4,,2,557,"ALTAMONT PASS RD","UNION PACIFIC RAILROAD",717.00,E,N,A,-,N,,,,,,,,,,Y,2,0,3,1,A,-,08,22107,,N,E,I,A,A,H,-,A,D,0,,,,,Y,,D,22,1,2,0,0,0,0,0,0,0,"- ","- ",37.745989999999999,-121.6538,ALAMEDA,UNINCORPORATED,-121.65375173,37.746018759999998
6644023,2014,2015-01-16,0108,2014-10-23,1759,11938,36,4,5,4,0108,0,0,0,,0,002,"CEDAR BL","CEDAR CT",141.00,S,N,A,-,N,,,,,,,,,,Y,2,0,1,1,A,-,03,22350,,N,E,I,A,A,H,-,A,D,0,,,,,Y,,A,01,1,0,0,0,0,0,0,0,0,"- ","- ",,,ALAMEDA,NEWARK,-122.00678332,37.530023509999999