CASE_ID,ACCIDENT_YEAR,PROC_DATE,JURIS,COLLISION_DATE,COLLISION_TIME,OFFICER_ID,REPORTING_DISTRICT,DAY_OF_WEEK,CHP_SHIFT,POPULATION,CNTY_CITY_LOC,SPECIAL_COND,BEAT_TYPE,CHP_BEAT_TYPE,CITY_DIVISION_LAPD,CHP_BEAT_CLASS,BEAT_NUMBER,PRIMARY_RD,SECONDARY_RD,DISTANCE,DIRECTION,INTERSECTION,WEATHER_1,WEATHER_2,STATE_HWY_IND,CALTRANS_COUNTY,CALTRANS_DISTRICT,STATE_ROUTE,ROUTE_SUFFIX,POSTMILE_PREFIX,POSTMILE,LOCATION_TYPE,RAMP_INTERSECTION,SIDE_OF_HWY,TOW_AWAY,COLLISION_SEVERITY,NUMBER_KILLED,NUMBER_INJURED,PARTY_COUNT,PRIMARY_COLL_FACTOR,PCF_CODE_OF_VIOL,PCF_VIOL_CATEGORY,PCF_VIOLATION,PCF_VIOL_SUBSECTION,HIT_AND_RUN,TYPE_OF_COLLISION,MVIW,PED_ACTION,ROAD_SURFACE,ROAD_COND_1,ROAD_COND_2,LIGHTING,CONTROL_DEVICE,CHP_ROAD_TYPE,PEDESTRIAN_ACCIDENT,BICYCLE_ACCIDENT,MOTORCYCLE_ACCIDENT,TRUCK_ACCIDENT,NOT_PRIVATE_PROPERTY,ALCOHOL_INVOLVED,STWD_VEHTYPE_AT_FAULT,CHP_VEHTYPE_AT_FAULT,COUNT_SEVERE_INJ,COUNT_VISIBLE_INJ,COUNT_COMPLAINT_PAIN,COUNT_PED_KILLED,COUNT_PED_INJURED,COUNT_BICYCLIST_KILLED,COUNT_BICYCLIST_INJURED,COUNT_MC_KILLED,COUNT_MC_INJURED,PRIMARY_RAMP,SECONDARY_RAMP,LATITUDE,LONGITUDE,COUNTY,CITY,POINT_X,POINT_Y
8841494,2019,2019-04-17,0103,2019-01-28,1210,95,,1,5,6,0103,0,0,0,,0,002,HEARST,SCENIC,0.00,,Y,A,-,N,,,,,,,,,,N,2,0,1,1,C,-,18,,,N,H,-,A,A,H,-,A,D,0,,Y,,,Y,,-,"- ",1,0,0,0,0,0,1,0,0,"- ","- ",37.874889373779297,-122.26304626464844,ALAMEDA,BERKELEY,-122.26210784912109,37.874839782714844
8841682,2019,2019-04-18,0103,2019-01-05,0242,,,6,5,6,0103,0,0,0,,0,010,"MARTIN LUTHER KING JR","STUART ST",0.00,,Y,A,-,N,,,,,,,,,,Y,2,0,2,3,A,-,10,21950,A,N,G,B,B,A,H,-,C,D,0,Y,,,,Y,Y,A,01,2,0,0,0,2,0,0,0,0,"- ","- ",37.857959747314453,-122.27149963378906,ALAMEDA,BERKELEY,-122.27152252197266,37.857959747314453
8841758,2019,2019-04-18,0103,2019-01-04,1846,112,,5,5,6,0103,0,0,0,,0,016,SACRAMENTO,"LINCOLN ST",44.00,S,N,A,-,N,,,,,,,,,,N,2,0,1,2,A,-,11,21954,A,N,G,B,D,A,H,-,C,D,0,Y,,,,Y,,N,60,1,0,0,0,1,0,0,0,0,"- ","- ",37.875820159912109,-122.28254699707031,ALAMEDA,BERKELEY,-122.28263854980469,37.875728607177734
8851628,2019,2019-05-06,0109,2019-04-12,1820,9480,1,5,5,7,0109,0,0,0,,0,03X,"OAK ST","13TH ST",10.00,S,N,A,-,N,,,,,,,,,,N,2,0,1,2,A,-,08,22107,,N,B,C,A,A,H,-,A,A,0,,,,,Y,,A,01,1,0,0,0,0,0,0,0,0,"- ","- ",,,ALAMEDA,OAKLAND,-122.26331329345703,37.80035400390625
8852632,2019,2019-05-07,0108,2019-03-20,1712,11544,37,3,5,4,0108,0,0,0,,0,002,"CHERRY ST","JASMINE AV",505.00,N,N,A,-,N,,,,,,,,,,Y,2,0,1,1,A,-,03,22350,,N,E,I,A,A,H,-,A,D,0,,,,,Y,,A,01,1,0,0,0,0,0,0,0,0,"- ","- ",37.520458221435547,-122.01437377929688,ALAMEDA,NEWARK,-122.01304626464844,37.522216796875
8853272,2018,2019-05-04,0103,2018-09-27,2053,7,,4,5,6,0103,0,0,0,,0,008,DERBY,"ELLSWORTH ST",0.00,,Y,A,-,,,,,,,,,,,,2,0,1,2,A,-,10,21950,A,N,G,B,B,A,H,-,C,A,0,Y,,,,Y,,A,01,1,0,0,0,1,0,0,0,0,"- ","- ",37.860958099365234,-122.26225280761719,ALAMEDA,BERKELEY,-122.26225280761719,37.860950469970703
8864526,2019,2019-06-03,0111,2019-04-23,1724,185,,2,5,5,0111,0,0,0,,0,003,"NEAL ST","1ST ST",0.00,,Y,A,-,N,,,,,,,,,,Y,2,0,2,2,A,-,12,21453,A,N,A,C,A,A,H,-,A,A,0,,,,,Y,,A,01,1,1,0,0,0,0,0,0,0,"- ","- ",,,ALAMEDA,PLEASANTON,-121.873779296875,37.659641265869141
8865846,2019,2019-06-04,0108,2019-05-13,1840,12427,28,1,5,4,0108,0,0,0,,0,002,"CENTRAL AV","WILLOW ST",63.00,E,N,A,-,N,,,,,,,,,,N,2,0,1,1,A,-,03,22350,,N,E,I,A,A,H,-,A,D,0,,Y,,,Y,,L,04,1,0,0,0,0,0,1,0,0,"- ","- ",37.51641845703125,-122.04692077636719,ALAMEDA,NEWARK,-122.04670715332031,37.516426086425781
8868614,2019,2019-06-03,0109,2019-03-25,1011,9165,2,1,5,7,0109,0,0,0,,0,27X,"HIGH ST","BOND ST",0.00,,Y,B,-,N,,,,,,,,,,Y,2,0,3,4,A,-,12,21453,,N,D,C,B,A,H,-,A,A,0,Y,,,,Y,,A,01,1,0,2,0,1,0,0,0,0,"- ","- ",,,ALAMEDA,OAKLAND,-122.21250915527344,37.77410888671875
8868618,2019,2019-06-03,0109,2019-03-25,2144,9738,1,1,5,7,0109,0,0,0,,0,07X,"34TH ST","SAN PABLO AV",30.00,S,N,C,-,N,,,,,,,,,,N,2,0,1,2,A,-,08,22107,,F,B,B,E,B,H,-,C,D,0,Y,,,,Y,,-,99,1,0,0,0,1,0,0,0,0,"- ","- ",,,ALAMEDA,OAKLAND,-122.27811431884766,37.825092315673828
8869945,2019,2019-05-30,0103,2019-03-07,0815,93,25,4,5,6,0103,0,0,0,,0,002,"LE CONTE AV","EUCLID AV",0.00,,Y,B,-,N,,,,,,,,,,N,2,0,1,2,A,-,10,21950,A,N,G,B,B,B,H,-,A,A,0,Y,,,,Y,,A,01,1,0,0,0,1,0,0,0,0,"- ","- ",,,ALAMEDA,BERKELEY,-122.26052093505859,37.876941680908203
8870988,2019,2019-06-12,0109,2019-02-26,2106,9544,1,2,5,7,0109,0,0,0,,0,14X,"GRAND AV","WELDON ST",0.00,,Y,C,-,N,,,,,,,,,,N,2,0,1,2,A,-,10,21950,A,N,G,B,B,B,-,-,C,D,0,Y,,,,Y,,A,01,1,0,0,0,1,0,0,0,0,"- ","- ",,,ALAMEDA,OAKLAND,-122.24549865722656,37.816310882568359
8873157,2019,2019-06-12,0109,2019-04-02,2116,9227,2,2,5,7,0109,0,0,0,,0,35X,"FONTAINE ST","CREST AV",870.00,N,N,C,-,N,,,,,,,,,,N,2,0,1,1,A,-,03,22350,,N,A,I,A,B,-,-,C,D,0,,,,,Y,,A,01,1,0,0,0,0,0,0,0,0,"- ","- ",,,ALAMEDA,OAKLAND,-122.15175628662109,37.763153076171875
8874607,2019,2019-06-18,0103,2019-04-08,1714,9,,1,5,6,0103,0,0,0,,0,006,"DURANT AV","TELEGRAPH AV",189.00,W,N,B,-,N,,,,,,,,,,N,2,0,1,2,A,-,10,21950,A,N,G,B,C,A,-,-,A,A,0,Y,,,,Y,,A,01,1,0,0,0,1,0,0,0,0,"- ","- ",,,ALAMEDA,BERKELEY,-122.25966644287109,37.867733001708984
8874848,2019,2019-08-27,0105,2019-05-12,2229,2536,488,7,5,6,0105,0,0,0,,0,002,"RT 84","SAN PEDRO DR",0.00,,Y,A,-,Y,ALA,4,84,-,-,7.150,I,5,S,Y,2,0,1,2,A,-,11,21956,,N,G,B,B,A,H,-,C,A,0,Y,,,,Y,,N,60,1,0,0,0,1,0,0,0,0,"- ","- ",,,ALAMEDA,FREMONT,-122.02064514160156,37.549480438232422
8882396,2019,2019-07-08,0105,2019-04-29,1732,13915,1122,1,5,6,0105,0,0,0,,0,0P3,"PACIFIC COMMONS BL","CURIE ST",0.00,,Y,A,-,N,,,,,,,,,,Y,2,0,3,2,A,-,17,21451,A,N,A,C,A,A,H,-,A,A,0,,,,,Y,,A,01,1,1,1,0,0,0,0,0,0,"- ","- ",,,ALAMEDA,FREMONT,-121.97080230712891,37.502029418945312
8882449,2019,2019-07-10,0106,2019-05-11,1745,373,,6,5,6,0106,0,0,0,,0,00F,"VANDERBILT ST","FAIRWAY ST",450.00,N,N,A,-,N,,,,,,,,,,Y,2,0,1,2,A,-,03,22350,,N,C,E,A,A,H,-,A,D,0,,,,,Y,,A,01,1,0,0,0,0,0,0,0,0,"- ","- ",37.624500274658203,-122.03938293457031,ALAMEDA,HAYWARD,-122.03883361816406,37.623542785644531
8887102,2019,2019-07-03,0109,2019-04-16,1906,9341,2,2,5,7,0109,0,0,0,,0,33X,"96TH AV","INTERNATIONAL BL",0.00,,Y,A,-,N,,,,,,,,,,N,2,0,1,2,A,-,12,21453,A,N,D,C,A,A,-,-,A,A,0,,,Y,,Y,,C,02,1,0,0,0,0,0,0,0,0,"- ","- ",,,ALAMEDA,OAKLAND,-122.17160797119141,37.745738983154297
8890696,2019,2019-10-29,0103,2019-03-02,1546,28,,6,5,6,0103,0,0,0,,0,008,"ASHBY AV","FULTON ST",0.00,,Y,A,C,Y,ALA,4,13,-,-,11.850,H,-,N,Y,2,0,1,2,A,-,12,21453,A,F,D,G,A,B,H,-,A,A,0,,Y,,,Y,,L,04,1,0,0,0,0,0,1,0,0,"- ","- ",37.855548858642578,-122.26455688476562,ALAMEDA,BERKELEY,-122.26367950439453,37.855716705322266
8893547,2019,2019-07-23,0106,2019-06-18,1922,462,,2,5,6,0106,0,0,0,,0,00E,"WEST TENNYSON RD","CALAROGA AV",0.00,,Y,A,-,N,,,,,,,,,,Y,2,0,3,2,A,-,12,21453,A,N,A,C,A,A,H,-,A,A,0,,,,,Y,,A,01,2,0,1,0,0,0,0,0,0,"- ","- ",,,ALAMEDA,HAYWARD,-122.08970642089844,37.631721496582031
8897028,2019,2019-09-27,0109,2019-01-18,1843,9782,1,5,5,7,0109,0,0,0,,0,19X,"1ST AV","E 12TH ST",0.00,,Y,B,-,N,,,,,,,,,,N,2,0,1,2,B,-,22,,,N,D,C,A,A,H,-,C,A,0,,,,,Y,,J,43,1,0,0,0,0,0,0,0,0,"- ","- ",,,ALAMEDA,OAKLAND,-122.25845336914062,37.798229217529297
8902494,2019,2019-07-26,0109,2019-05-24,1119,9597,2,5,5,7,0109,0,0,0,,0,24X,"FOOTHILL BL","HARRINGTON AV",0.00,,Y,A,-,N,,,,,,,,,,N,2,0,1,2,A,-,10,21950,A,N,G,B,B,A,H,-,A,D,0,Y,,,,Y,,A,01,1,0,0,0,1,0,0,0,0,"- ","- ",,,ALAMEDA,OAKLAND,-122.2176513671875,37.779888153076172
8903013,2019,2019-07-30,0109,2019-03-27,2030,9789,2,3,5,7,0109,0,0,0,,0,25X,"RT 580","SEMINARY AV",1541.00,W,N,A,-,N,,,,,,,,,,Y,2,0,3,1,A,-,01,23152,A,N,F,A,A,A,H,-,C,D,0,,,,,Y,Y,A,01,1,2,0,0,0,0,0,0,0,"- ","- ",,,ALAMEDA,OAKLAND,-122.17797088623047,37.783466339111328
8903056,2019,2019-07-30,0109,2019-03-08,0329,9220,1,5,5,7,0109,0,0,0,,0,02X,"10TH ST","ADELINE ST",0.00,,Y,A,-,N,,,,,,,,,,N,2,0,1,2,D,-,00,,,F,G,G,A,A,H,-,C,A,0,,Y,,,Y,,-,"- ",1,0,0,0,0,0,1,0,0,"- ","- ",,,ALAMEDA,OAKLAND,-122.28719329833984,37.806621551513672
8905695,2019,2019-08-07,0103,2019-05-28,2104,16,34,2,5,6,0103,0,0,0,,0,005,"MARTIN LUTHER KING JR",DWIGHT,0.00,,Y,A,-,N,,,,,,,,,,N,2,0,1,2,A,-,01,23152,F,N,C,C,A,A,H,-,C,A,0,,,Y,,Y,,A,07,1,0,0,0,0,0,0,0,1,"- ","- ",33.786300659179688,-122.27200317382812,ALAMEDA,BERKELEY,-122.27207946777344,37.863361358642578
8905715,2019,2019-08-19,0103,2019-05-23,1740,89,,4,5,6,0103,0,0,0,,0,004,FULTON,BANCROFT,0.00,,Y,A,-,N,,,,,,,,,,N,2,0,1,1,D,-,00,,,N,H,J,A,A,H,-,A,A,0,,Y,,,Y,,-,"- ",1,0,0,0,0,0,1,0,0,"- ","- ",37.867000579833984,-122.26499938964844,ALAMEDA,BERKELEY,-122.26593017578125,37.867839813232422
8905716,2019,2019-08-06,0109,2019-06-13,1417,9671,1,4,5,7,0109,0,0,0,,0,22X,"MACARTHUR BL","LAUREL AV",235.00,W,N,A,-,N,,,,,,,,,,Y,2,0,3,5,A,-,05,21460,A,N,B,C,F,A,H,-,A,D,0,Y,,,,Y,,A,07,1,1,1,0,1,0,0,0,0,"- ","- ",,,ALAMEDA,OAKLAND,-122.20388793945312,37.796577453613281
8907491,2019,2019-08-13,0104,2019-07-18,2100,344,ER10,4,5,2,0104,0,0,0,,0,002,"40TH ST","LIGHT POLE # 4 5492",68.00,E,N,A,-,N,,,,,,,,,,Y,2,0,1,2,A,-,05,21460,A,N,A,C,A,A,H,-,C,D,0,,,Y,,Y,Y,C,02,1,0,0,0,0,0,0,0,1,"- ","- ",,,ALAMEDA,EMERYVILLE,,
8908375,2019,2019-11-27,0105,2019-06-23,0022,14563,1242,7,5,6,0105,0,0,0,,0,003,"RT 262","MOHAVE DR",160.00,W,N,A,-,Y,ALA,4,262,-,R,0.790,H,-,S,Y,2,0,1,2,A,-,11,21955,,N,G,B,D,A,H,-,E,A,0,Y,,,,Y,Y,N,60,1,0,0,0,1,0,0,0,0,"- ","- ",,,ALAMEDA,FREMONT,-121.92733001708984,37.491672515869141
8911082,2020,2020-07-01,0106,2020-01-30,1758,403,,4,5,6,0106,0,0,0,,0,00D,"HESPERIAN BL","TURNER CT",336.00,N,N,A,-,N,,,,,,,,,,Y,2,0,1,1,C,-,18,,,N,F,I,A,A,H,-,C,D,0,,,,,Y,,-,"- ",1,0,0,0,0,0,0,0,0,"- ","- ",37.644908905029297,-122.10529327392578,ALAMEDA,HAYWARD,-122.10582733154297,37.645652770996094
8911364,2020,2022-06-11,0106,2020-03-20,1713,,,5,5,6,0106,0,0,0,,0,,"TENNYSON RD","PACIFICA ST",0.00,,Y,B,-,N,,,,,,,,,,Y,1,1,1,3,A,-,03,22350,,N,D,C,A,A,H,-,A,A,0,,,Y,,Y,,C,02,0,1,0,0,0,0,0,1,1,"- ","- ",37.635318756103516,-122.06014251708984,ALAMEDA,HAYWARD,-122.06018829345703,37.635440826416016
8911377,2020,2020-08-07,0109,2020-02-26,1848,8881,1,3,5,7,0109,0,0,0,,0,12Y,"CLAREMONT AV","CLIFTON ST",0.00,,Y,A,-,N,,,,,,,,,,Y,1,1,0,2,A,-,09,21801,A,N,D,C,A,A,H,-,C,A,0,,,Y,,Y,,A,07,0,0,0,0,0,0,0,1,0,"- ","- ",,,ALAMEDA,OAKLAND,-122.25904083251953,37.841049194335938
8911446,2020,2022-06-11,0109,2020-05-24,2014,8444,2,7,5,7,0109,0,0,0,,0,29X,"FOOTHILL BL","HAVENSCOURT BL",0.00,,Y,A,-,N,,,,,,,,,,Y,1,1,0,2,A,-,12,21453,A,N,D,C,A,A,H,-,A,A,0,,,Y,,Y,Y,C,02,0,0,0,0,0,0,0,1,0,"- ","- ",,,ALAMEDA,OAKLAND,-122.18183135986328,37.770408630371094
8911617,2020,2022-06-11,0107,2020-08-23,2133,H376,A250,7,5,5,0107,0,0,0,,0,001,"RT 84","W JACK LONDON BL",0.00,,Y,D,-,Y,ALA,4,84,-,R,27.254,I,5,S,Y,1,1,1,2,A,-,01,23152,A,N,D,C,A,A,H,-,C,A,0,,,,,Y,Y,A,07,0,1,0,0,0,0,0,0,0,"- ","- ",37.689010620117188,-121.80586242675781,ALAMEDA,LIVERMORE,-121.80581665039062,37.688987731933594
8911618,2020,2022-06-11,0107,2020-08-25,2014,P450,C160,2,5,5,0107,0,0,0,,0,001,"4TH ST","S P ST",5.00,W,N,A,-,N,,,,,,,,,,N,1,1,0,2,A,-,10,21950,A,N,G,B,B,A,H,-,C,A,0,Y,,,,Y,,D,22,0,0,0,1,0,0,0,0,0,"- ","- ",37.677261352539062,-121.77510833740234,ALAMEDA,LIVERMORE,-121.775146484375,37.67724609375
8911847,2020,2022-06-11,0105,2020-08-23,1825,14175,981,7,5,6,0105,0,0,0,,0,0Z1,"MILL CREEK RD","MISSION BL",7920.00,E,N,B,-,N,,,,,,,,,,Y,1,1,0,1,A,-,01,23152,A,N,E,I,A,A,H,-,A,D,0,,,,,Y,Y,D,22,0,0,0,0,0,0,0,0,0,"- ","- ",,,ALAMEDA,FREMONT,-121.89922332763672,37.540458679199219
8911913,2020,2020-12-23,0109,2020-02-08,2124,8966,2,6,5,7,0109,0,0,0,,0,26Y,"HEGENBERGER RD","HAMILTON ST",0.00,,Y,A,-,N,,,,,,,,,,Y,1,1,1,2,A,-,12,21453,A,N,D,C,A,A,H,-,C,A,0,,,,,Y,,A,01,1,0,0,0,0,0,0,0,0,"- ","- ",,,ALAMEDA,OAKLAND,-122.19037628173828,37.756450653076172
8915013,2019,2019-09-03,0112,2019-07-11,1926,369,,4,5,5,0112,0,0,0,,0,002,"ESTUDILLO AV","MACARTHUR BL",0.00,,Y,A,-,N,,,,,,,,,,Y,2,0,2,2,A,-,09,21804,,N,D,C,A,A,H,-,A,D,0,,,,,Y,,-,,1,1,0,0,0,0,0,0,0,"- ","- ",,,ALAMEDA,"SAN LEANDRO",-122.13887786865234,37.729690551757812
8915073,2019,2019-08-19,0107,2019-07-27,2239,H630,B800,6,5,5,0107,0,0,0,,0,00B,"S VASCO RD","OAKVILLE LN",0.00,,Y,A,-,N,,,,,,,,,,Y,2,0,1,2,A,-,01,23153,A,N,D,C,A,A,H,-,C,D,0,,,,,Y,Y,A,01,1,0,0,0,0,0,0,0,0,"- ","- ",37.670940399169922,-121.71885681152344,ALAMEDA,LIVERMORE,-121.71891021728516,37.670940399169922
8917275,2019,2019-08-15,0109,2019-05-21,2058,9567,1,2,5,7,0109,0,0,0,,0,06X,"MARKET ST","32ND ST",0.00,,Y,A,-,N,,,,,,,,,,N,2,0,1,3,A,-,09,21802,A,F,D,C,A,A,H,-,C,D,0,,,Y,,Y,,A,01,1,0,0,0,0,0,0,0,1,"- ","- ",,,ALAMEDA,OAKLAND,-122.27599334716797,37.822380065917969
8918989,2019,2019-08-19,0108,2019-07-23,1150,12258,7,2,5,4,0108,0,0,0,,0,001,"CEDAR BL","LAFAYETTE AV",118.00,S,N,A,-,N,,,,,,,,,,N,2,0,1,2,A,-,03,22350,,N,H,E,A,A,H,-,A,D,0,,,Y,,Y,,C,03,1,0,0,0,0,0,0,0,1,"- ","- ",37.547870635986328,-122.03063201904297,ALAMEDA,NEWARK,-122.03092193603516,37.547580718994141
8920215,2019,2019-08-27,0101,2019-07-25,2052,17,226,4,5,5,0101,0,0,0,,0,002,"GRAND ST","PALMERA CT",184.00,S,N,A,-,N,,,,,,,,,,N,2,0,1,1,A,-,01,21200,5,N,E,I,A,A,H,-,C,D,0,,Y,,,Y,Y,L,04,1,0,0,0,0,0,1,0,0,"- ","- ",,,ALAMEDA,ALAMEDA,-122.26136779785156,37.764015197753906
8926261,2019,2019-08-27,0109,2019-03-26,1632,9769,1,2,5,7,0109,0,0,0,,0,01X,"HARRISON ST","HARRISON ST 2300 BLOCK",5.00,E,N,B,-,N,,,,,,,,,,N,2,0,1,3,A,-,08,22107,,F,G,E,A,A,H,-,A,A,0,,Y,,,Y,,L,04,1,0,0,0,0,0,1,0,0,"- ","- ",,,ALAMEDA,OAKLAND,,
8926594,2019,2019-08-27,0109,2019-05-21,1622,9742,1,2,5,7,0109,0,0,0,,0,12X,"TELEGRAPH AV","44TH ST",0.00,,Y,A,-,N,,,,,,,,,,N,2,0,1,2,A,-,10,21950,A,N,G,B,B,A,H,-,A,A,0,Y,,,,Y,,A,01,1,0,0,0,1,0,0,0,0,"- ","- ",,,ALAMEDA,OAKLAND,-122.26361083984375,37.832279205322266
8926644,2019,2019-09-18,0109,2019-04-03,1546,9142,1,3,5,7,0109,0,0,0,,0,12X,BROADWAY,"41ST ST",0.00,,Y,A,-,N,,,,,,,,,,N,1,1,0,2,A,-,09,21801,A,N,D,C,A,A,H,-,A,A,0,,,Y,,Y,,C,02,0,0,0,0,0,0,0,0,0,"- ","- ",,,ALAMEDA,OAKLAND,-122.25611114501953,37.828479766845703
8928746,2019,2019-09-09,0106,2019-07-19,0336,358,,5,5,6,0106,0,0,0,,0,00E,"HESPERIAN BL","PEPSI DR",0.00,,Y,A,-,N,,,,,,,,,,Y,2,0,1,1,A,-,07,21658,A,N,A,I,A,A,H,-,C,A,0,,,,,Y,,A,01,1,0,0,0,0,0,0,0,0,"- ","- ",,,ALAMEDA,HAYWARD,-122.084198,37.610424000000002
8929005,2019,2019-09-10,0109,2019-08-01,1636,8914,1,4,5,7,0109,0,0,0,,0,09X,BROADWAY,"41ST ST",0.00,,Y,A,-,N,,,,,,,,,,N,2,0,2,3,A,-,10,21950,A,N,G,B,B,A,H,-,A,A,0,Y,,,,Y,,A,01,1,0,1,0,2,0,0,0,0,"- ","- ",,,ALAMEDA,OAKLAND,-122.25611114501953,37.828479766845703
8929922,2019,2020-01-29,0108,2019-08-01,0756,12166,5,4,5,4,0108,0,0,0,,0,001,"THORNTON AV","RT 84",137.00,S,N,A,-,Y,ALA,4,84,-,R,3.537,R,4,N,N,2,0,1,2,A,-,03,22350,,N,C,I,A,A,H,-,A,D,0,,Y,,,Y,,L,04,1,0,0,0,0,0,1,0,0,"- ","- ",37.541351318359375,-122.06078338623047,ALAMEDA,NEWARK,-122.07020568847656,37.538097381591797
8936736,2019,2019-09-19,0103,2019-06-02,2118,146,39,7,5,6,0103,0,0,0,,0,008,SHATTUCK,PRINCE,0.00,,Y,A,-,N,,,,,,,,,,Y,2,0,1,2,A,-,10,21950,A,N,G,B,B,A,H,-,C,D,0,Y,,,,Y,Y,A,07,1,0,0,0,1,0,0,0,0,"- ","- ",37.85308837890625,-122.26622009277344,ALAMEDA,BERKELEY,-122.26622772216797,37.85308837890625
8937384,2019,2019-09-19,0103,2019-06-23,2336,27,,7,5,6,0103,0,0,0,,0,002,CEDAR,SHATTUCK,0.00,,Y,A,-,N,,,,,,,,,,Y,2,0,1,2,A,-,09,21801,A,N,A,G,A,A,H,-,C,A,0,,Y,,,Y,,A,01,1,0,0,0,0,0,1,0,0,"- ","- ",37.878421783447266,-122.26909637451172,ALAMEDA,BERKELEY,-122.26914215087891,37.878410339355469
8939116,2018,2019-10-30,0109,2018-03-09,0208,8217,1,5,5,7,0109,0,0,0,,0,06X,"SAN PABLO AV","BROCKHURST ST",118.00,N,N,B,-,N,,,,,,,,,,N,1,1,0,2,A,-,03,22350,,F,G,B,D,A,H,-,C,A,0,Y,,,,Y,Y,-,99,0,0,0,1,0,0,0,0,0,"- ","- ",,,ALAMEDA,OAKLAND,-122.27765655517578,37.823925018310547
8939132,2018,2019-11-05,0109,2018-12-27,1426,8862,2,4,5,7,0109,0,0,0,,0,35Y,"MOUNTAIN BL","SHONE AV",7.00,E,N,A,-,N,,,,,,,,,,N,1,1,0,2,A,-,11,21956,A,N,G,B,E,A,H,-,A,D,0,Y,,,,Y,Y,N,60,0,0,0,1,0,0,0,0,0,"- ","- ",,,ALAMEDA,OAKLAND,-122.15470886230469,37.770893096923828
8939194,2019,2021-05-24,0105,2019-08-28,0511,2909,1055,3,5,6,0105,0,0,0,,0,003,"BOYCE RD","STEWART AV",710.00,S,N,B,-,N,,,,,,,,,,N,1,1,1,2,A,-,17,21209,A,F,H,G,A,A,H,-,A,D,0,,Y,,,Y,,A,01,0,1,0,0,0,1,0,0,0,"- ","- ",,,ALAMEDA,FREMONT,-121.98649597167969,37.507659912109375
8939252,2019,2019-12-19,0103,2019-05-29,2105,93,"40 01",3,5,6,0103,0,0,0,,0,011,"SACRAMENTO ST","FAIRVIEW ST",0.00,,Y,A,-,N,,,,,,,,,,Y,1,1,0,2,A,-,10,21950,A,N,G,B,B,A,H,-,C,A,0,Y,,,,Y,,A,07,0,0,0,1,0,0,0,0,0,"- ","- ",,,ALAMEDA,BERKELEY,-122.27823638916016,37.84967041015625
8939284,2019,2019-09-27,0105,2019-06-19,0525,11621,1242,3,5,6,0105,0,0,0,,0,003,"RT 262","BROWN RD",0.00,,Y,A,-,Y,ALA,4,262,-,R,0.920,I,5,S,N,1,1,0,2,A,-,09,21801,A,F,D,C,A,A,H,-,B,D,0,,,Y,,Y,,A,01,0,0,0,0,0,0,0,1,0,"- ","- ",,,ALAMEDA,FREMONT,-121.92558288574219,37.493518829345703
8939460,2019,2020-01-08,0109,2019-07-06,0502,8389,1,6,5,7,0109,0,0,0,,0,12Y,"CHABOT RD","COLLEGE AV",0.00,,Y,A,-,N,,,,,,,,,,N,1,1,0,2,A,-,12,22450,A,N,D,C,A,A,H,-,C,D,0,,,,,Y,,A,01,0,0,0,0,0,0,0,0,0,"- ","- ",,,ALAMEDA,OAKLAND,-122.25205230712891,37.847099304199219
8939604,2019,2020-02-13,0106,2019-10-17,0645,341,,4,5,6,0106,0,0,0,,0,00J,"SANTA CLARA ST","EL DORADO AV",22.00,S,N,A,-,N,,,,,,,,,,Y,1,1,0,2,A,-,12,22450,,N,A,G,A,A,H,-,C,A,0,,Y,,,Y,,L,04,0,0,0,0,0,1,0,0,0,"- ","- ",,,ALAMEDA,HAYWARD,-122.10227966308594,37.664817810058594
8939643,2019,2021-05-28,0108,2019-07-26,1116,11544,29,5,5,4,0108,0,0,0,,0,002,"CENTRAL AV","CEDAR BL",0.00,,Y,A,-,N,,,,,,,,,,Y,1,1,1,3,A,-,12,21453,A,N,D,C,A,A,H,-,A,A,0,,,,,Y,,A,01,1,0,0,0,0,0,0,0,0,"- ","- ",37.53704833984375,-122.01908111572266,ALAMEDA,NEWARK,-122.01908874511719,37.537040710449219
8943187,2019,2019-10-23,0105,2019-08-10,2114,15489,874,6,5,6,0105,0,0,0,,0,002,"MOWRY AV","BLACOW RD",0.00,,Y,A,-,N,,,,,,,,,,N,2,0,1,2,A,-,03,22350,,N,C,C,A,A,H,-,C,D,0,,,Y,,Y,,C,02,1,0,0,0,0,0,0,0,0,"- ","- ",,,ALAMEDA,FREMONT,-121.99852752685547,37.536369323730469
8943846,2019,2019-09-30,0111,2019-06-21,1501,316,,5,5,5,0111,0,0,0,,0,001,"STONERIDGE MALL DR","EMBARCADERO ST",244.00,S,N,A,-,N,,,,,,,,,,Y,2,0,2,2,A,-,08,22107,,N,D,C,A,A,H,-,A,D,0,,,,,Y,,A,01,1,1,0,0,0,0,0,0,0,"- ","- ",,,ALAMEDA,PLEASANTON,-121.92546081542969,37.695846557617188
8946193,2019,2019-10-01,0105,2019-09-11,1519,15776,411,3,5,6,0105,0,0,0,,0,"ZONE 2","PASEO PADRE PKWY","SURRY PL",0.00,,Y,A,-,N,,,,,,,,,,Y,2,0,1,2,A,-,09,21801,A,N,D,C,A,A,H,-,A,D,0,,,,,Y,,A,01,1,0,0,0,0,0,0,0,0,"- ","- ",,,ALAMEDA,FREMONT,-122.009033203125,37.566719055175781
8950169,2019,2019-10-24,0109,2019-09-18,1823,8610,2,3,5,7,0109,0,0,0,,0,31Y,"EDES AV","PHELPS ST",170.00,E,N,A,-,N,,,,,,,,,,Y,2,0,2,1,A,-,03,22350,,N,F,A,A,A,H,-,A,D,0,,,Y,,Y,,C,06,1,0,1,0,0,0,0,0,2,"- ","- ",,,ALAMEDA,OAKLAND,-122.19052124023438,37.738388061523438
8954955,2019,2019-10-15,0109,2019-07-12,0947,9057,2,5,5,7,0109,0,0,0,,0,30Y,"MACARTHUR BL","76TH AV",0.00,,Y,A,-,N,,,,,,,,,,N,2,0,1,2,A,-,09,21801,A,F,D,C,A,A,H,-,A,D,0,,,Y,,Y,Y,A,01,1,0,0,0,0,0,0,0,1,"- ","- ",,,ALAMEDA,OAKLAND,-122.17001342773438,37.767730712890625