CASE_ID,ACCIDENT_YEAR,PROC_DATE,JURIS,COLLISION_DATE,COLLISION_TIME,OFFICER_ID,REPORTING_DISTRICT,DAY_OF_WEEK,CHP_SHIFT,POPULATION,CNTY_CITY_LOC,SPECIAL_COND,BEAT_TYPE,CHP_BEAT_TYPE,CITY_DIVISION_LAPD,CHP_BEAT_CLASS,BEAT_NUMBER,PRIMARY_RD,SECONDARY_RD,DISTANCE,DIRECTION,INTERSECTION,WEATHER_1,WEATHER_2,STATE_HWY_IND,CALTRANS_COUNTY,CALTRANS_DISTRICT,STATE_ROUTE,ROUTE_SUFFIX,POSTMILE_PREFIX,POSTMILE,LOCATION_TYPE,RAMP_INTERSECTION,SIDE_OF_HWY,TOW_AWAY,COLLISION_SEVERITY,NUMBER_KILLED,NUMBER_INJURED,PARTY_COUNT,PRIMARY_COLL_FACTOR,PCF_CODE_OF_VIOL,PCF_VIOL_CATEGORY,PCF_VIOLATION,PCF_VIOL_SUBSECTION,HIT_AND_RUN,TYPE_OF_COLLISION,MVIW,PED_ACTION,ROAD_SURFACE,ROAD_COND_1,ROAD_COND_2,LIGHTING,CONTROL_DEVICE,CHP_ROAD_TYPE,PEDESTRIAN_ACCIDENT,BICYCLE_ACCIDENT,MOTORCYCLE_ACCIDENT,TRUCK_ACCIDENT,NOT_PRIVATE_PROPERTY,ALCOHOL_INVOLVED,STWD_VEHTYPE_AT_FAULT,CHP_VEHTYPE_AT_FAULT,COUNT_SEVERE_INJ,COUNT_VISIBLE_INJ,COUNT_COMPLAINT_PAIN,COUNT_PED_KILLED,COUNT_PED_INJURED,COUNT_BICYCLIST_KILLED,COUNT_BICYCLIST_INJURED,COUNT_MC_KILLED,COUNT_MC_INJURED,PRIMARY_RAMP,SECONDARY_RAMP,LATITUDE,LONGITUDE,COUNTY,CITY,POINT_X,POINT_Y
90804583,2018,2018-09-04,9390,2018-08-21,1140,019161,,2,1,9,0100,0,1,1,,2,065,"I-680 NORTHBOUND","CALAVERAS ROAD",2640.00,S,N,A,-,Y,,,680,,,,,,N,Y,2,0,1,2,A,-,03,22350,,N,C,C,A,A,H,-,A,D,0,,,,Y,Y,,A,01,1,0,0,0,0,0,0,0,0,"- ","- ",37.582038879394531,-121.87422943115234,ALAMEDA,UNINCORPORATED,-121.874267578125,37.582057952880859
90806263,2018,2018-09-05,9390,2018-08-29,0305,021853,,3,3,9,0100,0,2,4,,2,441,"TESLA ROAD","13600 TESLA ROAD",30.00,W,N,A,-,N,,,,,,,,,,Y,2,0,2,1,A,-,08,22107,,N,E,J,A,A,H,-,D,D,0,,,,,Y,,A,01,2,0,0,0,0,0,0,0,0,"- ","- ",37.651798248291016,-121.61430358886719,ALAMEDA,UNINCORPORATED,,
90808453,2017,2018-09-20,9370,2017-12-02,0507,021457,,6,3,7,0109,0,1,1,,2,008,"I-80 W/B","SFOBB TOLL PLAZA",14.00,E,N,A,-,Y,,,80,,,,,,W,Y,1,1,5,7,A,-,01,23152,G,N,C,C,F,A,H,-,C,D,0,Y,,,Y,Y,Y,F,26,2,1,2,1,0,0,0,0,0,"- ","- ",37.82497,-122.31375,ALAMEDA,OAKLAND,-122.31372863,37.82486866
90815286,2018,2018-09-18,9370,2018-06-27,0517,021299,,3,3,7,0109,0,1,3,,2,024,"SR-24 W/B (GROVE SHAFTER FREEWAY)","GOLDEN GATE AVENUE",750.00,E,N,A,-,Y,,,24,,,,,,W,Y,1,1,0,4,A,-,07,21658,A,N,B,C,A,A,H,-,B,D,0,,,,,Y,,A,07,0,0,0,0,0,0,0,0,0,"- ","- ",37.849800109863281,-122.23754119873047,ALAMEDA,OAKLAND,-122.23752593994141,37.849838256835938
90815336,2018,2018-09-18,9345,2018-04-18,0941,020248,,3,1,6,0105,0,1,1,,2,070,"I-880 NORTHBOUND (NIMITZ FREEWAY)","FREMONT BOULVARD (SOUTH)",50.00,N,N,A,-,Y,,,880,,,,,,N,Y,1,1,1,2,A,-,08,22107,,N,D,C,A,A,H,-,A,D,0,,,,,Y,,A,01,0,1,0,0,0,0,0,0,0,"- ","- ",37.492721557617188,-121.94843292236328,ALAMEDA,FREMONT,-121.94839477539062,37.492763519287109
90819123,2018,2018-09-24,9375,2018-09-08,1815,021864,,6,2,9,0100,0,2,4,,1,045,"CROW CANYON RD","COLD WATER DR",500.00,S,N,A,-,N,,,,,,,,,,Y,2,0,4,4,A,-,01,23152,A,N,A,C,A,A,H,-,A,D,0,,,,,Y,Y,A,01,4,0,0,0,0,0,0,0,0,"- ","- ",37.705768585205078,-122.04257965087891,ALAMEDA,UNINCORPORATED,-122.04253387451172,37.705787658691406
90820468,2018,2019-10-21,9390,2018-06-08,0020,019863,,5,3,9,0100,0,1,1,,2,065,"I-680 NORTHBOUND","CALAVERAS ROAD",528.00,S,N,A,-,Y,,,680,,,,,,N,Y,1,1,4,3,A,-,03,22350,,N,C,C,A,A,D,-,D,A,0,,,,,Y,,A,07,2,0,2,0,0,0,0,0,0,"- ","- ",37.580699920654297,-121.87490081787109,ALAMEDA,UNINCORPORATED,-121.87496185302734,37.580738067626953
90822191,2018,2018-09-27,9375,2018-09-18,1500,020534,,2,2,9,0100,0,3,5,,2,002,"167TH AVE","SR-185 (E. 14TH ST.)",445.00,E,N,B,-,Y,,,,,,,,,,Y,2,0,1,3,A,-,09,21804,A,N,D,C,A,A,H,-,A,D,0,,,Y,,Y,,A,01,1,0,0,0,0,0,0,0,1,"- ","- ",37.693748474121094,-122.10755920410156,ALAMEDA,UNINCORPORATED,,
90825318,2018,2018-10-01,9345,2018-09-20,0702,022157,,4,1,6,0105,0,1,3,,1,184,"SR-84 S/B","THORNTON AVE",2640.00,N,N,A,-,Y,,,84,,,,,,S,Y,2,0,1,2,A,-,07,21658,A,N,D,C,A,A,H,-,A,D,0,,,Y,,Y,,A,01,1,0,0,0,0,0,0,0,1,"- ","- ",37.544559478759766,-122.06208038330078,ALAMEDA,FREMONT,-122.06207275390625,37.5445556640625
90825780,2018,2018-10-01,9390,2018-09-21,1143,020602,,5,1,6,0105,0,1,1,,2,064,"I-680 NORTHBOUND","SR-262 / SOUTH MISSION BOULEVARD",16.00,N,N,A,-,Y,,,680,,,,,,N,Y,2,0,1,1,A,-,03,22350,,N,E,J,A,A,D,-,A,D,0,,,Y,,Y,,C,02,1,0,0,0,0,0,0,0,1,"- ","- ",37.495418548583984,-121.92298889160156,ALAMEDA,FREMONT,-121.92293548583984,37.495479583740234
90828198,2018,2018-10-04,9375,2018-09-28,2045,022119,,5,2,9,0100,0,2,4,,1,022,"MEEKLAND AVE","GROVE WAY",91.00,S,N,A,-,N,,,,,,,,,,N,2,0,1,2,A,-,11,21954,A,N,G,B,E,A,H,-,C,D,0,Y,,,,Y,,N,60,1,0,0,0,1,0,0,0,0,"- ","- ",37.674880981445312,-122.10807037353516,ALAMEDA,UNINCORPORATED,-122.10794067382812,37.674800872802734
90828201,2018,2018-10-04,9370,2018-09-25,0945,021271,,2,1,7,0109,0,1,1,,2,052,"I-580 W/B","FONTAINE ST",126.00,W,N,A,-,Y,,,580,,,,,,W,Y,2,0,1,1,A,-,08,22107,,N,E,J,A,A,H,-,A,D,0,,,,,Y,,A,07,1,0,0,0,0,0,0,0,0,"- ","- ",37.766311645507812,-122.15238189697266,ALAMEDA,OAKLAND,-122.15228271484375,37.766372680664062
90831659,2018,2018-10-09,9345,2018-09-29,2230,021817,,6,3,6,0105,0,1,1,,2,070,"I-880 S/B (NIMITZ FREEWAY)","DIXON LANDING ROAD",2640.00,N,N,B,-,Y,,,880,,,,,,S,Y,2,0,1,1,A,-,08,22107,,N,E,I,A,A,H,-,C,D,0,,,,,Y,,A,01,1,0,0,0,0,0,0,0,0,"- ","- ",37.462360382080078,-121.92588806152344,ALAMEDA,FREMONT,-121.92596435546875,37.462322235107422
9083227,2020,2020-07-01,0109,2020-03-13,0839,9390,2,5,5,7,0109,0,0,0,,0,31X,"EDGEWATER DR","HASSLER WY",0.00,,Y,A,-,N,,,,,,,,,,Y,2,0,1,2,A,-,09,21801,A,N,D,C,A,A,H,-,A,A,0,,,Y,,Y,,A,01,1,0,0,0,0,0,0,0,1,"- ","- ",,,ALAMEDA,OAKLAND,-122.20712280273438,37.746238708496094
90833423,2018,2018-10-11,9375,2018-09-23,0024,021368,,7,3,5,0112,0,1,1,,2,580,"I-580 W/B TO BENIDICT DRIVE","GRAND AVENUE",1320.00,E,N,A,-,Y,,,580,,,,R,,W,Y,2,0,1,1,A,-,08,22107,,F,E,I,A,A,H,-,C,D,0,,,,,Y,,A,01,1,0,0,0,0,0,0,0,0,"- ","- ",37.717948913574219,-122.13240814208984,ALAMEDA,"SAN LEANDRO",-122.13240814208984,37.717948913574219
90837091,2018,2018-10-16,9390,2018-10-12,0537,020266,,5,3,9,0100,0,1,1,,2,054,"I-580 WESTBOUND","MIDWAY ROAD UNDERCROSSING",125.00,W,N,A,-,Y,,,580,,,,,,W,Y,2,0,1,2,A,-,07,21658,A,F,B,C,A,A,H,-,D,D,0,,,Y,,Y,,A,01,1,0,0,0,0,0,0,0,1,"- ","- ",37.741840362548828,-121.57437896728516,ALAMEDA,UNINCORPORATED,-121.57438659667969,37.741931915283203
90840691,2018,2018-10-22,9370,2018-10-19,2048,021866,,5,2,7,0109,0,1,1,,2,176,"I-880 S/B FROM HEGENBERGER ROAD","I-880 S/B TO HEGENBERGER ROAD",237.00,N,N,A,-,Y,,,880,,,,R,,S,Y,2,0,1,2,A,-,01,23152,A,F,G,B,E,A,H,-,C,D,0,Y,,,,Y,Y,A,07,1,0,0,0,1,0,0,0,0,"- ","- ",37.740119934082031,-122.19670104980469,ALAMEDA,OAKLAND,-122.19670104980469,37.740119934082031
90841198,2018,2018-10-22,9370,2018-10-15,0408,021271,,1,3,7,0109,0,1,1,,2,052,"I-580 W/B","KELLER AVE",1120.00,W,N,A,-,Y,,,580,,,,,,W,Y,2,0,1,1,A,-,03,22350,,N,E,J,A,A,C,-,E,A,0,,,Y,,Y,,C,02,1,0,0,0,0,0,0,0,1,"- ","- ",37.774078369140625,-122.15921020507812,ALAMEDA,OAKLAND,-122.15924835205078,37.773994445800781
90842107,2018,2018-10-23,9390,2018-10-13,0040,019161,,6,3,9,0100,0,1,1,,2,050,"I-580 EASTBOUND","FOOTHILL ROAD",5280.00,W,N,A,-,Y,,,580,,,,,,E,Y,2,0,2,2,A,-,03,22350,,N,C,C,A,A,H,-,D,D,0,,,,,Y,,D,22,2,0,0,0,0,0,0,0,0,"- ","- ",37.698261260986328,-121.95353698730469,ALAMEDA,UNINCORPORATED,-121.95353698730469,37.698352813720703
90846052,2018,2018-10-26,9370,2018-09-29,2200,021800,,6,3,7,0109,0,1,1,,2,177,"I-880 N/B","7TH ST",4170.00,S,N,A,-,Y,,,880,,,,,,N,Y,2,0,1,3,D,-,00,,,F,C,C,A,A,H,-,D,D,0,,,Y,,Y,,-,"- ",1,0,0,0,0,0,0,0,1,"- ","- ",37.802829742431641,-122.29132843017578,ALAMEDA,OAKLAND,-122.29132843017578,37.802829742431641
90847770,2018,2018-10-29,9390,2018-10-19,1425,020368,,5,2,6,0105,0,1,1,,2,065,"I-680 NORTHBOUND","SR-238 / NORTH MISSION BOULEVARD",657.00,N,N,A,-,Y,,,680,,,,,,N,N,2,0,1,2,A,-,07,21658,A,F,B,C,A,A,D,-,A,D,0,,,Y,,Y,,-,99,1,0,0,0,0,0,0,0,1,"- ","- ",37.541469573974609,-121.92349243164062,ALAMEDA,FREMONT,-121.9234619140625,37.541439056396484
90850766,2018,2018-11-01,9370,2018-10-15,1734,021457,,1,2,7,0109,0,1,1,,2,052,"I-580 E/B","MACARTHUR BOULEVARD",785.00,W,N,A,B,Y,,,580,,,,,,E,Y,1,1,1,3,A,-,01,23152,A,N,B,C,A,A,H,-,A,D,0,,,Y,,Y,Y,C,02,0,0,1,0,0,0,0,1,0,"- ","- ",37.786540985107422,-122.19560241699219,ALAMEDA,OAKLAND,-122.19561004638672,37.786510467529297
90851112,2018,2018-11-01,9390,2018-10-27,0245,019740,,6,3,5,0107,0,1,1,,2,052,"I-580 EASTBOUND","FIRST STREET",3200.00,W,N,A,-,Y,,,580,,,,,,E,Y,2,0,3,2,A,-,01,23152,G,N,C,C,A,A,H,-,C,D,0,,,,,Y,Y,A,01,1,1,1,0,0,0,0,0,0,"- ","- ",37.702579498291016,-121.75183868408203,ALAMEDA,LIVERMORE,-121.75183868408203,37.702579498291016
90851683,2018,2018-11-06,9390,2018-06-02,0012,019740,,6,3,5,0111,0,1,1,,2,051,"I-580 WESTBOUND","SANTA RITA ROAD",4488.00,E,N,A,-,Y,,,580,,,,,,W,Y,1,1,0,3,A,-,03,22350,,N,C,C,E,A,H,-,C,D,0,Y,,,,Y,Y,A,07,0,0,0,1,0,0,0,0,0,"- ","- ",37.701301574707031,-121.87010192871094,ALAMEDA,PLEASANTON,-121.87009429931641,37.701549530029297
90854528,2018,2018-11-06,9370,2018-10-27,1854,021457,,6,2,7,0109,0,1,1,,2,055,"I-580 E/B TO W. MACARTHUR BLVD","WATTS ST",120.00,W,N,A,-,Y,,,580,,,,R,,E,N,2,0,1,2,A,-,11,21954,A,N,G,B,E,A,H,-,C,D,0,Y,,,,Y,,N,60,1,0,0,0,1,0,0,0,0,"- ","- ",37.827919006347656,-122.28182220458984,ALAMEDA,OAKLAND,-122.28182220458984,37.827919006347656
9085464,2020,2020-05-07,0109,2020-01-21,2116,9784,1,2,5,7,0109,0,0,0,,0,02X,"5TH ST","MANDELA PKWY",0.00,,Y,C,-,N,,,,,,,,,,N,2,0,1,2,A,-,10,21950,A,F,G,B,B,B,H,-,C,A,0,Y,,,,Y,,-,99,1,0,0,0,1,0,0,0,0,"- ","- ",,,ALAMEDA,OAKLAND,-122.29408264160156,37.803791046142578
90863541,2018,2018-11-20,9390,2018-11-14,0755,017815,,3,1,9,0100,0,2,4,,2,441,"TESLA ROAD","JERROLD ROAD",95.00,W,N,B,-,N,,,,,,,,,,Y,2,0,5,2,A,-,03,22350,,N,C,C,A,A,H,-,A,D,0,,,,,Y,,A,01,1,3,1,0,0,0,0,0,0,"- ","- ",37.665260314941406,-121.69281005859375,ALAMEDA,UNINCORPORATED,-121.69261932373047,37.665287017822266
90863612,2018,2018-11-20,9345,2018-11-08,0545,020622,,4,3,9,0100,0,1,1,,2,238,"I-238 N/B","I-580 E/B TO FOOTHILL BLVD.",300.00,N,N,A,-,Y,,,238,,,,,,N,Y,2,0,1,4,A,-,03,22350,,N,B,C,A,A,H,-,C,D,0,,,Y,Y,Y,,C,02,1,0,0,0,0,0,0,0,1,"- ","- ",37.690048217773438,-122.09932708740234,ALAMEDA,UNINCORPORATED,-122.09932708740234,37.690052032470703
90866203,2018,2018-11-26,9375,2018-11-17,1245,021536,,6,1,9,0100,0,3,5,,2,004,"REDWOOD RD.","CAMINO ALTA MIRA",24816.00,N,N,A,-,N,,,,,,,,,,N,2,0,1,2,A,-,08,22107,,N,D,C,A,A,H,-,A,D,0,,,Y,,Y,,A,01,1,0,0,0,0,0,0,0,1,"- ","- ",37.766490936279297,-122.1209716796875,ALAMEDA,UNINCORPORATED,-122.10968780517578,37.766128540039062
90874308,2018,2018-12-04,9370,2018-11-30,1530,021645,,5,2,7,0109,0,1,1,,2,081,"I-80 W/B","UNIVERSITY AVENUE",177.00,E,N,A,-,Y,,,,,,,,,,Y,2,0,1,2,A,-,03,22350,,F,C,C,A,A,H,-,A,D,0,,,Y,,Y,,C,02,1,0,0,0,0,0,0,0,1,"- ","- ",37.867080688476562,-122.30396270751953,ALAMEDA,OAKLAND,,
90875589,2018,2018-12-05,9370,2018-10-21,0400,021800,,7,3,7,0109,0,1,1,,2,176,"I-880 S/B","29TH AVE",380.00,S,N,A,-,Y,,,880,,,,,,S,Y,2,0,4,2,A,-,03,22350,,F,C,C,A,A,H,-,D,D,0,,,,,Y,,A,07,1,3,0,0,0,0,0,0,0,"- ","- ",37.774421691894531,-122.23220825195312,ALAMEDA,OAKLAND,-122.232177734375,37.774517059326172
9089867,2020,2020-06-24,0109,2020-03-05,0046,9833,2,4,5,7,0109,0,0,0,,0,30X,"MACARTHUR BL","82ND AV",280.00,W,N,A,-,N,,,,,,,,,,N,2,0,1,2,A,-,08,22107,,F,G,B,E,A,H,-,C,D,0,Y,,,,Y,,-,99,1,0,0,0,1,0,0,0,0,"- ","- ",,,ALAMEDA,OAKLAND,-122.16544342041016,37.763324737548828
9090326,2020,2020-07-01,0103,2020-02-26,1953,46,,3,5,6,0103,0,0,0,,0,004,OXFORD,UNIVERSITY,0.00,,Y,A,-,N,,,,,,,,,,N,2,0,1,2,A,-,14,21201,D,N,H,G,A,A,H,-,C,A,0,,Y,,,Y,,L,04,1,0,0,0,0,0,1,0,0,"- ","- ",37.872451782226562,-122.26608276367188,ALAMEDA,BERKELEY,-122.26616668701172,37.872489929199219
90903335,2018,2019-01-14,9345,2018-12-31,2107,021852,,1,2,5,0112,0,1,1,,2,074,"I-880 NORTHBOUND","LEWELLING BOULEVARD",800.00,N,N,A,-,Y,,,880,,,,,,N,Y,2,0,3,1,A,-,08,22107,,N,E,J,A,A,H,-,C,D,0,,,,,Y,,A,07,1,2,0,0,0,0,0,0,0,"- ","- ",37.688621520996094,-122.13491058349609,ALAMEDA,"SAN LEANDRO",-122.13484954833984,37.688713073730469
90905358,2019,2019-01-16,9345,2019-01-06,1700,021750,,7,2,9,0100,0,1,1,,2,074,"I-880 N/B","HACIENDA AVE",1320.00,N,N,C,-,Y,,,880,,,,,,N,Y,2,0,1,3,A,-,08,22107,,N,B,C,A,B,H,-,D,D,0,,,,,Y,,A,01,1,0,0,0,0,0,0,0,0,"- ","- ",37.677509307861328,-122.11834716796875,ALAMEDA,UNINCORPORATED,-122.11837005615234,37.677474975585938
9090746,2020,2020-06-10,0106,2020-02-03,1053,328,,1,5,6,0106,0,0,0,,0,00A,"MISSION BL","JACKSON ST",0.00,,Y,A,-,N,,,,,,,,,,Y,2,0,3,2,A,-,12,21453,A,N,A,C,A,A,H,-,A,A,0,,,,,Y,,A,01,2,1,0,0,0,0,0,0,0,"- ","- ",37.671108245849609,-122.08025360107422,ALAMEDA,HAYWARD,-122.08091735839844,37.668811798095703
9090886,2020,2020-06-25,0112,2020-03-24,1733,350,,2,5,5,0112,0,0,0,,0,006,"LEWELLING BL","EDGEMOOR ST",0.00,,Y,A,-,N,,,,,,,,,,Y,2,0,3,2,A,-,05,21650,,F,A,C,A,B,H,-,A,D,0,,,,,Y,Y,-,,1,1,1,0,0,0,0,0,0,"- ","- ",,,ALAMEDA,"SAN LEANDRO",-122.14955139160156,37.681758880615234
90910325,2019,2019-01-24,9375,2019-01-07,1750,022213,,1,2,9,0100,0,2,4,,1,042,"LORENA AVE","REDWOOD RD",64.00,W,N,B,-,N,,,,,,,,,,N,2,0,2,3,A,-,10,21950,A,N,G,B,B,A,H,-,C,D,0,Y,,,,Y,,D,22,1,1,0,0,2,0,0,0,0,"- ","- ",37.700199127197266,-122.07415008544922,ALAMEDA,UNINCORPORATED,-122.07421112060547,37.700176239013672
90913950,2019,2019-01-28,9390,2019-01-19,0250,019780,,6,3,9,0100,0,1,1,,2,050,"I-580 WESTBOUND","SCHAEFER RANCH ROAD",2640.00,E,N,B,-,Y,,,580,,,,,,W,Y,2,0,1,2,A,-,03,22350,,N,C,C,A,A,H,-,C,D,0,,,,Y,Y,,D,22,1,0,0,0,0,0,0,0,0,"- ","- ",37.697311401367188,-121.96852111816406,ALAMEDA,UNINCORPORATED,-121.96852111816406,37.697391510009766
90916681,2019,2019-01-31,9390,2019-01-09,1120,017966,,3,1,6,0105,0,1,1,,2,064,"I-680 SOUTHBOUND","SR-262 / SOUTH MISSION BOULEVARD",2640.00,N,N,B,-,Y,,,680,,,,,,S,Y,2,0,3,6,A,-,03,22350,,N,C,C,A,A,H,-,A,D,0,,,,Y,Y,,G,25,1,1,1,0,0,0,0,0,0,"- ","- ",37.502250671386719,-121.93112182617188,ALAMEDA,FREMONT,-121.93105316162109,37.502323150634766
90917419,2019,2019-02-01,9370,2019-01-24,0550,021645,,4,3,7,0109,0,1,1,,2,008,"I-80 W/B","I-880 N/B TO I-80 W/B",340.00,W,N,A,-,Y,,,80,,,,,,W,Y,2,0,1,4,A,-,03,22350,,N,B,C,A,A,H,-,C,D,0,,,Y,,Y,,C,02,1,0,0,0,0,0,0,0,1,"- ","- ",37.825088500976562,-122.30709075927734,ALAMEDA,OAKLAND,-122.30710601806641,37.825187683105469
90921815,2019,2019-02-08,9375,2019-01-28,1830,019204,,1,2,9,0100,0,2,4,,1,022,"MEEKLAND AVE","HOOD STREET",230.00,S,N,A,-,N,,,,,,,,,,Y,2,0,2,5,C,-,18,,,N,C,E,A,A,H,-,C,D,0,,Y,,,Y,,-,"- ",1,0,1,0,0,0,1,0,0,"- ","- ",37.680461883544922,-122.11348724365234,ALAMEDA,UNINCORPORATED,-122.11333465576172,37.680389404296875
90926675,2019,2019-02-14,9390,2019-01-06,1301,020266,,7,1,9,0100,0,1,1,,2,054,"I-580 WESTBOUND","GRANT LINE ROAD",7920.00,W,N,C,G,Y,,,580,,,,,,W,Y,1,1,0,2,A,-,03,22350,,N,F,A,A,B,H,-,A,D,0,,,Y,,Y,,C,02,0,0,0,0,0,0,0,1,0,"- ","- ",37.737358093261719,-121.61244964599609,ALAMEDA,UNINCORPORATED,-121.61244201660156,37.737319946289062
90926811,2018,2019-03-19,9345,2018-05-15,2131,021858,,2,2,6,0105,0,1,1,,2,070,"I-880 NORTHBOUND (NIMITZ FREEWAY)","STEVENSON BOULEVARD",686.00,S,N,B,-,Y,,,880,,,,,,N,Y,1,3,6,5,A,-,01,23152,F,N,B,C,A,A,H,-,D,D,0,,,,,Y,,A,01,2,3,1,0,0,0,0,0,0,"- ","- ",37.521171569824219,-121.98493194580078,ALAMEDA,FREMONT,-121.98488616943359,37.521255493164062
90927884,2019,2019-02-18,9330,2019-02-06,1515,021350,,3,2,6,0106,0,1,3,,1,037,"SR-92 E/B","TOLL PLAZA",2640.00,E,N,A,-,Y,,,92,,,,,,E,Y,2,0,1,3,A,-,07,21658,A,N,B,C,A,A,H,-,A,D,0,,,Y,,Y,,A,01,1,0,0,0,0,0,0,0,1,"- ","- ",37.620548248291016,-122.14360046386719,ALAMEDA,HAYWARD,-122.14360046386719,37.620540618896484
90929720,2019,2019-02-20,9345,2019-02-13,2333,021797,,3,3,5,0112,0,1,1,,2,075,"I-880 NORTHBOUND (NIMITZ FREEWAY)","WASHINGTON AVE",260.00,N,N,C,-,Y,,,880,,,,,,N,Y,2,0,2,2,A,-,03,22350,,N,C,C,A,B,H,-,D,D,0,,,,,Y,,A,01,1,0,1,0,0,0,0,0,0,"- ","- ",37.692039489746094,-122.13967895507812,ALAMEDA,"SAN LEANDRO",-122.13967132568359,37.692047119140625
90931380,2019,2019-02-21,9375,2019-02-13,1306,022184,,3,1,9,0100,0,1,3,,1,185,"SR-185 (E. 14TH STREET)","159TH AVE",0.00,,Y,B,C,Y,,,,,,,,,,Y,2,0,1,3,A,-,12,21453,A,M,D,C,A,B,H,-,A,A,0,,,,,Y,,A,07,1,0,0,0,0,0,0,0,0,"- ","- ",37.699901580810547,-122.12093353271484,ALAMEDA,UNINCORPORATED,,
90931551,2018,2019-02-22,9370,2018-11-22,0655,022098,,4,1,7,0109,0,1,1,,2,055,"I-580 W/B TO I-80 E/B","POWELL ST",3210.00,E,N,B,-,Y,,,,,,,,,,Y,1,1,0,1,A,-,01,23152,A,N,E,I,A,B,H,-,A,D,0,,,,,Y,Y,A,07,0,0,0,0,0,0,0,0,0,"- ","- ",37.494731903076172,-122.17372894287109,ALAMEDA,OAKLAND,-122.29638671875,37.837921142578125
90938628,2019,2019-03-06,9390,2019-02-24,2105,021478,,7,2,9,0100,0,1,3,,2,330,"SR-84 / VALLECITOS ROAD","LITTLE VALLEY ROAD",6864.00,E,N,A,-,Y,,,84,,,,,,,Y,2,0,5,2,A,-,08,22107,,N,A,C,A,A,H,-,D,D,0,,,,,Y,,A,01,1,2,2,0,0,0,0,0,0,"- ","- ",37.609958648681641,-121.82440948486328,ALAMEDA,UNINCORPORATED,-121.82440948486328,37.609966278076172
90939422,2018,2019-03-05,9370,2018-12-02,1133,020986,,7,1,7,0109,0,1,1,,2,177,"I-880 N/B TO 5TH AVENUE",EMBARCADERO,207.00,E,N,A,-,Y,,,880,,,,R,,N,Y,1,1,0,1,A,-,03,22350,,N,E,I,A,A,H,-,A,D,0,,,,,Y,,A,07,0,0,0,0,0,0,0,0,0,"- ","- ",37.790199279785156,-122.25836944580078,ALAMEDA,OAKLAND,-122.25836944580078,37.790199279785156
90943126,2019,2019-03-21,9330,2019-02-27,1205,016324,,3,1,6,0106,0,1,3,,1,037,"SR-92 E/B","CLAWITER ROAD",1584.00,W,N,B,-,Y,,,92,,,,,,E,Y,2,0,6,4,A,-,00,22017,,N,C,C,E,A,H,-,A,D,0,Y,,,,Y,,A,07,2,1,3,0,1,0,0,0,0,"- ","- ",37.626388549804688,-122.12606048583984,ALAMEDA,HAYWARD,-122.12606811523438,37.62640380859375
90945125,2019,2019-03-13,9390,2019-03-10,0119,021858,,7,3,6,0105,0,1,1,,2,064,"I-680 NORTHBOUND","GRIMMER BOULEVARD UNDERCROSSING",10.00,S,N,B,-,Y,,,680,,,,,,N,Y,2,0,3,1,A,-,08,22107,,N,E,I,A,B,H,-,C,D,0,,,,,Y,,A,01,1,0,2,0,0,0,0,0,0,"- ","- ",37.506149291992188,-121.9344482421875,ALAMEDA,FREMONT,-121.93454742431641,37.506072998046875
9094622,2020,2020-07-27,0109,2020-04-12,2030,9567,1,7,5,7,0109,0,0,0,,0,13X,"CLAREMONT AV","GRIZZLY PEAK BL",1320.00,S,N,A,-,N,,,,,,,,,,Y,2,0,1,1,A,-,03,22350,,N,A,I,A,A,H,-,D,D,0,,,,,Y,,A,01,1,0,0,0,0,0,0,0,0,"- ","- ",,,ALAMEDA,OAKLAND,-122.21785736083984,37.868370056152344
90947547,2019,2019-03-18,9390,2019-01-21,0518,018628,,1,3,4,0198,0,1,1,,2,067,"I-680 SOUTHBOUND","ALCOSTA BLVD",2112.00,S,N,A,-,Y,,,680,,,,,,S,Y,1,1,2,4,A,-,03,22350,,N,C,C,A,A,H,-,D,D,0,,,,,Y,,D,22,0,1,1,0,0,0,0,0,0,"- ","- ",37.718128204345703,-121.93617248535156,ALAMEDA,DUBLIN,-121.93613433837891,37.718162536621094
90947718,2019,2019-03-18,9390,2019-03-10,0400,021677,,7,3,5,0107,0,1,1,,2,052,"I-580 E/B","VASCO ROAD",1000.00,W,N,A,-,Y,,,580,,,,,,E,Y,2,0,2,2,A,-,01,23152,A,N,A,C,A,A,H,-,D,D,0,,,,,Y,Y,A,01,2,0,0,0,0,0,0,0,0,"- ","- ",37.70635986328125,-121.72978973388672,ALAMEDA,LIVERMORE,-121.72979736328125,37.706378936767578