CASE_ID,ACCIDENT_YEAR,PROC_DATE,JURIS,COLLISION_DATE,COLLISION_TIME,OFFICER_ID,REPORTING_DISTRICT,DAY_OF_WEEK,CHP_SHIFT,POPULATION,CNTY_CITY_LOC,SPECIAL_COND,BEAT_TYPE,CHP_BEAT_TYPE,CITY_DIVISION_LAPD,CHP_BEAT_CLASS,BEAT_NUMBER,PRIMARY_RD,SECONDARY_RD,DISTANCE,DIRECTION,INTERSECTION,WEATHER_1,WEATHER_2,STATE_HWY_IND,CALTRANS_COUNTY,CALTRANS_DISTRICT,STATE_ROUTE,ROUTE_SUFFIX,POSTMILE_PREFIX,POSTMILE,LOCATION_TYPE,RAMP_INTERSECTION,SIDE_OF_HWY,TOW_AWAY,COLLISION_SEVERITY,NUMBER_KILLED,NUMBER_INJURED,PARTY_COUNT,PRIMARY_COLL_FACTOR,PCF_CODE_OF_VIOL,PCF_VIOL_CATEGORY,PCF_VIOLATION,PCF_VIOL_SUBSECTION,HIT_AND_RUN,TYPE_OF_COLLISION,MVIW,PED_ACTION,ROAD_SURFACE,ROAD_COND_1,ROAD_COND_2,LIGHTING,CONTROL_DEVICE,CHP_ROAD_TYPE,PEDESTRIAN_ACCIDENT,BICYCLE_ACCIDENT,MOTORCYCLE_ACCIDENT,TRUCK_ACCIDENT,NOT_PRIVATE_PROPERTY,ALCOHOL_INVOLVED,STWD_VEHTYPE_AT_FAULT,CHP_VEHTYPE_AT_FAULT,COUNT_SEVERE_INJ,COUNT_VISIBLE_INJ,COUNT_COMPLAINT_PAIN,COUNT_PED_KILLED,COUNT_PED_INJURED,COUNT_BICYCLIST_KILLED,COUNT_BICYCLIST_INJURED,COUNT_MC_KILLED,COUNT_MC_INJURED,PRIMARY_RAMP,SECONDARY_RAMP,LATITUDE,LONGITUDE,COUNTY,CITY,POINT_X,POINT_Y
90949260,2019,2019-03-19,9370,2019-03-15,0810,020475,,5,1,6,0103,0,1,1,,2,081,"I-80 W/B","ASHBY AVE",2700.00,E,N,A,-,Y,,,,,,,,,,Y,2,0,1,1,A,-,08,22107,,N,F,A,A,A,H,-,A,D,0,,,Y,,Y,,C,02,1,0,0,0,0,0,0,0,1,"- ","- ",37.512260437011719,-122.18309783935547,ALAMEDA,BERKELEY,,
90950709,2019,2019-05-29,9345,2019-03-14,0940,020248,,4,1,6,0105,0,1,3,,1,184,"SR-84 S/B","THORNTON AVE",528.00,N,N,A,-,Y,,,84,,,,,,S,N,2,0,1,2,A,-,08,22107,,N,B,C,A,A,H,-,A,D,0,,,Y,,Y,,A,01,1,0,0,0,0,0,0,0,1,"- ","- ",37.541549682617188,-122.06600952148438,ALAMEDA,FREMONT,-122.06602478027344,37.541568756103516
90952395,2019,2019-03-25,9390,2019-03-17,1950,021452,,7,2,9,0100,0,2,4,,2,556,"MOUNTAIN HOUSE ROAD","KELSO ROAD",6864.00,S,N,A,-,N,,,,,,,,,,Y,2,0,1,1,A,-,01,23152,A,N,F,I,A,A,H,-,D,D,0,,,Y,,Y,Y,C,02,1,0,0,0,0,0,0,0,1,"- ","- ",37.775501251220703,-121.57846069335938,ALAMEDA,UNINCORPORATED,-121.57817077636719,37.775978088378906
90959708,2019,2019-04-30,9390,2019-03-23,1910,018869,,6,2,9,0100,0,3,5,,2,200,"KILKARE RD (700 BLOCK)","FOOTHILL ROAD",4646.00,N,N,B,-,N,,,,,,,,,,N,2,0,1,2,A,-,03,22350,,N,G,B,E,B,H,-,B,D,0,Y,,,,Y,,D,22,1,0,0,0,1,0,0,0,0,"- ","- ",37.605381011962891,-121.89273834228516,ALAMEDA,UNINCORPORATED,-121.89321136474609,37.606147766113281
90961940,2019,2019-04-05,9390,2019-03-30,1306,020987,,6,1,9,0100,0,2,4,,2,558,"GREENVILLE ROAD","EAST AVENUE",165.00,N,N,A,-,N,,,,,,,,,,N,2,0,1,1,A,-,03,22350,,N,F,A,A,A,H,-,A,D,0,,Y,,,Y,,L,04,1,0,0,0,0,0,1,0,0,"- ","- ",37.680099487304688,-121.69670104980469,ALAMEDA,UNINCORPORATED,-121.69675445556641,37.680194854736328
90962662,2019,2019-04-08,9370,2019-03-24,0123,022054,,7,3,7,0109,0,1,1,,2,054,"I-580 E/B","LAKE PARK AVE",1060.00,E,N,A,-,Y,,,580,,,,,,E,Y,2,0,2,2,A,-,03,22350,,N,C,C,A,A,H,-,C,D,0,,,,,Y,,A,01,2,0,0,0,0,0,0,0,0,"- ","- ",37.806770324707031,-122.23841094970703,ALAMEDA,OAKLAND,-122.2384033203125,37.806785583496094
90964877,2019,2019-09-12,9345,2019-03-29,1340,022201,,5,1,6,0106,0,1,1,,2,072,"I-880 NORTHBOUND (NIMITZ FREEWAY)","WHIPPLE ROAD",1000.00,N,N,A,-,Y,,,880,,,,,,N,Y,2,0,1,2,A,-,08,22107,,N,B,C,A,A,H,-,A,D,0,,,Y,,Y,,C,02,1,0,0,0,0,0,0,0,1,"- ","- ",37.608268737792969,-122.06768798828125,ALAMEDA,HAYWARD,-122.06758117675781,37.608348846435547
90965043,2018,2019-04-10,9345,2018-08-24,2310,021797,,5,3,5,0112,0,1,1,,2,075,"I-880 SOUTHBOUND (NIMITZ FREEWAY)","BEATRICE STREET",149.00,N,N,A,-,Y,,,880,,,,,,S,Y,1,1,0,1,A,-,01,23152,F,N,E,J,A,A,H,-,D,D,0,,,,,Y,,A,01,0,0,0,0,0,0,0,0,0,"- ","- ",37.691490173339844,-122.14005279541016,ALAMEDA,"SAN LEANDRO",-122.13983154296875,37.691810607910156
90966035,2018,2019-10-15,9345,2018-04-29,1400,021750,,7,2,6,0105,0,1,1,,2,071,"INTERSTATE 880 NORTHBOUND (NIMITZ FWY)","DECOTO ROAD",2112.00,S,N,A,-,Y,,,880,,,,,,N,Y,1,1,5,2,A,-,07,21658,A,F,B,C,A,A,H,-,A,D,0,,,,,Y,,A,01,5,0,0,0,0,0,0,0,0,"- ","- ",37.559528350830078,-122.03392028808594,ALAMEDA,FREMONT,-122.033935546875,37.55950927734375
90967665,2019,2019-04-15,9390,2019-04-07,1540,020760,,7,2,9,0100,0,1,1,,2,054,"I-580 EASTBOUND","GRANT LINE ROAD",450.00,E,N,B,-,Y,,,580,,,,,,E,Y,2,0,1,2,A,-,03,22350,,N,C,C,A,A,D,-,A,D,0,,,Y,,Y,,C,02,1,0,0,0,0,0,0,0,1,"- ","- ",37.740810394287109,-121.58358764648438,ALAMEDA,UNINCORPORATED,-121.58357238769531,37.740707397460938
90969325,2019,2019-08-05,9390,2019-04-08,0830,021445,,1,1,9,0100,0,2,4,,2,559,"PATTERSON PASS ROAD","CROSS ROAD",8976.00,E,N,A,-,N,,,,,,,,,,Y,2,0,1,2,A,-,05,21660,,N,B,C,A,A,H,-,A,D,0,,,Y,,Y,,-,"- ",1,0,0,0,0,0,0,0,1,"- ","- ",37.686740875244141,-121.62982940673828,ALAMEDA,UNINCORPORATED,-121.6300048828125,37.686283111572266
90971085,2019,2019-04-19,9345,2019-04-10,0729,022232,,3,1,6,0105,0,1,1,,2,072,"I-880 S/B","ALVARADO-NILES RD.",2640.00,S,N,A,-,Y,,,880,,,,,,S,Y,2,0,1,2,A,-,07,21658,A,N,C,C,A,A,H,-,A,D,0,,,Y,,Y,,A,01,1,0,0,0,0,0,0,0,1,"- ","- ",37.592288970947266,-122.05647277832031,ALAMEDA,FREMONT,-122.05654907226562,37.592231750488281
90971245,2019,2019-04-19,9345,2019-04-12,1512,021763,,5,2,5,0113,0,1,1,,2,072,"INTERSTATE 880 N/B (NIMITZ FREEWAY)","ALVARADO NILES ROAD",3240.00,S,N,A,-,Y,,,880,,,,,,N,Y,2,0,1,2,A,-,03,22350,,N,C,C,A,A,H,-,A,D,0,,,,,Y,,J,49,1,0,0,0,0,0,0,0,0,"- ","- ",37.591190338134766,-122.05528259277344,ALAMEDA,"UNION CITY",-122.05532073974609,37.591159820556641
90971507,2019,2019-04-22,9375,2019-04-09,2145,022119,,2,2,6,0106,0,3,5,,2,004,"VALLEY VIEW CT","KELLY ST",28.00,N,N,A,-,N,,,,,,,,,,Y,2,0,1,2,A,-,01,23152,A,F,A,C,A,A,H,-,C,D,0,,,,,Y,Y,A,01,1,0,0,0,0,0,0,0,0,"- ","- ",37.686759948730469,-122.04759979248047,ALAMEDA,HAYWARD,-122.04752349853516,37.686691284179688
90973393,2019,2019-04-23,9345,2019-04-17,0730,020248,,3,1,9,0100,0,1,1,,2,072,"I-880 N/B","ALVARADO NILES RD",150.00,S,N,A,-,Y,,,,,,,,,,Y,2,0,1,2,A,-,01,23152,A,N,E,I,A,A,H,-,A,D,0,,,,,Y,Y,A,01,1,0,0,0,0,0,0,0,0,"- ","- ",37.598251342773438,-122.06062316894531,ALAMEDA,UNINCORPORATED,-122.06058502197266,37.598407745361328
90976526,2019,2019-04-26,9370,2019-04-18,0355,020877,,4,3,7,0109,0,1,3,,2,025,"SR-24 W/B","52ND ST",164.00,E,N,A,-,Y,,,,,,,,,,Y,2,0,1,5,C,-,18,,,N,D,C,A,A,H,-,D,D,0,,,,,Y,,-,"- ",1,0,0,0,0,0,0,0,0,"- ","- ",37.386730194091797,-122.26525115966797,ALAMEDA,OAKLAND,-122.26548767089844,37.838008880615234
90978023,2019,2019-04-29,9390,2019-01-24,0517,020013,,4,3,9,0100,0,1,1,,2,025,"I-205 EASTBOUND","MIDWAY ROAD",2112.00,E,N,A,-,Y,,,205,,,,,,E,Y,1,1,0,2,A,-,03,22350,,N,C,C,A,A,D,-,D,D,0,,,,Y,Y,,D,22,0,0,0,0,0,0,0,0,0,"- ","- ",37.742401123046875,-121.56430053710938,ALAMEDA,UNINCORPORATED,-121.56430816650391,37.742500305175781
90978471,2019,2019-04-30,9390,2019-04-22,0741,022174,,1,1,9,0100,0,1,1,,2,065,"I-680 NORTHBOUND","SHERIDAN ROAD",6.00,S,N,A,-,Y,,,680,,,,,,N,Y,2,0,1,1,A,-,08,22107,,N,E,I,A,A,H,-,A,D,0,,,,,Y,,A,01,1,0,0,0,0,0,0,0,0,"- ","- ",37.561931610107422,-121.90528869628906,ALAMEDA,UNINCORPORATED,-121.90536499023438,37.562019348144531
90979750,2018,2019-05-01,9375,2018-05-07,1110,015147,,1,1,9,0100,0,2,4,,1,020,"HESPERIAN BLVD","LEWELLING BLVD",0.00,,Y,A,-,N,,,,,,,,,,Y,2,0,5,2,B,-,22,,,N,D,C,A,A,H,-,A,A,0,,,,,Y,,J,41,2,2,1,0,0,0,0,0,0,"- ","- ",37.686618804931641,-122.12992858886719,ALAMEDA,UNINCORPORATED,-122.13011932373047,37.686679840087891
90980483,2019,2019-05-02,9345,2019-04-24,1608,021721,,3,2,6,0105,0,1,3,,1,184,"SR-84 S/B","DUMARTON BRIDGE TOLL PLAZA",25.00,N,N,A,-,Y,,,84,,,,,,S,Y,2,0,2,2,A,-,01,23152,A,N,C,D,A,A,H,-,A,D,0,,,,,Y,Y,D,22,1,0,1,0,0,0,0,0,0,"- ","- ",37.535598754882812,-122.07496643066406,ALAMEDA,FREMONT,-122.07498168945312,37.535617828369141
90980721,2019,2019-05-02,9375,2019-04-22,1828,022184,,1,2,9,0100,0,1,1,,2,580,"I-580 E/B","150TH AVENUE",515.00,S,N,A,-,Y,,,580,,,,,,E,Y,2,0,1,2,A,-,08,22107,,N,E,I,A,A,H,-,A,D,0,,,,,Y,,D,22,1,0,0,0,0,0,0,0,0,"- ","- ",37.71038818359375,-122.12609100341797,ALAMEDA,UNINCORPORATED,-122.1259765625,37.710605621337891
90981099,2019,2019-05-03,9390,2019-04-23,1900,020760,,2,2,9,0100,0,2,4,,2,559,"PATTERSON PASS ROAD","TOP OF THE WORLD",7392.00,E,N,A,-,N,,,,,,,,,,Y,2,0,1,1,A,-,08,22107,,N,F,A,A,A,H,-,A,D,0,,,Y,,Y,,C,02,1,0,0,0,0,0,0,0,1,"- ","- ",37.687030792236328,-121.60397338867188,ALAMEDA,UNINCORPORATED,-121.60397338867188,37.687030792236328
90982041,2019,2019-05-06,9370,2019-04-26,1936,021946,,5,2,7,0109,0,1,3,,2,013,"SR-13 N/B","PARK BOULEVARD",1130.00,N,N,A,-,Y,,,,,,,,,,Y,2,0,1,2,A,-,01,23152,A,N,A,C,A,A,H,-,B,D,0,,,,,Y,Y,A,01,1,0,0,0,0,0,0,0,0,"- ","- ",37.492801666259766,-122.1234130859375,ALAMEDA,OAKLAND,-122.20932006835938,37.824310302734375
90983072,2019,2019-05-07,9345,2019-05-05,0300,022131,,7,3,5,0112,0,1,1,,2,075,"I-880 SOUTHBOUND","DAVIS STREET",135.00,N,N,B,-,Y,,,880,,,,,,S,Y,2,0,5,2,A,-,01,23152,A,N,C,C,A,A,H,-,D,D,0,,,,,Y,Y,A,01,3,2,0,0,0,0,0,0,0,"- ","- ",37.719619750976562,-122.17739105224609,ALAMEDA,"SAN LEANDRO",-122.17741394042969,37.719593048095703
90983756,2019,2019-05-07,9370,2019-04-26,1935,022098,,5,2,7,0109,0,1,3,,2,013,"SR-13 N/B","BROADWAY TERRACE",1350.00,S,N,A,-,Y,,,,,,,,,,Y,2,0,1,2,A,-,01,23152,A,F,E,I,A,A,H,-,B,D,0,,,,,Y,Y,A,01,1,0,0,0,0,0,0,0,0,"- ","- ",37.501861572265625,-122.13191986083984,ALAMEDA,OAKLAND,-122.22209930419922,37.8385009765625
90986802,2019,2019-05-13,9375,2019-05-01,0545,021864,,3,3,9,0100,0,2,4,,1,020,"LEWELLING BLVD","HESPERIAN BLVD",0.00,,Y,A,-,N,,,,,,,,,,N,2,0,1,2,A,-,12,21453,A,N,H,G,A,A,H,-,C,A,0,,Y,,,Y,,L,04,1,0,0,0,0,0,1,0,0,"- ","- ",37.686618804931641,-122.13009643554688,ALAMEDA,UNINCORPORATED,-122.13011932373047,37.686679840087891
9098969,2020,2020-07-29,0109,2020-04-24,1750,8265,1,5,5,7,0109,0,0,0,,0,13Y,"GRIZZLY PEAK BL","FISH RANCH RD",100.00,W,N,A,-,N,,,,,,,,,,N,2,0,1,2,A,-,05,21460,A,F,B,G,A,A,H,-,A,D,0,,Y,,,Y,,A,07,1,0,0,0,0,0,1,0,0,"- ","- ",,,ALAMEDA,OAKLAND,-122.21816253662109,37.868274688720703
90990201,2019,2019-05-16,9345,2019-05-06,1117,021968,,1,1,6,0106,0,1,1,,2,073,"I-880 SOUTHBOUND","ELDRIDGE PED O/C",1121.00,N,N,A,-,Y,,,880,,,,,,S,Y,2,0,3,2,A,-,07,21658,A,N,B,C,A,A,H,-,A,D,0,,,,Y,Y,,F,26,2,1,0,0,0,0,0,0,0,"- ","- ",37.63800048828125,-122.08920288085938,ALAMEDA,HAYWARD,-122.08920288085938,37.637996673583984
90991667,2019,2019-05-20,9345,2019-04-26,0850,020622,,5,1,9,0100,0,1,1,,2,074,"I-880 S/B","HACIENDA AVE",1584.00,N,N,A,-,Y,,,880,,,,,,S,Y,2,0,3,3,A,-,03,22350,,N,C,C,A,A,H,-,A,D,0,,,,,Y,,D,22,1,0,2,0,0,0,0,0,0,"- ","- ",37.679401397705078,-122.12169647216797,ALAMEDA,UNINCORPORATED,-122.12178039550781,37.679290771484375
90991982,2019,2019-05-20,9390,2019-05-07,1600,022273,,2,2,9,0100,0,2,4,,2,221,"FOOTHILL ROAD","MPM 6.35",220.00,S,N,A,-,N,,,,,,,,,,N,2,0,1,2,A,-,06,21760,B,N,C,G,A,A,H,-,A,D,0,,Y,,,Y,,A,08,1,0,0,0,0,0,1,0,0,"- ","- ",37.620098114013672,-121.88018798828125,ALAMEDA,UNINCORPORATED,,
90992622,2019,2019-05-21,9345,2019-04-29,0710,022138,,1,1,5,0112,0,1,1,,2,075,"I-880 SOUTHBOUND","DAVIS STREET",2157.00,N,N,A,-,Y,,,880,,,,,,S,Y,2,0,1,1,C,-,18,,,N,E,I,A,A,H,-,A,D,0,,,,,Y,,-,"- ",1,0,0,0,0,0,0,0,0,"- ","- ",37.723678588867188,-122.18153381347656,ALAMEDA,"SAN LEANDRO",-122.18157196044922,37.723636627197266
90992747,2019,2019-05-21,9345,2019-05-14,0530,022236,,2,3,9,0100,0,1,1,,2,074,"I-880 S/B (NIMITZ FREEWAY)","A"" STREET""",1056.00,N,N,B,-,Y,,,880,,,,,,S,Y,2,0,1,3,C,-,18,,,N,B,C,A,A,H,-,B,D,0,,,,Y,Y,,-,"- ",1,0,0,0,0,0,0,0,0,"- ","- ",37.668991088867188,-122.10938262939453,ALAMEDA,UNINCORPORATED,-122.10948181152344,37.668930053710938
90992853,2019,2019-05-21,9370,2019-05-17,0225,021426,,5,3,7,0109,0,1,1,,2,008,"I-80 EASTBOUND","W. GRAND AVE OVERCROSSING",3900.00,E,N,B,-,Y,,,,,,,,,,Y,2,0,1,1,A,-,01,23152,F,N,E,I,A,A,H,-,D,D,0,,,,,Y,,A,01,1,0,0,0,0,0,0,0,0,"- ","- ",37.493709564208984,-122.17469024658203,ALAMEDA,OAKLAND,-122.29466247558594,37.81964111328125
9099804,2020,2020-07-06,0103,2020-03-31,1215,93,20,2,5,6,0103,0,0,0,,0,014,UNIVERSITY,"W FRONTAGE RD",0.00,,Y,A,-,N,,,,,,,,,,N,2,0,1,1,A,-,03,22350,,N,H,J,A,A,B,-,A,D,0,,Y,,,Y,,L,04,1,0,0,0,0,0,1,0,0,"- ","- ",,,ALAMEDA,BERKELEY,-122.30552673339844,37.866348266601562
90998248,2019,2019-05-29,9390,2019-05-20,0330,021947,,1,3,5,0107,0,2,4,,2,226,"NORTH LIVERMORE AVENUE",I-580,1954.00,N,N,A,-,N,,,,,,,,,,N,2,0,1,1,A,-,03,22350,,N,F,A,A,A,H,-,D,D,0,,Y,,,Y,,L,04,1,0,0,0,0,0,1,0,0,"- ","- ",37.706180572509766,-121.77156066894531,ALAMEDA,LIVERMORE,-121.77369689941406,37.701000213623047
91002628,2019,2019-06-04,9390,2019-05-23,2000,020685,,4,2,5,0111,0,1,1,,2,051,"I-580 E/B","HACIENDA DRIVE",1584.00,E,N,A,-,Y,,,580,,,,,,E,Y,2,0,1,1,A,-,08,22107,,N,E,I,A,A,H,-,A,D,0,,,,,Y,,A,07,1,0,0,0,0,0,0,0,0,"- ","- ",37.701229095458984,-121.88259887695312,ALAMEDA,PLEASANTON,-121.88259887695312,37.701408386230469
9100486,2020,2020-06-12,0109,2020-02-21,1835,8483,2,5,5,7,0109,0,0,0,,0,23X,"SAN LEANDRO ST","38TH AV",0.00,,Y,A,-,N,,,,,,,,,,N,2,0,1,2,A,-,10,21950,A,N,G,B,B,A,H,-,C,A,0,Y,,,,Y,,A,01,1,0,0,0,1,0,0,0,0,"- ","- ",,,ALAMEDA,OAKLAND,-122.22149658203125,37.772708892822266
91005326,2019,2019-06-07,9370,2019-02-28,0400,021800,,4,3,7,0109,0,1,1,,2,052,"I-580 E/B","TWIN OAKS WAY OVERCROSSING",650.00,E,N,B,-,Y,,,580,,,,,,E,Y,1,1,1,1,A,-,01,23152,G,N,E,I,A,A,H,-,D,D,0,,,,,Y,Y,A,07,1,0,0,0,0,0,0,0,0,"- ","- ",37.756900787353516,-122.14861297607422,ALAMEDA,OAKLAND,-122.14849853515625,37.756824493408203
91006132,2019,2019-06-10,9370,2019-06-08,0847,021645,,6,1,7,0109,0,1,1,,2,053,"I-580 E/B","35TH AVE",135.00,E,N,A,-,Y,,,580,,,,,,E,Y,2,0,1,1,A,-,08,22107,,N,E,I,A,A,H,-,A,D,0,,,,,Y,,A,01,1,0,0,0,0,0,0,0,0,"- ","- ",37.791790008544922,-122.20298004150391,ALAMEDA,OAKLAND,-122.20307159423828,37.791702270507812
91006276,2019,2019-06-10,9345,2019-05-23,2312,022069,,4,3,6,0105,0,1,3,,1,184,"SR-84 N/B","KGO TOWER",3168.00,N,N,B,-,Y,,,84,,,,,,N,Y,2,0,3,2,A,-,01,23152,A,N,B,C,A,A,H,-,D,D,0,,,,,Y,Y,A,01,1,0,2,0,0,0,0,0,0,"- ","- ",37.530879974365234,-122.09210968017578,ALAMEDA,FREMONT,-122.09205627441406,37.530773162841797
91007996,2019,2019-06-11,9375,2019-05-30,1850,020534,,4,2,9,0100,0,2,4,,1,046,"PALOMARES RD","SR-84 (NILES CANYON RD.)",4171.00,N,N,B,-,N,,,,,,,,,,Y,2,0,1,1,A,-,08,22107,,N,F,A,A,A,H,-,A,D,0,,,Y,,Y,,C,02,1,0,0,0,0,0,0,0,1,"- ","- ",37.668441772460938,-122.13923645019531,ALAMEDA,UNINCORPORATED,-121.94561767578125,37.607143402099609
91011340,2019,2019-06-24,9370,2019-06-07,1200,020961,,5,1,7,0109,0,1,1,,2,176,"I-880 S/B","HIGH ST",2870.00,S,N,A,-,Y,,,880,,,,,,S,Y,2,0,1,2,A,-,03,22350,,N,C,C,A,A,H,-,A,D,0,,,Y,,Y,,C,02,1,0,0,0,0,0,0,0,1,"- ","- ",37.761558532714844,-122.21485137939453,ALAMEDA,OAKLAND,-122.21495819091797,37.761470794677734
91012905,2019,2019-06-19,9345,2019-06-07,1625,021057,,5,2,5,0112,0,1,1,,2,075,"I-880 NB","MARINA BLVD",400.00,S,N,A,-,Y,,,880,,,,,,N,Y,2,0,1,1,A,-,08,22107,,N,E,I,A,A,H,-,A,D,0,,,Y,,Y,,C,02,1,0,0,0,0,0,0,0,1,"- ","- ",37.708541870117188,-122.16364288330078,ALAMEDA,"SAN LEANDRO",-122.16360473632812,37.708591461181641
91014720,2019,2019-06-21,9370,2019-06-18,0712,020475,,2,1,7,0109,0,1,1,,2,008,"I-80 W/B","W. GRAND AVE",2600.00,E,N,B,-,Y,,,,,,,,,,Y,2,0,1,2,A,-,08,22107,,N,F,A,A,A,H,-,A,D,0,,,Y,,Y,,C,02,1,0,0,0,0,0,0,0,1,"- ","- ",37.493461608886719,-122.18019104003906,ALAMEDA,OAKLAND,-122.29466247558594,37.81964111328125
91015875,2019,2019-06-24,9345,2019-06-10,0830,022168,,1,1,6,0105,0,1,3,,1,184,"SR-84 SOUTHBOUND","SR-84 KGO RADIO TOWERS",100.00,S,N,A,-,Y,,,84,,,,,,S,Y,2,0,1,2,A,-,08,22107,,N,B,C,A,A,H,-,A,D,0,,,Y,,Y,,C,02,1,0,0,0,0,0,0,0,1,"- ","- ",37.524940490722656,-122.09911346435547,ALAMEDA,FREMONT,-122.09926605224609,37.525115966796875
91018473,2019,2019-06-26,9345,2019-06-16,1745,021763,,7,2,5,0112,0,1,1,,2,075,"I-880 S/B","ALADDIN AVENUE",350.00,S,N,A,-,Y,,,,,,,,,,Y,2,0,1,1,C,-,18,,,N,E,I,A,A,H,-,A,D,0,,,,,Y,,-,"- ",1,0,0,0,0,0,0,0,0,"- ","- ",37.707069396972656,-122.12171936035156,ALAMEDA,"SAN LEANDRO",,
91018589,2019,2019-06-27,9375,2019-06-15,0330,022116,,6,3,9,0100,0,2,4,,1,045,"CROW CANYON RD","BELLINA CANYON RD",633.00,S,N,B,-,N,,,,,,,,,,Y,2,0,1,1,A,-,01,23152,A,N,F,A,A,A,H,-,D,D,0,,,,,Y,Y,A,07,1,0,0,0,0,0,0,0,0,"- ","- ",37.757308959960938,-122.02895355224609,ALAMEDA,UNINCORPORATED,-122.02895355224609,37.757308959960938
91018590,2019,2019-06-27,9370,2019-06-16,0007,021803,,7,3,6,0103,0,1,1,,2,081,"I-80 E/B","UNIVERSITY AVENUE",300.00,E,N,B,-,Y,,,,,,,,,,Y,2,0,3,4,A,-,01,23152,A,N,C,C,A,A,H,-,C,D,0,,,,,Y,Y,A,07,1,0,2,0,0,0,0,0,0,"- ","- ",37.525421142578125,-122.18157196044922,ALAMEDA,BERKELEY,,
91019251,2018,2019-06-28,9345,2018-10-30,2238,021817,,2,3,5,0113,0,1,1,,2,072,"I-880 NORTHBOUND (NIMITZ FREEWAY)","WHIPPLE RD",200.00,S,N,A,-,Y,,,880,,,,,,N,Y,1,2,1,4,A,-,03,22350,,N,C,C,A,A,D,-,D,A,0,,,,Y,Y,,I,10,0,0,1,0,0,0,0,0,0,"- ","- ",37.605628967285156,-122.06562805175781,ALAMEDA,"UNION CITY",-122.06562805175781,37.605628967285156
91021413,2019,2019-07-01,9370,2019-06-20,0830,020986,,4,1,7,0109,0,1,1,,2,178,"I-880 N/B TO I-80 W/B","ENGINEER RD",215.00,N,N,A,-,Y,,,,,,,,,,Y,2,0,1,4,A,-,03,22350,,N,C,C,A,A,H,-,A,D,0,,,Y,,Y,,A,07,1,0,0,0,0,0,0,0,1,"- ","- ",37.824539184570312,-122.30442047119141,ALAMEDA,OAKLAND,,
91022137,2019,2019-07-01,9390,2019-06-23,0420,021468,,7,3,5,0107,0,1,1,,2,052,"I-580 EASTBOUND","ISABEL AVENUE",1584.00,W,N,A,-,Y,,,580,,,,,,E,Y,2,0,5,2,A,-,03,22350,,N,C,C,A,A,H,-,D,D,0,,,,,Y,,A,01,2,2,1,0,0,0,0,0,0,"- ","- ",37.700859069824219,-121.80917358398438,ALAMEDA,LIVERMORE,-121.80917358398438,37.700775146484375
91024383,2019,2019-07-04,9345,2019-06-03,0500,022238,,1,3,6,0106,0,1,3,,2,092,"SR-92 EASTBOUND","CLAWITER ROAD",254.00,E,N,B,-,Y,,,92,,,,,,E,Y,2,0,1,1,A,-,08,22107,,N,E,I,A,A,H,-,A,D,0,,,,,Y,,A,01,1,0,0,0,0,0,0,0,0,"- ","- ",37.628658294677734,-122.11976623535156,ALAMEDA,HAYWARD,-122.11972808837891,37.628551483154297
91025684,2019,2019-07-08,9370,2019-06-23,2020,021979,,7,2,7,0109,0,1,3,,2,013,"SR-13 S/B","CARSON ST",1200.00,S,N,A,-,Y,,,13,,,,,,S,Y,2,0,2,2,A,-,07,21658,A,F,B,C,A,A,H,-,B,D,0,,,,,Y,,A,01,1,0,1,0,0,0,0,0,0,"- ","- ",37.791000366210938,-122.18103790283203,ALAMEDA,OAKLAND,-122.18116760253906,37.791027069091797
91026459,2019,2019-07-08,9375,2019-06-26,1140,019329,,3,1,9,0100,0,1,1,,2,581,"I-580 W/B","LAKE CHABOT PEDESTRIAN CROSSING",498.00,E,N,A,-,Y,,,580,,,,,,W,Y,2,0,1,3,A,-,03,22350,,N,C,C,A,A,H,-,A,D,0,,,,,Y,,D,22,1,0,0,0,0,0,0,0,0,"- ","- ",37.690940856933594,-122.08209228515625,ALAMEDA,UNINCORPORATED,-122.08209228515625,37.690872192382812
9102914,2020,2020-09-25,0103,2020-03-13,1934,58,,5,5,6,0103,0,0,0,,0,014,"SAN PABLO",VIRGINIA,0.00,,Y,A,-,Y,ALA,4,123,-,-,3.470,I,5,N,N,2,0,1,2,A,-,09,21801,B,N,D,G,A,-,H,-,C,A,0,,Y,,,Y,,A,01,1,0,0,0,0,0,1,0,0,"- ","- ",37.873439788818359,-122.29353332519531,ALAMEDA,BERKELEY,-122.29353332519531,37.873477935791016