CASE_ID,ACCIDENT_YEAR,PROC_DATE,JURIS,COLLISION_DATE,COLLISION_TIME,OFFICER_ID,REPORTING_DISTRICT,DAY_OF_WEEK,CHP_SHIFT,POPULATION,CNTY_CITY_LOC,SPECIAL_COND,BEAT_TYPE,CHP_BEAT_TYPE,CITY_DIVISION_LAPD,CHP_BEAT_CLASS,BEAT_NUMBER,PRIMARY_RD,SECONDARY_RD,DISTANCE,DIRECTION,INTERSECTION,WEATHER_1,WEATHER_2,STATE_HWY_IND,CALTRANS_COUNTY,CALTRANS_DISTRICT,STATE_ROUTE,ROUTE_SUFFIX,POSTMILE_PREFIX,POSTMILE,LOCATION_TYPE,RAMP_INTERSECTION,SIDE_OF_HWY,TOW_AWAY,COLLISION_SEVERITY,NUMBER_KILLED,NUMBER_INJURED,PARTY_COUNT,PRIMARY_COLL_FACTOR,PCF_CODE_OF_VIOL,PCF_VIOL_CATEGORY,PCF_VIOLATION,PCF_VIOL_SUBSECTION,HIT_AND_RUN,TYPE_OF_COLLISION,MVIW,PED_ACTION,ROAD_SURFACE,ROAD_COND_1,ROAD_COND_2,LIGHTING,CONTROL_DEVICE,CHP_ROAD_TYPE,PEDESTRIAN_ACCIDENT,BICYCLE_ACCIDENT,MOTORCYCLE_ACCIDENT,TRUCK_ACCIDENT,NOT_PRIVATE_PROPERTY,ALCOHOL_INVOLVED,STWD_VEHTYPE_AT_FAULT,CHP_VEHTYPE_AT_FAULT,COUNT_SEVERE_INJ,COUNT_VISIBLE_INJ,COUNT_COMPLAINT_PAIN,COUNT_PED_KILLED,COUNT_PED_INJURED,COUNT_BICYCLIST_KILLED,COUNT_BICYCLIST_INJURED,COUNT_MC_KILLED,COUNT_MC_INJURED,PRIMARY_RAMP,SECONDARY_RAMP,LATITUDE,LONGITUDE,COUNTY,CITY,POINT_X,POINT_Y
91032921,2019,2019-07-17,9345,2019-07-10,0910,020316,,3,1,6,0105,0,1,1,,2,070,"I-880 SOUTHBOUND","AUTO MALL PARKWAY",600.00,S,N,B,-,Y,,,880,,,,,,S,Y,2,0,1,2,A,-,03,22350,,N,B,C,A,A,H,-,A,D,0,,,Y,,Y,,C,02,1,0,0,0,0,0,0,0,1,"- ","- ",37.506031036376953,-121.96589660644531,ALAMEDA,FREMONT,-121.96596527099609,37.505947113037109
91034213,2019,2019-07-19,9390,2019-07-14,1230,020013,,7,1,9,0100,0,2,4,,2,226,"MANNING ROAD","MORGAN TERRITORY ROAD",100.00,W,N,A,-,N,,,,,,,,,,Y,2,0,1,1,A,-,08,22107,,N,F,A,A,A,H,-,A,D,0,,,Y,,Y,,C,02,1,0,0,0,0,0,0,0,1,"- ","- ",37.752201080322266,-121.78029632568359,ALAMEDA,UNINCORPORATED,-121.77943420410156,37.752399444580078
91034635,2019,2019-07-22,9370,2019-07-10,0620,020986,,3,1,7,0109,0,1,1,,2,052,"I-580 E/B","GOLF LINKS RD",570.00,E,N,A,-,Y,,,580,,,,,,E,Y,2,0,1,1,A,-,08,22107,,N,E,I,A,A,H,-,A,D,0,,,,,Y,,A,01,1,0,0,0,0,0,0,0,0,"- ","- ",37.752090454101562,-122.15207672119141,ALAMEDA,OAKLAND,-122.15193939208984,37.752079010009766
91035388,2019,2019-07-22,9345,2019-07-10,1635,021721,,3,2,5,0112,0,1,1,,2,075,"I-880 S/B (NIMITZ FREEWAY)","DAVIS ST",1848.00,N,N,A,-,Y,,,880,,,,,,S,Y,2,0,1,2,A,-,03,22350,,F,C,C,A,A,H,-,A,D,0,,,Y,,Y,,C,02,1,0,0,0,0,0,0,0,1,"- ","- ",37.723220825195312,-122.18126678466797,ALAMEDA,"SAN LEANDRO",-122.18121337890625,37.723281860351562
91036414,2019,2019-07-24,9370,2019-05-07,1426,022098,,2,2,7,0109,0,1,1,,2,052,"I-580 E/B (MACARTHUR FREEWAY)","FOOTHILL BOULEVARD",700.00,W,N,A,-,Y,,,,,,,,,,Y,1,1,1,2,A,-,07,21658,A,N,B,C,A,A,H,-,A,D,0,,,,,Y,,A,01,1,0,0,0,0,0,0,0,0,"- ","- ",37.442161560058594,-122.83496856689453,ALAMEDA,OAKLAND,-121.93753814697266,37.698112487792969
91037238,2019,2019-07-24,9345,2019-07-16,0132,021379,,2,3,5,0112,0,1,1,,2,075,"I-880 S/B (NIMITZ FREEWAY)","WASHINGTON AVE",100.00,N,N,B,-,Y,,,880,,,,,,S,Y,2,0,1,1,A,-,01,23152,G,N,E,I,A,A,H,-,C,D,0,,,,,Y,Y,A,01,1,0,0,0,0,0,0,0,0,"- ","- ",37.691410064697266,-122.13910675048828,ALAMEDA,"SAN LEANDRO",-122.13916015625,37.691341400146484
91037968,2019,2019-07-25,9390,2019-07-10,1500,019156,,3,2,5,0107,0,1,1,,2,052,"I-580 EASTBOUND","NORTH LIVERMORE AVENUE",2153.00,W,N,A,-,Y,,,580,,,,,,E,Y,2,0,1,3,A,-,07,21658,A,N,B,C,A,A,H,-,A,D,0,,,Y,,Y,,A,01,1,0,0,0,0,0,0,0,1,"- ","- ",37.699928283691406,-121.78138732910156,ALAMEDA,LIVERMORE,-121.78138732910156,37.69989013671875
91040811,2019,2019-07-29,9345,2019-07-27,0050,021961,,6,3,6,0105,0,1,1,,2,070,"I-880 S/B (NIMITZ FREEWAY)","DIXON LANDING ROAD",3696.00,N,N,A,-,Y,,,880,,,,,,S,Y,2,0,3,5,A,-,01,23152,A,N,C,C,A,A,H,-,D,D,0,,,,,Y,Y,D,22,1,0,2,0,0,0,0,0,0,"- ","- ",37.463008880615234,-121.92617034912109,ALAMEDA,FREMONT,-121.92629241943359,37.462947845458984
91041967,2019,2019-07-30,9345,2019-07-19,1930,022312,,5,2,6,0105,0,1,1,,2,071,"I-880 S/B (NIMITZ FREEWAY)","DECOTO RD",2833.00,S,N,A,-,Y,,,880,,,,,,S,Y,2,0,1,1,A,-,08,22107,,N,E,I,A,A,H,-,B,D,0,,,,,Y,,A,01,1,0,0,0,0,0,0,0,0,"- ","- ",37.557399749755859,-122.03212738037109,ALAMEDA,FREMONT,-122.03215789794922,37.557373046875
91046350,2019,2019-08-06,9390,2019-07-29,0033,021853,,1,3,9,0100,0,1,1,,2,054,"I-580 WESTBOUND","GRANT LINE ROAD",3783.00,W,N,A,-,Y,,,580,,,,,,W,Y,2,0,2,3,A,-,03,22350,,N,C,C,E,A,D,-,C,A,0,Y,,,Y,Y,,G,25,2,0,0,0,1,0,0,0,0,"- ","- ",37.738361358642578,-121.60144805908203,ALAMEDA,UNINCORPORATED,-121.60144805908203,37.738361358642578
91046770,2019,2019-10-29,9345,2019-07-27,1220,022138,,6,1,6,0105,0,1,1,,2,071,"I-880 SOUTHBOUND","DECOTO ROAD",1584.00,S,N,A,-,Y,,,880,,,,,,S,N,2,0,2,2,A,-,03,22350,,N,C,C,A,A,H,-,A,D,0,,,Y,,Y,,C,02,1,0,1,0,0,0,0,0,2,"- ","- ",37.560359954833984,-122.03530883789062,ALAMEDA,FREMONT,-122.03533172607422,37.560337066650391
91049992,2019,2019-08-12,9370,2019-07-28,2333,021800,,7,3,3,0102,0,1,1,,2,081,"I-80 E/B TO I-580 W/B","BUCHANAN ST",340.00,W,N,A,-,Y,,,80,,,,R,,E,Y,2,0,1,2,A,-,07,21658,A,F,B,C,A,A,H,-,D,D,0,,,Y,,Y,,C,02,1,0,0,0,0,0,0,0,1,"- ","- ",37.886398315429688,-122.30876922607422,ALAMEDA,ALBANY,-122.30876922607422,37.886398315429688
91050587,2019,2019-08-13,9370,2019-08-03,0200,021930,,6,3,7,0109,0,1,1,,2,177,"BROADWAY TO JACKSON ST.","WEBSTER ST",375.00,S,N,A,-,Y,,,,,,,,,,Y,2,0,1,1,A,-,08,22107,,N,E,I,A,A,H,-,C,D,0,,,Y,,Y,,C,02,1,0,0,0,0,0,0,0,1,"- ","- ",37.796768188476562,-122.27130126953125,ALAMEDA,OAKLAND,-122.26551818847656,37.813392639160156
91050880,2019,2019-08-13,9390,2019-08-03,1025,020013,,6,1,9,0100,0,3,5,,2,500,"CROSS ROAD (3100 BLOCK)","PATTERSON PASS ROAD",300.00,S,N,A,-,N,,,,,,,,,,N,2,0,2,2,A,-,03,22350,,N,F,A,A,A,H,-,A,D,0,,Y,,,Y,,L,04,1,1,0,0,0,0,2,0,0,"- ","- ",37.683101654052734,-121.65940093994141,ALAMEDA,UNINCORPORATED,-121.65972900390625,37.685054779052734
91052018,2019,2019-08-14,9370,2019-05-28,1719,021357,,2,2,7,0109,0,1,3,,2,013,"SR-13 S/B",BROADWAY,300.00,S,N,A,-,Y,,,,,,,,,,Y,1,1,0,1,A,-,03,22350,,N,F,A,A,A,H,-,A,D,0,,,Y,,Y,,C,02,0,0,0,0,0,0,0,1,0,"- ","- ",37.505050659179688,-122.13394927978516,ALAMEDA,OAKLAND,-122.22769165039062,37.847469329833984
91052421,2019,2019-08-15,9370,2019-05-15,1517,020844,,3,2,7,0109,0,1,3,,2,025,"SR-24 E/B","40TH STREET",164.00,E,N,B,-,Y,,,24,,,,,,E,Y,1,1,0,2,A,-,11,21954,A,N,G,B,E,B,H,-,A,D,0,Y,,,,Y,,N,60,0,0,0,1,0,0,0,0,0,"- ","- ",37.829788208007812,-122.26657867431641,ALAMEDA,OAKLAND,-122.26665496826172,37.829807281494141
91053008,2019,2019-08-15,9335,2019-05-29,0427,021770,,3,3,7,0109,0,1,1,,1,082,"I-80 W/B","CALL BOX AL 80 07",382.00,E,N,A,-,Y,,,80,,,,,,W,Y,1,1,4,2,A,-,03,22350,,N,C,C,A,A,H,-,C,D,0,,,,Y,Y,,F,26,1,0,3,0,0,0,0,0,0,"- ","- ",37.821201324462891,-122.33641815185547,ALAMEDA,OAKLAND,-122.33641815185547,37.821178436279297
91053232,2019,2019-08-16,9345,2019-08-13,0915,022312,,2,1,6,0105,0,1,1,,2,070,"I-880 S/B (NIMITZ FREEWAY)","STEVENSON BLVD",200.00,S,N,A,-,Y,,,880,,,,,,S,Y,2,0,1,2,A,-,03,22350,,N,C,C,A,A,H,-,A,D,0,,,Y,,Y,,C,02,1,0,0,0,0,0,0,0,1,"- ","- ",37.521160125732422,-121.98513793945312,ALAMEDA,FREMONT,-121.98518371582031,37.521076202392578
91054179,2019,2019-08-19,9370,2019-08-08,2301,021519,,4,3,7,0109,0,1,3,,2,024,"SR-24 E/B",BROADWAY,200.00,W,N,A,-,Y,,,,,,,,,,Y,2,0,2,2,A,-,01,23152,A,N,C,C,A,A,H,-,D,D,0,,,,,Y,Y,A,01,1,1,0,0,0,0,0,0,0,"- ","- ",34.847278594970703,-122.2451171875,ALAMEDA,OAKLAND,-122.21781921386719,37.854602813720703
91055796,2019,2019-08-20,9375,2019-08-01,2215,022134,,4,3,9,0100,0,2,4,,1,022,"MEEKLAND AVE","MEDFORD AVE",148.00,N,N,A,-,N,,,,,,,,,,Y,2,0,1,3,A,-,08,22107,,N,B,C,A,A,H,-,C,D,0,,,Y,,Y,,C,02,1,0,0,0,0,0,0,0,1,"- ","- ",37.679950714111328,-122.11296081542969,ALAMEDA,UNINCORPORATED,-122.11293029785156,37.679950714111328
91056468,2019,2019-08-21,9375,2019-08-07,0700,020911,,3,1,9,0100,0,1,1,,2,581,"I-580 E/B","REDWOOD ROAD",450.00,E,N,A,-,Y,,,580,,,,,,E,N,2,0,1,1,D,-,00,,,N,B,J,A,A,H,-,A,D,0,,,,,Y,,-,"- ",1,0,0,0,0,0,0,0,0,"- ","- ",37.691349029541016,-122.06700897216797,ALAMEDA,UNINCORPORATED,-122.06700134277344,37.691307067871094
91056597,2019,2019-08-21,9370,2019-07-01,1735,022098,,1,2,7,0109,0,1,3,,2,013,"SR-13 N/B (WARREN FREEWAY)","CALAVERAS AVENUE",835.00,S,N,A,-,Y,,,,,,,,,,Y,1,1,1,1,A,-,08,22107,,N,E,I,A,A,H,-,A,D,0,,,,,Y,,A,01,1,0,0,0,0,0,0,0,0,"- ","- ",37.783069610595703,-122.17611694335938,ALAMEDA,OAKLAND,,
91056969,2019,2019-08-21,9375,2019-08-11,1955,022116,,7,2,9,0100,0,1,1,,2,581,"I-580 W/B","CASTRO VALLEY BLVD",179.00,E,N,A,-,Y,,,580,,,,,,W,Y,2,0,2,3,A,-,01,23152,A,N,C,C,A,A,H,-,B,D,0,,,,,Y,Y,A,01,1,0,1,0,0,0,0,0,0,"- ","- ",37.690769195556641,-122.09258270263672,ALAMEDA,UNINCORPORATED,-122.09258270263672,37.690784454345703
91057585,2019,2019-08-22,9370,2019-08-19,1425,021299,,1,2,7,0109,0,1,1,,2,055,"I-580 W/B","WEBSTER STREET",220.00,W,N,A,-,Y,,,580,,,,,,W,Y,2,0,1,1,A,-,08,22107,,N,E,I,A,A,H,-,A,D,0,,,,,Y,,A,01,1,0,0,0,0,0,0,0,0,"- ","- ",37.823051452636719,-122.26277160644531,ALAMEDA,OAKLAND,-122.26275634765625,37.823131561279297
91058315,2019,2019-08-23,9335,2019-08-14,0721,014455,,3,1,7,0109,0,1,1,,2,086,"I-80 W/B","W. EDGE OF THE S.B.O.B.B. TOLL PLAZA",80.00,W,N,A,-,Y,,,80,,,,,,W,Y,2,0,1,2,A,-,08,22107,,N,B,C,A,A,H,-,A,B,0,,,,,Y,,A,01,1,0,0,0,0,0,0,0,0,"- ","- ",37.824420928955078,-122.31423950195312,ALAMEDA,OAKLAND,-122.31431579589844,37.824756622314453
91059935,2019,2019-08-27,9370,2019-08-16,1210,020286,,5,1,7,0109,0,1,3,,2,023,"SR-24 W/B","CALDECOTT TUNNEL",100.00,W,N,A,-,Y,,,24,,,,,,W,Y,2,0,1,2,A,-,03,22350,,N,C,C,A,A,H,-,A,D,0,,,Y,,Y,,C,02,1,0,0,0,0,0,0,0,1,"- ","- ",37.854778289794922,-122.21917724609375,ALAMEDA,OAKLAND,-122.21915435791016,37.854686737060547
91062045,2019,2019-10-04,9345,2019-08-22,1120,022320,,4,1,6,0106,0,1,1,,2,072,"I-880 SOUTHBOUND","INDUSTRIAL BOULEVARD",1584.00,N,N,A,-,Y,,,880,,,,,,S,Y,2,0,1,2,A,-,03,22350,,N,C,C,A,A,H,-,A,D,0,,,Y,,Y,,C,02,1,0,0,0,0,0,0,0,1,"- ","- ",37.621868133544922,-122.07753753662109,ALAMEDA,HAYWARD,-122.07765960693359,37.621784210205078
9106576,2020,2020-06-30,0113,2020-03-26,0055,4738,I413,4,5,5,0113,0,0,0,,0,002,"UNION CITY BL","KOHOUTEK WY",125.00,S,N,A,-,N,,,,,,,,,,Y,2,0,1,1,A,-,03,22350,,N,E,I,A,A,H,-,C,A,0,,,,,Y,Y,-,,1,0,0,0,0,0,0,0,0,"- ","- ",,,ALAMEDA,"UNION CITY",-122.08287811279297,37.608150482177734
91066740,2019,2019-09-04,9390,2019-08-28,1940,020357,,3,2,9,0100,0,2,4,,2,440,"MINES RD.","TESLA RD.",10560.00,S,N,A,-,Y,,,,,,,,,,Y,2,0,1,1,A,-,08,22107,,N,E,I,A,A,H,-,A,D,0,,,Y,,Y,,C,02,1,0,0,0,0,0,0,0,1,"- ","- ",37.62738037109375,-121.7044677734375,ALAMEDA,UNINCORPORATED,-121.71530914306641,37.640953063964844
91069145,2019,2019-09-06,9345,2019-08-30,2329,021625,,5,3,9,0100,0,1,1,,2,238,"I-238 NB","HESPERIAN BLVD",165.00,N,N,A,-,Y,,,238,,,,,,N,Y,2,0,1,1,A,-,01,23152,A,N,E,I,A,A,H,-,D,D,0,,,,,Y,Y,A,01,1,0,0,0,0,0,0,0,0,"- ","- ",37.690948486328125,-122.13118743896484,ALAMEDA,UNINCORPORATED,-122.13117980957031,37.690841674804688
9107021,2020,2020-11-25,0108,2020-08-01,1525,12258,,6,5,4,0108,0,0,0,,0,001,"RT 84","RT 880",0.00,,Y,A,-,Y,ALA,4,84,-,R,5.920,H,-,N,Y,2,0,2,2,A,-,03,22350,,N,C,C,A,A,H,-,A,A,0,,,,,Y,,A,01,1,1,0,0,0,0,0,0,0,"- ",SF,37.529659271240234,-122.04023742675781,ALAMEDA,NEWARK,-122.03938293457031,37.562294006347656
91071568,2019,2019-09-10,9370,2019-05-15,2237,021800,,3,3,7,0109,0,1,1,,2,008,"I-80 W/B","POWELL STREET",3500.00,W,N,B,C,Y,,,80,,,,,,W,Y,1,1,4,1,A,-,03,22350,,N,E,I,A,B,H,-,D,D,0,,,,,Y,,A,07,2,1,1,0,0,0,0,0,0,"- ","- ",37.828838348388672,-122.29434204101562,ALAMEDA,OAKLAND,-122.29443359375,37.828910827636719
91075419,2019,2019-09-16,9345,2019-09-14,0140,022312,,6,3,5,0112,0,1,1,,2,075,"I-880 NORTHBOUND (NIMITZ FREEWAY)","DAVIS ST",1056.00,N,N,A,-,Y,,,880,,,,,,N,Y,2,0,2,2,A,-,01,23152,A,N,C,C,A,A,H,-,D,D,0,,,,,Y,Y,A,01,1,1,0,0,0,0,0,0,0,"- ","- ",37.722019195556641,-122.17942047119141,ALAMEDA,"SAN LEANDRO",-122.17945098876953,37.721992492675781
91076929,2019,2019-09-18,9370,2019-09-08,0328,021803,,7,3,7,0109,0,1,1,,2,054,"I-580 W/B","GRAND AVENUE",500.00,W,N,A,-,Y,,,,,,,,,,Y,2,0,1,1,A,-,01,23152,A,N,F,I,A,A,H,-,C,D,0,,,,,Y,Y,A,01,1,0,0,0,0,0,0,0,0,"- ","- ",37.484409332275391,-122.150390625,ALAMEDA,OAKLAND,-122.24976348876953,37.8114013671875
91079209,2019,2019-09-20,9345,2019-09-09,1040,021968,,1,1,6,0106,0,1,1,,2,073,"I-880 SOUTHBOUND TO TENNYSON RD WEST","TENNYSON ROAD",20.00,N,N,A,-,Y,,,880,,,,R,,S,N,2,0,1,2,A,-,03,22350,,N,G,B,C,A,H,-,A,D,0,Y,,,,Y,,A,01,1,0,0,0,1,0,0,0,0,"- ","- ",37.631740570068359,-122.08734130859375,ALAMEDA,HAYWARD,-122.08734130859375,37.631740570068359
91081162,2019,2019-09-24,9370,2019-09-10,1630,020657,,2,2,7,0109,0,1,3,,2,025,"SR-24 E/B","COLLEGE AVE",250.00,W,N,A,-,Y,,,24,,,,,,E,Y,2,0,1,4,A,-,03,22350,,N,C,C,A,A,H,-,A,D,0,,,Y,,Y,,C,02,1,0,0,0,0,0,0,0,1,"- ","- ",37.844058990478516,-122.25260162353516,ALAMEDA,OAKLAND,-122.25260162353516,37.84405517578125
91083007,2019,2019-09-25,9375,2019-09-16,1035,019329,,1,1,9,0100,0,2,4,,1,045,"CROW CANYON RD","COLD WATER DR",5808.00,N,N,B,-,N,,,,,,,,,,Y,2,0,3,2,A,-,08,22107,,N,E,I,A,B,H,-,A,D,0,,,,,Y,,A,01,2,1,0,0,0,0,0,0,0,"- ","- ",37.716018676757812,-122.03978729248047,ALAMEDA,UNINCORPORATED,-122.03746795654297,37.721717834472656
91083718,2019,2019-09-26,9390,2019-09-16,1115,020987,,1,1,5,0111,0,1,1,,2,051,"I-580 EASTBOUND","SANTA RITA ROAD",975.00,W,N,A,-,Y,,,580,,,,,,E,Y,2,0,1,3,A,-,03,22350,,N,C,C,A,A,H,-,A,D,0,,,,Y,Y,,G,25,1,0,0,0,0,0,0,0,0,"- ","- ",37.701198577880859,-121.87560272216797,ALAMEDA,PLEASANTON,-121.87559509277344,37.701362609863281
91083959,2019,2019-09-26,9370,2019-09-20,0810,020286,,5,1,7,0109,0,1,1,,2,055,"I-580 E/B TO SR-24 E/B","MARKET ST.",30.00,E,N,A,-,Y,,,580,,,,R,,E,Y,2,0,2,2,A,-,08,22107,,N,E,I,A,A,H,-,A,A,0,,,Y,,Y,,A,07,1,1,0,0,0,0,0,0,1,"- ","- ",37.825698852539062,-122.27496337890625,ALAMEDA,OAKLAND,-122.27496337890625,37.825698852539062
91086500,2019,2019-09-30,9390,2019-09-19,0720,017934,,4,1,9,0100,0,1,1,,2,050,"I-580 WESTBOUND","SAN RAMON ROAD",5280.00,W,N,A,-,Y,,,580,,,,,,W,Y,2,0,3,2,A,-,03,22350,,N,C,C,A,A,H,-,A,D,0,,,,,Y,,A,08,2,1,0,0,0,0,0,0,0,"- ","- ",37.698539733886719,-121.95297241210938,ALAMEDA,UNINCORPORATED,-121.95297241210938,37.698600769042969
91087125,2019,2019-09-30,9390,2019-09-20,0700,020395,,5,1,9,0100,0,1,3,,1,223,"PLEASANTON-SUNOL ROAD","VERONA ROAD",2640.00,S,N,A,-,N,,,,,,,,,,N,2,0,3,3,A,-,03,22350,,N,E,J,A,A,H,-,A,D,0,,Y,,,Y,,L,04,1,1,1,0,0,0,3,0,0,"- ","- ",37.618648529052734,-121.8795166015625,ALAMEDA,UNINCORPORATED,-121.8800048828125,37.619701385498047
91087457,2019,2019-12-10,9390,2019-09-21,0015,022215,,6,3,9,0100,0,1,1,,2,066,"I-680 NORTHBOUND","SR-84 / NILES CANYON ROAD",528.00,N,N,A,-,Y,,,680,,,,,,N,Y,2,0,2,1,A,-,08,22107,,N,F,I,A,A,D,-,D,D,0,,,,,Y,,A,01,1,0,1,0,0,0,0,0,0,"- ","- ",37.598148345947266,-121.87323760986328,ALAMEDA,UNINCORPORATED,-121.87330627441406,37.598152160644531
91088885,2019,2019-10-02,9345,2019-02-19,1050,020622,,2,1,5,0112,0,1,1,,2,075,"I-880 SOUTHBOUND (NIMITZ FREEWAY)","FLORESTA BOULEVARD",658.00,N,N,A,-,Y,,,880,,,,,,S,Y,1,1,1,2,A,-,08,22107,,N,D,C,A,A,H,-,A,D,0,,,,Y,Y,,A,01,0,0,1,0,0,0,0,0,0,"- ","- ",37.698768615722656,-122.14984893798828,ALAMEDA,"SAN LEANDRO",-122.14987945556641,37.698722839355469
91089731,2019,2019-10-03,9345,2019-09-23,0545,021968,,1,3,6,0106,0,1,1,,2,073,"I-880 NORTHBOUND TO SR-92",SR-92,1050.00,S,N,A,-,Y,,,880,,,,R,,N,Y,2,0,1,3,A,-,03,22350,,N,C,C,A,A,H,-,D,D,0,,,,,Y,,D,22,1,0,0,0,0,0,0,0,0,"- ","- ",37.641139984130859,-122.09087371826172,ALAMEDA,HAYWARD,-122.09087371826172,37.641139984130859
91091402,2019,2019-10-07,9375,2019-09-26,1435,021454,,4,2,9,0100,0,1,1,,2,581,"I-580 E/B","REDWOOD RD",150.00,W,N,A,-,Y,,,580,,,,,,E,Y,2,0,1,3,A,-,07,21658,A,N,B,C,A,A,H,-,A,D,0,,,Y,,Y,,A,01,1,0,0,0,0,0,0,0,1,"- ","- ",37.690639495849609,-122.07408142089844,ALAMEDA,UNINCORPORATED,-122.07408142089844,37.690570831298828
91094437,2019,2019-10-10,9390,2019-07-19,1735,018869,,5,2,9,0100,0,1,1,,2,065,"I680 NORTHBOUND","ANDRADE ROAD",3050.00,N,N,A,-,Y,,,,,,,,,,Y,1,1,0,2,A,-,03,22350,,N,F,A,A,A,D,E,A,D,0,,,Y,Y,Y,,C,02,0,0,0,0,0,0,0,1,0,"- ","- ",37.579170227050781,-121.87621307373047,ALAMEDA,UNINCORPORATED,-121.87654876708984,37.578838348388672
91095968,2019,2019-10-14,9335,2019-10-03,0120,021284,,4,3,7,0109,0,1,1,,2,084,"I-80 E/B","SFOBB METERING LIGHTS",552.00,W,N,A,-,Y,,,80,,,,,,E,Y,2,0,2,1,A,-,01,23152,A,N,E,I,A,A,H,-,C,D,0,,,,,Y,Y,A,01,1,1,0,0,0,0,0,0,0,"- ","- ",37.822750091552734,-122.31889343261719,ALAMEDA,OAKLAND,-122.31892395019531,37.82293701171875
91097360,2019,2019-10-15,9345,2019-10-02,1725,021292,,3,2,5,0113,0,1,1,,2,072,"I-880 N/B (NIMITZ FREEWAY)","ALVARADO NILES RD",2640.00,S,N,A,-,Y,,,880,,,,,,N,Y,2,0,1,2,A,-,07,21658,A,F,F,A,A,A,H,-,A,D,0,,,Y,,Y,,A,07,1,0,0,0,0,0,0,0,1,"- ","- ",37.59088134765625,-122.05529022216797,ALAMEDA,"UNION CITY",-122.05518341064453,37.590957641601562
91097377,2019,2019-10-15,9345,2019-10-05,1525,021379,,6,2,5,0112,0,1,1,,2,075,"I-880 S/B FROM DAVIS ST E/B","DAVIS ST",200.00,S,N,A,-,Y,,,880,,,,R,,S,Y,2,0,2,1,A,-,08,22107,,N,B,I,A,A,H,-,A,D,0,,,,,Y,,A,01,1,0,1,0,0,0,0,0,0,"- ","- ",37.718639373779297,-122.17668914794922,ALAMEDA,"SAN LEANDRO",-122.17668914794922,37.718639373779297
91097611,2019,2019-10-15,9390,2019-10-06,1030,020013,,7,1,9,0100,0,2,4,,2,441,"TESLA ROAD (15000 BLOCK)","EAGLES RUN ROAD",5280.00,E,N,A,-,Y,,,,,,,,,,N,2,0,2,3,A,-,05,21460,A,N,B,G,A,A,H,-,A,D,0,,Y,,,Y,,L,04,2,0,0,0,0,0,2,0,0,"- ","- ",37.651401519775391,-121.61380004882812,ALAMEDA,UNINCORPORATED,-121.61480712890625,37.651214599609375
91098375,2019,2019-10-16,9345,2019-10-06,1950,022236,,7,2,6,0105,0,1,1,,2,071,"I-880 S/B (NIMITZ FREEWAY","CENTRAL AVE",1056.00,S,N,A,-,Y,,,880,,,,,,S,Y,2,0,1,2,A,-,01,23152,A,N,C,C,A,A,H,-,C,D,0,,,Y,,Y,Y,C,02,1,0,0,0,0,0,0,0,1,"- ","- ",37.538108825683594,-122.01645660400391,ALAMEDA,FREMONT,-122.01651763916016,37.538055419921875
91107130,2019,2019-10-25,9375,2019-10-15,1715,022134,,2,2,9,0100,0,2,4,,1,042,"REDWOOD ROAD","BERDINA ROAD",4.00,S,N,A,-,N,,,,,,,,,,N,2,0,1,2,A,-,10,21950,,N,G,B,B,A,H,-,A,A,0,Y,,,,Y,,D,22,1,0,0,0,1,0,0,0,0,"- ","- ",37.701240539550781,-122.07405090332031,ALAMEDA,UNINCORPORATED,-122.07403564453125,37.701297760009766
91108106,2019,2019-10-28,9375,2019-10-16,1937,022116,,3,2,9,0100,0,2,4,,2,035,"LAKE CHABOT RD","CONGRESS WAY",462.00,N,N,A,-,N,,,,,,,,,,Y,2,0,1,2,A,-,03,22350,,N,F,A,A,A,H,-,C,D,0,,,Y,,Y,,C,02,1,0,0,0,0,0,0,0,1,"- ","- ",37.696979522705078,-122.08696746826172,ALAMEDA,UNINCORPORATED,-122.08688354492188,37.696880340576172
91109192,2019,2019-10-29,9375,2019-10-18,1920,022134,,5,2,9,0100,0,2,4,,1,040,"GROVE WAY","QUEEN ST",5.00,W,N,A,-,N,,,,,,,,,,Y,2,0,1,2,A,-,09,21802,B,N,D,C,A,A,H,-,B,A,0,,,Y,,Y,,A,01,1,0,0,0,0,0,0,0,1,"- ","- ",37.68743896484375,-122.06720733642578,ALAMEDA,UNINCORPORATED,-122.06742095947266,37.687324523925781
91109378,2019,2019-10-29,9375,2019-10-24,1809,022134,,4,2,9,0100,0,3,5,,2,004,"REDWOOD ROAD","PINEHURST ROAD",1000.00,S,N,A,-,N,,,,,,,,,,Y,2,0,1,1,A,-,03,22350,,N,F,A,A,A,B,-,B,D,0,,,Y,,Y,,C,02,1,0,0,0,0,0,0,0,1,"- ","- ",37.79669189453125,-122.13777160644531,ALAMEDA,UNINCORPORATED,-122.13813781738281,37.796840667724609