CASE_ID,ACCIDENT_YEAR,PROC_DATE,JURIS,COLLISION_DATE,COLLISION_TIME,OFFICER_ID,REPORTING_DISTRICT,DAY_OF_WEEK,CHP_SHIFT,POPULATION,CNTY_CITY_LOC,SPECIAL_COND,BEAT_TYPE,CHP_BEAT_TYPE,CITY_DIVISION_LAPD,CHP_BEAT_CLASS,BEAT_NUMBER,PRIMARY_RD,SECONDARY_RD,DISTANCE,DIRECTION,INTERSECTION,WEATHER_1,WEATHER_2,STATE_HWY_IND,CALTRANS_COUNTY,CALTRANS_DISTRICT,STATE_ROUTE,ROUTE_SUFFIX,POSTMILE_PREFIX,POSTMILE,LOCATION_TYPE,RAMP_INTERSECTION,SIDE_OF_HWY,TOW_AWAY,COLLISION_SEVERITY,NUMBER_KILLED,NUMBER_INJURED,PARTY_COUNT,PRIMARY_COLL_FACTOR,PCF_CODE_OF_VIOL,PCF_VIOL_CATEGORY,PCF_VIOLATION,PCF_VIOL_SUBSECTION,HIT_AND_RUN,TYPE_OF_COLLISION,MVIW,PED_ACTION,ROAD_SURFACE,ROAD_COND_1,ROAD_COND_2,LIGHTING,CONTROL_DEVICE,CHP_ROAD_TYPE,PEDESTRIAN_ACCIDENT,BICYCLE_ACCIDENT,MOTORCYCLE_ACCIDENT,TRUCK_ACCIDENT,NOT_PRIVATE_PROPERTY,ALCOHOL_INVOLVED,STWD_VEHTYPE_AT_FAULT,CHP_VEHTYPE_AT_FAULT,COUNT_SEVERE_INJ,COUNT_VISIBLE_INJ,COUNT_COMPLAINT_PAIN,COUNT_PED_KILLED,COUNT_PED_INJURED,COUNT_BICYCLIST_KILLED,COUNT_BICYCLIST_INJURED,COUNT_MC_KILLED,COUNT_MC_INJURED,PRIMARY_RAMP,SECONDARY_RAMP,LATITUDE,LONGITUDE,COUNTY,CITY,POINT_X,POINT_Y
91111479,2019,2019-11-01,9335,2019-10-23,0230,021957,,3,3,7,0109,0,1,1,,1,082,"I-80 WB","SFOBB METERING LIGHTS",155.00,E,N,A,-,Y,,,80,,,,,,W,Y,2,0,1,1,A,-,08,22107,,N,F,A,A,A,H,-,C,D,0,,,,,Y,,A,01,1,0,0,0,0,0,0,0,0,"- ","- ",37.824359893798828,-122.31681060791016,ALAMEDA,OAKLAND,-122.31678771972656,37.824260711669922
91113181,2019,2019-11-04,9335,2019-10-24,2115,022040,,4,2,7,0109,0,1,1,,2,084,"I-80 E/B","THE SFOBB TOLL PLAZA",6347.00,W,N,A,-,Y,,,80,,,,,,E,Y,2,0,1,1,A,-,01,23152,A,N,E,I,A,A,H,-,C,D,0,,,,,Y,Y,A,01,1,0,0,0,0,0,0,0,0,"- ","- ",37.821029663085938,-122.33529663085938,ALAMEDA,OAKLAND,-122.33528137207031,37.820926666259766
91117035,2019,2019-11-11,9370,2019-11-09,1420,022311,,6,2,7,0109,0,1,1,,2,177,"I-880 N/B TO BROADWAY",BROADWAY,2319.00,S,N,A,-,Y,,,880,,,,R,,N,Y,2,0,1,1,A,-,08,22107,,N,E,I,A,A,H,-,A,D,0,,,Y,,Y,,C,02,1,0,0,0,0,0,0,0,1,"- ","- ",37.795791625976562,-122.26740264892578,ALAMEDA,OAKLAND,-122.26740264892578,37.795791625976562
91124693,2019,2019-11-20,9390,2019-11-12,1550,019156,,2,2,5,0107,0,1,1,,2,053,"I-580 E/B","GREENVILLE ROAD",500.00,E,N,A,-,Y,,,580,,,,,,E,Y,2,0,1,3,A,-,03,22350,,N,B,C,A,A,H,-,A,D,0,,,Y,,Y,,C,02,1,0,0,0,0,0,0,0,1,"- ","- ",37.718109130859375,-121.69892120361328,ALAMEDA,LIVERMORE,-121.69890594482422,37.718044281005859
91126068,2019,2019-11-21,9370,2019-11-11,0704,022358,,1,1,7,0109,0,1,1,,2,054,"I-580 E/B","HARRISON ST",1230.00,W,N,A,-,Y,,,580,,,,,,E,Y,2,0,1,3,A,-,03,22350,,N,E,J,A,A,H,-,A,D,0,,,,,Y,,A,01,1,0,0,0,0,0,0,0,0,"- ","- ",37.821319580078125,-122.25807189941406,ALAMEDA,OAKLAND,-122.258056640625,37.821353912353516
91127253,2019,2019-11-22,9345,2019-11-14,0030,022238,,4,3,6,0105,0,1,1,,2,071,"I-880 SOUTHBOUND (NIMITZ FREEWAY)","PASEO PADRE PARKWAY",500.00,S,N,A,-,Y,,,880,,,,,,S,Y,2,0,2,1,A,-,01,23152,F,N,E,I,A,A,H,-,D,D,0,,,,,Y,,A,01,1,0,1,0,0,0,0,0,0,"- ","- ",37.568351745605469,-122.04395294189453,ALAMEDA,FREMONT,-122.04388427734375,37.568408966064453
91131643,2019,2019-11-28,9345,2019-11-18,1800,022389,,1,2,6,0105,0,1,1,,2,070,"I-880 N/B (NIMITZ FREEWAY)","WARREN AVENUE",1056.00,S,N,A,-,Y,,,880,,,,,,N,Y,2,0,1,2,A,-,07,21658,A,N,B,C,A,A,H,-,D,D,0,,,Y,,Y,,A,01,1,0,0,0,0,0,0,0,1,"- ","- ",37.474010467529297,-121.93144989013672,ALAMEDA,FREMONT,-121.93138122558594,37.474044799804688
91133105,2019,2019-12-02,9345,2019-11-20,0630,022422,,3,1,6,0106,0,1,1,,2,073,"I-880 S/B (NIMITZ FREEWAY)",SR-92,100.00,S,N,A,-,Y,,,880,,,,,,S,Y,2,0,1,2,A,-,03,22350,,N,C,C,A,A,H,-,B,D,0,,,Y,,Y,,C,02,1,0,0,0,0,0,0,0,1,"- ","- ",37.643409729003906,-122.09291076660156,ALAMEDA,HAYWARD,-122.09300994873047,37.643344879150391
91134672,2019,2019-12-03,9375,2019-11-21,0310,022229,,4,3,9,0100,0,2,4,,1,012,"HESPERIAN BLVD","GRANT AVE",0.00,,Y,A,-,N,,,,,,,,,,Y,2,0,1,2,A,-,12,21453,A,N,D,C,A,A,H,-,C,A,0,,,,Y,Y,Y,A,01,1,0,0,0,0,0,0,0,0,"- ","- ",37.682819366455078,-122.12882232666016,ALAMEDA,UNINCORPORATED,-122.12905883789062,37.682781219482422
91134827,2019,2019-12-03,9370,2019-11-23,0529,021766,,6,3,7,0109,0,1,1,,2,054,"I-580 E/B","HARRISON ST",40.00,W,N,A,-,Y,,,580,,,,,,E,Y,2,0,2,2,A,-,01,23152,F,N,A,C,A,A,H,-,C,A,0,,,,,Y,,A,01,2,0,0,0,0,0,0,0,0,"- ","- ",37.819610595703125,-122.25480651855469,ALAMEDA,OAKLAND,-122.25482177734375,37.819587707519531
91136628,2019,2019-12-05,9370,2019-11-25,0730,019737,,1,1,7,0109,0,1,1,,2,176,"I-880 S/B","FRUITVALE AVE",825.00,S,N,A,-,Y,,,880,,,,,,S,Y,2,0,1,4,A,-,03,22350,,N,C,C,A,A,H,-,A,D,0,,,,,Y,,A,01,1,0,0,0,0,0,0,0,0,"- ","- ",37.772300720214844,-122.22531127929688,ALAMEDA,OAKLAND,-122.22533416748047,37.772212982177734
91138665,2019,2019-12-10,9345,2019-12-08,0146,021797,,7,3,5,0112,0,1,1,,2,075,"I-880 SOUTHBOUND (NIMITZ FREEWAY)","DAVIS STREET",700.00,N,N,C,-,Y,,,880,,,,,,S,Y,2,0,1,3,A,-,01,23152,A,N,E,J,A,B,H,-,C,D,0,,,,,Y,Y,A,01,1,0,0,0,0,0,0,0,0,"- ","- ",37.720951080322266,-122.17868041992188,ALAMEDA,"SAN LEANDRO",-122.17874145507812,37.72088623046875
91145815,2019,2020-01-13,9375,2019-12-10,1739,019204,,2,2,9,0100,0,2,4,,1,042,"REDWOOD ROAD","LORENA AVENUE",7.00,S,N,B,C,N,,,,,,,,,,N,2,0,1,3,A,-,10,21950,A,N,G,B,B,B,H,-,C,A,0,Y,,,,Y,,A,01,1,0,0,0,1,0,0,0,0,"- ","- ",37.700111389160156,-122.07402038574219,ALAMEDA,UNINCORPORATED,-122.07398986816406,37.700160980224609
9114604,2020,2020-08-25,0109,2020-05-30,2012,9591,2,6,5,7,0109,0,0,0,,0,30X,"MACARTHUR BL","77TH AV",16.00,W,N,A,-,N,,,,,,,,,,Y,2,0,1,2,A,-,08,22107,,F,B,E,A,A,H,-,A,D,0,,,,,Y,,A,07,1,0,0,0,0,0,0,0,0,"- ","- ",,,ALAMEDA,OAKLAND,-122.16920471191406,37.767177581787109
9114620,2020,2020-08-25,0109,2020-05-09,1707,9582,2,6,5,7,0109,0,0,0,,0,30Y,"CHURCH ST","FOOTHILL BL",40.00,N,N,A,-,N,,,,,,,,,,N,2,0,1,2,A,-,03,22350,,N,G,B,D,A,H,-,A,D,0,Y,,,,Y,,A,01,1,0,0,0,1,0,0,0,0,"- ","- ",,,ALAMEDA,OAKLAND,-122.17740631103516,37.769840240478516
91147170,2019,2019-12-19,9345,2019-12-06,1315,022352,,5,1,4,0108,0,1,3,,1,184,"SR-84 SOUTHBOUND","KGO BUILDING",100.00,S,N,B,-,Y,,,,,,,,,,Y,2,0,1,1,C,-,18,,,N,E,I,A,A,H,-,A,D,0,,,,,Y,,-,"- ",1,0,0,0,0,0,0,0,0,"- ","- ",37.525199890136719,-122.09929656982422,ALAMEDA,NEWARK,,
91148836,2019,2019-12-20,9375,2019-12-12,1509,019204,,4,2,9,0100,0,3,5,,2,001,"LORENZO AVE","GRANT AVE.",199.00,N,N,B,C,N,,,,,,,,,,N,2,0,1,2,A,-,11,21954,A,N,G,B,D,A,H,-,A,D,0,Y,,,,Y,,N,60,1,0,0,0,1,0,0,0,0,"- ","- ",37.680019378662109,-122.13771820068359,ALAMEDA,UNINCORPORATED,-122.1376953125,37.679885864257812
91148928,2019,2019-12-20,9390,2019-12-13,0535,019156,,5,3,9,0100,0,2,4,,2,556,"KELSO ROAD","MOUNTAIN HOUSE ROAD",0.00,,Y,B,-,N,,,,,,,,,,Y,2,0,1,2,A,-,12,22450,A,N,D,C,A,B,H,-,D,A,0,,,,Y,Y,,A,01,1,0,0,0,0,0,0,0,0,"- ","- ",37.794521331787109,-121.57730865478516,ALAMEDA,UNINCORPORATED,-121.57730865478516,37.794769287109375
91150481,2019,2020-05-13,9390,2019-11-07,0512,017095,,4,3,9,0100,0,2,4,,2,222,"PLEASANTON-SUNOL RD. (11000 BLK.)","KOOPMAN ROAD",545.00,S,N,A,-,N,,,,,,,,,,Y,1,1,1,2,A,-,08,22107,,N,A,C,A,A,H,-,D,D,0,,,,,Y,,A,01,1,0,0,0,0,0,0,0,0,"- ","- ",37.599601745605469,-121.87400054931641,ALAMEDA,UNINCORPORATED,-121.87403106689453,37.599662780761719
91152486,2019,2019-12-26,9370,2019-10-12,2205,021937,,6,3,7,0109,0,1,1,,2,176,"I-880 S/B","98TH AVE",725.00,S,N,A,-,Y,,,880,,,,,,S,N,1,1,0,2,A,-,11,21954,A,N,G,B,E,A,H,-,D,D,0,Y,,,Y,Y,,N,60,0,0,0,1,0,0,0,0,0,"- ","- ",37.729938507080078,-122.18714141845703,ALAMEDA,OAKLAND,-122.18724060058594,37.729850769042969
91156245,2019,2019-12-31,9370,2019-09-14,2500,022054,,6,4,6,0103,0,1,1,,2,081,"I-80 E/B","ASHBY AVE",602.00,E,N,A,-,Y,,,80,,,,,,E,N,1,1,0,1,B,-,22,,,N,E,I,A,A,H,-,C,D,0,,Y,,,Y,,L,04,0,0,0,0,0,1,0,0,0,"- ","- ",37.850688934326172,-122.29900360107422,ALAMEDA,BERKELEY,-122.29923248291016,37.850639343261719
91157010,2019,2020-01-01,9345,2019-10-03,2210,021619,,4,3,6,0106,0,1,1,,2,073,"I-880 N/B FROM TENNYSON ROAD W/B","I-880 N/B",210.00,E,N,A,-,Y,,,880,,,,R,,N,Y,1,1,0,2,A,-,00,21960,A,N,G,B,E,A,H,-,D,D,0,Y,,,,Y,Y,N,60,0,0,0,1,0,0,0,0,0,"- ","- ",37.632728576660156,-122.08390808105469,ALAMEDA,HAYWARD,-122.08390808105469,37.632728576660156
91158222,2019,2020-01-02,9370,2019-10-23,1613,021913,,3,2,7,0109,0,1,1,,2,177,"I-880 S/B","5TH AVE",1240.00,N,N,A,-,Y,,,880,,,,,,S,Y,1,1,0,3,A,-,07,21658,A,N,B,C,A,A,H,-,A,D,0,,,Y,,Y,,A,01,0,0,0,0,0,0,0,1,0,"- ","- ",37.792789459228516,-122.26316070556641,ALAMEDA,OAKLAND,-122.26314544677734,37.792808532714844
91159545,2020,2020-01-06,9370,2020-01-02,1105,018499,,4,1,7,0109,0,1,1,,2,052,"I-580 W/B","FOOTHILL BLVD",560.00,E,N,A,-,Y,,,580,,,,,,W,Y,2,0,3,2,A,-,03,22350,,N,C,C,A,A,H,-,A,D,0,,,,,Y,,A,01,1,0,2,0,0,0,0,0,0,"- ","- ",37.735870361328125,-122.139892578125,ALAMEDA,OAKLAND,-122.13996887207031,37.735851287841797
91160662,2019,2020-01-09,9370,2019-12-31,0616,019737,,2,1,7,0109,0,1,1,,2,178,"I-880 N/B TO I-80 W/B","MARITIME ST",360.00,S,N,A,-,Y,,,,,,,,,,Y,2,0,1,1,A,-,08,22107,,N,F,A,A,B,H,-,D,D,0,,,Y,,Y,,C,02,1,0,0,0,0,0,0,0,1,"- ","- ",37.822238922119141,-122.29920196533203,ALAMEDA,OAKLAND,,
9116250,2020,2020-07-06,0106,2020-01-31,2139,403,,5,5,6,0106,0,0,0,,0,00D,"CLAWITER RD","INDUSTRIAL BL",60.00,W,N,A,-,N,,,,,,,,,,Y,2,0,1,1,A,-,03,22350,,N,E,I,A,A,H,-,C,D,0,,,Y,,Y,,C,02,1,0,0,0,0,0,0,0,1,"- ","- ",37.640888214111328,-122.11945343017578,ALAMEDA,HAYWARD,-122.11962127685547,37.640846252441406
91164365,2020,2020-01-13,9390,2020-01-05,1816,022198,,7,2,9,0100,0,1,3,,1,223,"SR-84 / NILES CANYON ROAD","PALOMARES RD",850.00,E,N,A,-,Y,,,84,,,,,,,Y,2,0,1,1,A,-,03,22350,,N,E,H,A,A,H,-,A,D,0,,,Y,,Y,,C,02,1,0,0,0,0,0,0,0,1,"- ","- ",37.59783935546875,-121.94271850585938,ALAMEDA,UNINCORPORATED,-121.94274139404297,37.597900390625
91165889,2020,2020-01-15,9370,2020-01-12,0631,021766,,7,1,7,0109,0,1,1,,2,008,"I-80 E/B","I-880 N/B",2490.00,E,N,A,-,Y,,,80,,,,,,E,Y,2,0,4,2,A,-,01,23152,A,N,E,I,A,A,H,-,C,A,0,,,,,Y,Y,A,01,2,1,1,0,0,0,0,0,0,"- ","- ",37.826869964599609,-122.29680633544922,ALAMEDA,OAKLAND,-122.29682922363281,37.826953887939453
91166524,2020,2020-01-16,9345,2020-01-08,2134,021220,,3,2,9,0100,0,1,1,,2,238,"I-238 S/B TO I-580 W/B","CASTRO VALLEY BOULEVARD",207.00,N,N,B,-,Y,,,238,,,,R,,S,Y,2,0,2,1,A,-,03,22350,,N,E,I,A,A,H,-,D,D,0,,,,,Y,,A,01,1,0,1,0,0,0,0,0,0,"- ","- ",37.689540863037109,-122.09555816650391,ALAMEDA,UNINCORPORATED,-122.09555816650391,37.689540863037109
91171379,2020,2020-01-23,9390,2020-01-16,1053,020368,,4,1,9,0100,0,1,1,,2,065,"I-680 NORTHBOUND","SHERIDAN ROAD",2112.00,N,N,B,C,Y,,,680,,,,,,N,Y,2,0,1,3,A,-,03,22350,,F,F,A,A,B,D,-,A,D,0,,,Y,,Y,,C,02,1,0,0,0,0,0,0,0,1,"- ","- ",37.566738128662109,-121.89833068847656,ALAMEDA,UNINCORPORATED,-121.89836883544922,37.566814422607422
91176226,2020,2020-01-29,9375,2020-01-21,1320,019329,,2,1,9,0100,0,3,5,,2,004,"VEGAS AVE","IDENA AVE",5.00,W,N,B,-,N,,,,,,,,,,Y,2,0,1,2,A,-,08,22107,,N,E,I,A,B,H,-,A,D,0,,,,,Y,,D,22,1,0,0,0,0,0,0,0,0,"- ","- ",37.689731597900391,-122.07058715820312,ALAMEDA,UNINCORPORATED,-122.07048034667969,37.689628601074219
91178437,2020,2020-02-03,9375,2020-01-23,2101,022018,,4,2,9,0100,0,3,5,,2,002,"GROVE WAY","WESTERN BLVD",310.00,W,N,B,-,N,,,,,,,,,,N,2,0,1,1,A,-,17,21200,,N,F,G,A,A,H,-,D,D,0,,Y,,,Y,Y,L,04,1,0,0,0,0,0,1,0,0,"- ","- ",37.677501678466797,-122.10050201416016,ALAMEDA,UNINCORPORATED,-122.10031890869141,37.677536010742188
91178710,2020,2020-02-03,9345,2020-01-25,1315,021993,,6,1,6,0106,0,1,1,,2,072,"I-880 N/B","WHIPPLE RD",2112.00,N,N,A,-,Y,,,880,,,,,,N,Y,2,0,1,2,A,-,07,21658,A,N,B,C,A,A,H,-,A,D,0,,,Y,,Y,,D,22,1,0,0,0,0,0,0,0,1,"- ","- ",37.610988616943359,-122.06964874267578,ALAMEDA,HAYWARD,-122.06953430175781,37.611076354980469
9117892,2020,2020-11-12,0103,2020-05-22,1414,93,40,5,5,6,0103,0,0,0,,0,011,"ASHBY AV","MABEL ST",0.00,,Y,A,-,Y,ALA,4,13,-,-,13.030,H,-,S,Y,2,0,3,2,A,-,03,22350,,N,C,C,A,A,H,-,A,A,0,,,,,Y,,A,01,1,2,0,0,0,0,0,0,0,"- ","- ",,,ALAMEDA,BERKELEY,-122.28390502929688,37.852718353271484
91180732,2019,2020-02-05,9370,2019-12-25,0524,020941,,3,3,6,0103,0,1,1,,2,081,"I-80 W/B","GILMAN ST",1995.00,E,N,B,C,Y,,,80,,,,,,W,Y,1,1,2,4,A,-,03,22350,,N,B,C,A,B,H,-,C,D,0,,,,,Y,,A,01,0,0,2,0,0,0,0,0,0,"- ","- ",37.883621215820312,-122.30867767333984,ALAMEDA,BERKELEY,-122.30867004394531,37.883621215820312
91184538,2020,2020-02-11,9345,2020-02-06,0845,020316,,4,1,6,0105,0,1,1,,2,070,"I-880 SOUTHBOUND","AUTO MALL PARKWAY",450.00,N,N,A,-,Y,,,880,,,,,,S,Y,2,0,1,3,A,-,07,21658,A,N,B,C,A,A,H,-,A,D,0,,,Y,,Y,,D,22,1,0,0,0,0,0,0,0,1,"- ","- ",37.508319854736328,-121.96874237060547,ALAMEDA,FREMONT,-121.96880340576172,37.508243560791016
91187545,2020,2020-02-17,9390,2020-02-06,0745,018869,,4,1,9,0100,0,1,3,,1,223,"STATE ROUTE 84 (NILES CANYON ROAD)","PALOMARES ROAD",2250.00,E,N,A,-,Y,,,84,,,,,,,Y,2,0,4,3,A,-,05,21460,A,N,A,C,A,A,H,-,A,D,0,,,,,Y,,A,01,2,2,0,0,0,0,0,0,0,"- ","- ",37.598838806152344,-121.93959045410156,ALAMEDA,UNINCORPORATED,-121.93959808349609,37.598823547363281
91198263,2020,2020-02-28,9375,2020-02-25,2350,021471,,2,3,9,0100,0,2,4,,2,035,"LAKE CHABOT RD","CONGRESS WAY",290.00,N,N,B,-,N,,,,,,,,,,N,2,0,1,2,A,-,11,21954,A,N,G,B,D,A,H,-,C,D,0,Y,,,,Y,Y,N,60,1,0,0,0,1,0,0,0,0,"- ","- ",37.696529388427734,-122.08674621582031,ALAMEDA,UNINCORPORATED,-122.08672332763672,37.696430206298828
91202492,2020,2020-03-05,9345,2020-03-02,1535,022201,,1,2,5,0113,0,1,1,,2,072,"I-880 SOUTHBOUND","WHIPPLE ROAD",500.00,N,N,A,-,Y,,,880,,,,,,S,Y,2,0,1,2,A,-,08,22107,,F,B,C,A,A,H,-,A,D,0,,,Y,,Y,,-,99,1,0,0,0,0,0,0,0,1,"- ","- ",37.609371185302734,-122.06861114501953,ALAMEDA,"UNION CITY",-122.0687255859375,37.609287261962891
91205050,2020,2020-03-10,9345,2020-03-04,0855,020622,,3,1,5,0112,0,1,1,,2,075,"I-880 N/B","ALADDIN AVE",640.00,N,N,A,-,Y,,,880,,,,,,N,Y,2,0,1,4,A,-,08,22107,,N,D,C,A,A,H,-,A,D,0,,,Y,,Y,,C,02,1,0,0,0,0,0,0,0,1,"- ","- ",37.707851409912109,-122.16251373291016,ALAMEDA,"SAN LEANDRO",-122.16251373291016,37.707843780517578
91207497,2020,2020-03-13,9330,2020-03-04,2145,022042,,3,2,6,0106,0,1,3,,1,037,"SR-92 EB","SUB STATION 7",2640.00,W,N,A,-,Y,,,92,,,,,,E,Y,2,0,1,2,A,-,03,22350,,N,C,C,A,A,H,-,C,D,0,,,Y,,Y,,C,02,1,0,0,0,0,0,0,0,1,"- ","- ",37.611000061035156,-122.17494201660156,ALAMEDA,HAYWARD,-122.17493438720703,37.610980987548828
91212488,2020,2020-03-20,9370,2020-02-07,1937,021357,,5,2,7,0109,0,1,1,,2,176,"I-880 N/B","66TH AVE",1632.00,N,N,E,-,Y,,,,,,,,,,N,1,1,0,2,C,-,18,,,F,G,B,E,A,H,-,D,D,0,Y,,,,Y,,-,"- ",0,0,0,1,0,0,0,0,0,"- ","- ",37.452770233154297,-122.12403869628906,ALAMEDA,OAKLAND,-122.21121215820312,37.75762939453125
9121265,2020,2020-08-18,0106,2020-05-03,1846,483,,7,5,6,0106,0,0,0,,0,00C,"WHITMAN ST","SYCAMORE AV",0.00,,Y,A,-,N,,,,,,,,,,Y,2,0,1,1,A,-,03,22350,,N,E,I,A,A,H,-,-,D,0,,,,,Y,,A,01,1,0,0,0,0,0,0,0,0,"- ","- ",,,ALAMEDA,HAYWARD,-122.07930755615234,37.661941528320312
9121830,2020,2020-08-11,0106,2020-03-16,2010,302,,1,5,6,0106,0,0,0,,0,00J,"A ST",PRINCETON,47.00,W,N,A,-,N,,,,,,,,,,Y,2,0,1,2,A,-,12,21453,A,F,G,B,B,A,H,-,C,A,0,Y,,,,Y,Y,A,01,1,0,0,0,1,0,0,0,0,"- ","- ",,,ALAMEDA,HAYWARD,-122.09677886962891,37.668167114257812
91218387,2020,2020-03-30,9375,2020-03-24,0510,019575,,2,3,5,0112,0,1,1,,2,580,"I-580 E/B","150TH AVENUE",111.00,W,N,A,-,Y,,,580,,,,,,E,Y,2,0,1,1,A,-,01,23152,F,N,E,I,A,A,H,-,C,D,0,,,,,Y,,A,01,1,0,0,0,0,0,0,0,0,"- ","- ",37.709861755371094,-122.12481689453125,ALAMEDA,"SAN LEANDRO",-122.12477111816406,37.709934234619141
91218614,2020,2020-03-30,9390,2020-03-22,1735,020801,,7,2,9,0100,0,3,5,,2,400,"DEL VALLE ROAD (1300 BLOCK)","MINES ROAD",422.00,S,N,A,-,N,,,,,,,,,,Y,2,0,1,1,A,-,08,22107,,N,E,I,A,A,H,-,A,D,0,,,Y,,Y,,C,02,1,0,0,0,0,0,0,0,1,"- ","- ",37.612140655517578,-121.69663238525391,ALAMEDA,UNINCORPORATED,-121.70252990722656,37.620975494384766
91220659,2020,2020-04-06,9370,2020-03-30,0105,022299,,1,3,7,0109,0,1,1,,2,052,"I-580 W/B","KELLER AVE",477.00,E,N,A,-,Y,,,580,,,,,,W,Y,2,0,2,1,A,-,08,22107,,N,E,I,A,A,H,-,D,D,0,,,,,Y,,A,07,1,0,1,0,0,0,0,0,0,"- ","- ",37.770870208740234,-122.15531921386719,ALAMEDA,OAKLAND,-122.15524291992188,37.77093505859375
91224387,2020,2020-04-13,9370,2020-04-05,0000,022491,,7,3,7,0109,0,1,1,,2,176,"I-880 N/B","FRUITVALE AVENUE",560.00,S,N,B,C,Y,,,880,,,,,,N,Y,2,0,1,2,A,-,01,23152,A,N,C,C,A,B,H,-,D,D,0,,,,,Y,Y,A,07,1,0,0,0,0,0,0,0,0,"- ","- ",37.774471282958984,-122.23150634765625,ALAMEDA,OAKLAND,-122.23150634765625,37.774486541748047
91225672,2020,2020-04-15,9370,2020-02-02,1638,021946,,7,2,7,0109,0,1,1,,2,053,"I-580 W/B","35TH AVENUE",152.00,E,N,A,-,Y,,,580,,,,,,W,Y,1,1,1,1,A,-,08,22107,,N,E,I,A,A,H,-,A,D,0,,,,,Y,,A,07,1,0,0,0,0,0,0,0,0,"- ","- ",37.791889190673828,-122.20276641845703,ALAMEDA,OAKLAND,-122.20285034179688,37.791812896728516
9122640,2020,2020-08-11,0103,2020-05-04,1216,101,,1,5,6,0103,0,0,0,,0,016,UNIVERSITY,"ACTON CIR",0.00,,Y,A,-,N,,,,,,,,,,Y,2,0,1,2,A,-,12,21453,A,N,D,C,A,A,H,-,A,A,0,,,,,Y,Y,A,01,1,0,0,0,0,0,0,0,0,"- ","- ",,,ALAMEDA,BERKELEY,-122.28426361083984,37.87017822265625
91228043,2019,2020-05-13,9390,2019-12-14,0505,019156,,6,3,9,0100,0,2,4,,2,556,"GRANT LINE ROAD","MIDWAY ROAD",752.00,W,N,B,-,N,,,,,,,,,,Y,1,1,2,2,A,-,01,23152,F,N,A,C,A,B,H,-,D,D,0,,,,,Y,,A,07,1,0,1,0,0,0,0,0,0,"- ","- ",37.749500274658203,-121.57866668701172,ALAMEDA,UNINCORPORATED,-121.57853698730469,37.749515533447266
91228316,2020,2020-04-21,9370,2020-04-14,1401,019160,,2,2,7,0109,0,1,3,,2,013,"SR-13 N/B","MORAGA AVE",1190.00,N,N,A,-,Y,,,13,,,,,,N,Y,2,0,2,2,A,-,03,22350,,N,B,C,A,A,H,-,A,D,0,,,Y,,Y,,C,02,2,0,0,0,0,0,0,0,2,"- ","- ",37.835300445556641,-122.21871948242188,ALAMEDA,OAKLAND,-122.21874237060547,37.835285186767578
91229743,2020,2020-04-27,9390,2020-04-16,1207,019156,,4,1,9,0100,0,1,1,,2,054,"I-580 WESTBOUND","GRANT LINE ROAD",10032.00,W,N,A,-,Y,,,580,,,,,,W,Y,2,0,1,2,A,-,03,22350,,N,C,C,A,A,H,-,A,D,0,,,,Y,Y,,G,25,1,0,0,0,0,0,0,0,0,"- ","- ",37.73809814453125,-121.60694122314453,ALAMEDA,UNINCORPORATED,-121.60694122314453,37.738113403320312
91234275,2020,2020-12-14,9345,2020-02-27,0305,022236,,4,3,5,0113,0,1,1,,2,072,"I-880 S/B TO WHIPPLE ROAD","DYER STREET",22.00,S,N,A,-,Y,,,880,,,,R,,S,Y,1,1,1,2,A,-,01,23152,A,N,D,C,A,A,H,-,C,A,0,,,,,Y,Y,A,01,0,1,0,0,0,0,0,0,0,"- ","- ",37.605701446533203,-122.06700134277344,ALAMEDA,"UNION CITY",-122.06700134277344,37.605701446533203
91236985,2020,2020-05-13,9375,2020-05-04,2255,021726,,1,3,9,0100,0,3,5,,2,002,"163RD AVENUE","SR-185 (E.14TH STREET)",18.00,E,N,A,-,Y,,,,,,,,,,Y,2,0,4,1,A,-,08,22107,,N,E,I,A,A,H,-,C,A,0,,,,,Y,,A,01,2,2,0,0,0,0,0,0,0,"- ","- ",37.696090698242188,-122.11521911621094,ALAMEDA,UNINCORPORATED,,
91238785,2020,2020-05-18,9370,2020-05-08,2330,021825,,5,3,7,0109,0,1,3,,2,024,"SR-24 E/B","45TH ST",323.00,E,N,A,-,Y,,,24,,,,,,E,Y,2,0,1,2,B,-,22,,,N,C,C,A,A,H,-,D,D,0,,,,,Y,Y,M,50,1,0,0,0,0,0,0,0,0,"- ","- ",37.834358215332031,-122.26576232910156,ALAMEDA,OAKLAND,-122.2657470703125,37.834358215332031