CASE_ID,ACCIDENT_YEAR,PROC_DATE,JURIS,COLLISION_DATE,COLLISION_TIME,OFFICER_ID,REPORTING_DISTRICT,DAY_OF_WEEK,CHP_SHIFT,POPULATION,CNTY_CITY_LOC,SPECIAL_COND,BEAT_TYPE,CHP_BEAT_TYPE,CITY_DIVISION_LAPD,CHP_BEAT_CLASS,BEAT_NUMBER,PRIMARY_RD,SECONDARY_RD,DISTANCE,DIRECTION,INTERSECTION,WEATHER_1,WEATHER_2,STATE_HWY_IND,CALTRANS_COUNTY,CALTRANS_DISTRICT,STATE_ROUTE,ROUTE_SUFFIX,POSTMILE_PREFIX,POSTMILE,LOCATION_TYPE,RAMP_INTERSECTION,SIDE_OF_HWY,TOW_AWAY,COLLISION_SEVERITY,NUMBER_KILLED,NUMBER_INJURED,PARTY_COUNT,PRIMARY_COLL_FACTOR,PCF_CODE_OF_VIOL,PCF_VIOL_CATEGORY,PCF_VIOLATION,PCF_VIOL_SUBSECTION,HIT_AND_RUN,TYPE_OF_COLLISION,MVIW,PED_ACTION,ROAD_SURFACE,ROAD_COND_1,ROAD_COND_2,LIGHTING,CONTROL_DEVICE,CHP_ROAD_TYPE,PEDESTRIAN_ACCIDENT,BICYCLE_ACCIDENT,MOTORCYCLE_ACCIDENT,TRUCK_ACCIDENT,NOT_PRIVATE_PROPERTY,ALCOHOL_INVOLVED,STWD_VEHTYPE_AT_FAULT,CHP_VEHTYPE_AT_FAULT,COUNT_SEVERE_INJ,COUNT_VISIBLE_INJ,COUNT_COMPLAINT_PAIN,COUNT_PED_KILLED,COUNT_PED_INJURED,COUNT_BICYCLIST_KILLED,COUNT_BICYCLIST_INJURED,COUNT_MC_KILLED,COUNT_MC_INJURED,PRIMARY_RAMP,SECONDARY_RAMP,LATITUDE,LONGITUDE,COUNTY,CITY,POINT_X,POINT_Y
91679890,2022,2022-01-18,9390,2022-01-04,1155,017815,,2,1,9,0100,0,1,3,,2,330,"SR-84 / VALLECITOS ROAD E/B","KALTHOFF COMMON",3696.00,W,N,B,-,Y,ALA,,84,,R,22.495,H,,R,Y,2,0,1,1,A,-,03,22350,,N,E,I,A,A,A,-,A,D,0,,,Y,,Y,,C,02,1,0,0,0,0,0,0,0,1,"- ","- ",37.624309539794922,-121.80776977539062,ALAMEDA,UNINCORPORATED,-121.80781555175781,37.624340057373047
91680136,2022,2022-01-18,9390,2022-01-05,1545,020395,,3,2,9,0100,0,1,1,,2,064,"INTERSTATE 680 (NORTHBOUND)","CALAVERAS ROAD",1320.00,S,N,B,-,Y,ALA,,680,,R,10.593,H,,R,Y,2,0,2,4,A,-,07,21658,A,M,C,2,A,A,H,-,A,D,0,,,Y,Y,Y,Y,C,02,1,1,0,0,0,0,0,0,1,"- ","- ",37.582801818847656,-121.87374877929688,ALAMEDA,UNINCORPORATED,-121.87387084960938,37.582839965820312
91680549,2022,2022-01-19,9375,2022-01-11,0420,020568,,2,3,9,0100,0,1,1,,2,581,"I-580 E/B","STROBRIDGE AVENUE",175.00,E,N,A,-,Y,ALA,,580,,,30.319,H,,L,Y,2,0,2,2,A,-,01,23152,A,F,C,C,A,A,H,-,D,D,0,,,,Y,Y,Y,A,01,2,0,0,0,0,0,0,0,0,"- ","- ",37.690399169921875,-122.08798217773438,ALAMEDA,UNINCORPORATED,-122.08798217773438,37.690483093261719
91680588,2022,2022-01-19,9345,2022-01-10,0945,020911,,1,1,6,0105,0,1,1,,2,071,"I-880 S/B","MOWRY AVENUE",650.00,N,N,A,-,Y,ALA,,880,,,7.314,H,,L,Y,2,0,1,3,A,-,07,21658,A,F,E,I,A,A,H,-,A,D,0,,,Y,,Y,,-,99,1,0,0,0,0,0,0,0,1,"- ","- ",37.530899047851562,-122.00428771972656,ALAMEDA,FREMONT,-122.00436401367188,37.530811309814453
91688644,2021,2022-02-28,9345,2021-04-29,0157,022366,,4,3,9,0100,0,1,1,,2,238,"I-238 N/B TO EAST 14TH STREET","MELODY WAY",230.00,S,N,A,-,Y,,,238,,,,R,,N,Y,1,1,0,1,A,-,03,22350,,N,E,8,A,A,H,-,C,D,0,,,,,Y,,A,01,0,0,0,0,0,0,0,0,0,"- ","- ",37.6893310546875,-122.10787200927734,ALAMEDA,UNINCORPORATED,-122.10787200927734,37.6893310546875
91692556,2022,2022-02-03,9375,2022-01-22,1140,022184,,6,1,9,0100,0,1,1,,2,581,"I-580 E/B","STROBRIDGE AVE",39.00,E,N,A,-,Y,ALA,,580,,,30.350,H,,L,Y,2,0,2,1,A,-,08,22107,,N,F,I,A,A,H,-,A,D,0,,,Y,,Y,,C,02,1,1,0,0,0,0,0,0,2,"- ","- ",37.690509796142578,-122.08853912353516,ALAMEDA,UNINCORPORATED,-122.08853912353516,37.690464019775391
91692607,2022,2022-02-03,9390,2022-01-20,1955,018869,,4,2,4,0198,0,1,1,,2,067,"I680 N/B","AMADOR VALLEY BLVD.",620.00,S,N,A,-,Y,ALA,,680,,R,20.614,H,,R,Y,2,0,1,1,A,-,08,22107,,N,E,I,A,A,H,-,C,D,0,,,Y,,Y,,C,02,1,0,0,0,0,0,0,0,1,"- ","- ",37.708141326904297,-121.92723846435547,ALAMEDA,DUBLIN,-121.92728424072266,37.708118438720703
91693016,2022,2022-02-03,9370,2022-01-23,2330,022611,,7,3,7,0109,0,1,1,,2,177,"I-880 N/B TO EMBARCADERO",EMBARCADERO,170.00,S,N,A,-,Y,ALA,,880,,,30.495,H,,R,Y,2,0,1,1,A,-,01,23152,A,N,E,I,A,A,H,-,D,D,0,,,,,Y,Y,A,01,1,0,0,0,0,0,0,0,0,"- ","- ",37.790130615234375,-122.25839996337891,ALAMEDA,OAKLAND,-122.25841522216797,37.790088653564453
91695931,2022,2022-02-08,9390,2022-02-04,0050,022204,,5,3,9,0100,0,1,1,,2,054,"I-580 WESTBOUND","UNION PACIFIC RAILROAD OVERCROSSING (STONECUT)",3600.00,E,N,A,-,Y,ALA,,580,,R,3.296,H,,R,Y,2,0,1,2,A,-,01,23152,A,N,C,C,A,D,H,-,E,D,0,,,,Y,Y,Y,A,01,1,0,0,0,0,0,0,0,0,"- ","- ",37.736381530761719,-121.61849212646484,ALAMEDA,UNINCORPORATED,-121.61846923828125,37.736312866210938
91699995,2022,2022-02-16,9390,2022-02-01,1915,018869,,2,2,4,0198,0,1,1,,2,067,"I680 S/B","ALCOSTA BLVD.",2600.00,S,N,A,-,Y,ALA,,680,,R,21.384,H,,L,Y,2,0,5,3,A,-,07,21658,A,F,C,C,A,A,H,-,C,D,0,,,,,Y,,-,99,4,1,0,0,0,0,0,0,0,"- ","- ",37.717269897460938,-121.93544769287109,ALAMEDA,DUBLIN,-121.93540191650391,37.717296600341797
91702010,2021,2022-02-16,9390,2021-11-17,2047,020368,,3,2,6,0105,0,1,1,,2,064,"I-680 NORTHBOUND","GRIMMER AVENUE UNDERCROSSING",1056.00,N,N,A,-,Y,,,680,,,,,,N,N,1,1,0,2,A,-,00,21960,A,N,G,B,E,A,H,-,C,D,0,Y,,,,Y,,N,60,0,0,0,1,0,0,0,0,0,"- ","- ",37.506828308105469,-121.93502807617188,ALAMEDA,FREMONT,-121.93504333496094,37.506824493408203
91705009,2022,2022-02-21,9390,2022-02-11,1410,022149,,5,2,9,0100,0,1,1,,2,066,"I-680 SOUTHBOUND","CASTLEWOOD DR.",3700.00,S,N,A,-,Y,,,,,,,,,,N,2,0,2,2,A,-,08,22107,,N,E,I,A,A,H,-,A,D,0,,,,Y,Y,,A,01,2,0,0,0,0,0,0,0,0,"- ","- ",37.623218536376953,-121.88099670410156,ALAMEDA,UNINCORPORATED,-121.88030242919922,37.623252868652344
91705464,2021,2022-02-22,9345,2021-08-07,0250,022548,,6,3,5,0112,0,1,1,,2,075,"NORTHBOUND INTERSTATE 880 TO DAVIS STREET","DAVIS STREET",99.00,S,N,A,-,Y,,,880,,,,R,,,Y,1,1,1,1,A,-,01,23152,A,N,E,I,A,A,F,-,C,D,0,,,,,Y,Y,A,01,1,0,0,0,0,0,0,0,0,"- ","- ",37.718601226806641,-122.175537109375,ALAMEDA,"SAN LEANDRO",-122.175537109375,37.718601226806641
91706629,2021,2022-10-14,9390,2021-12-19,0231,022273,,7,3,5,0111,0,1,1,,2,051,"INTERSTATE 580 EASTBOUND",I-680,30.00,E,N,B,-,Y,,,580,,,,,,E,Y,1,1,1,2,A,-,03,22350,,N,C,C,A,A,H,-,D,D,0,,,,,Y,,A,01,0,1,0,0,0,0,0,0,0,"- ","- ",37.700939178466797,-121.92227172851562,ALAMEDA,PLEASANTON,-121.92227172851562,37.700939178466797
91710539,2022,2022-02-28,9370,2022-02-15,2235,022307,,2,3,6,0103,0,1,1,,2,081,"I-80 WB","ASHBY AVE",200.00,E,N,A,-,Y,,,,,,,,,,Y,2,0,1,2,A,-,03,22350,,N,C,C,A,A,H,-,D,D,0,,,,Y,Y,,A,01,1,0,0,0,0,0,0,0,0,"- ","- ",37.846488952636719,-122.29914855957031,ALAMEDA,BERKELEY,-122.29848480224609,37.846641540527344
91713259,2022,2022-03-02,9345,2022-02-24,1740,021292,,4,2,6,0105,0,1,1,,2,070,"I-880 N/B","AUTO MALL PARKWAY",2640.00,N,N,A,-,Y,ALA,,880,,,5.228,H,,R,Y,2,0,1,2,A,-,06,21755,A,N,B,2,A,A,H,-,A,D,0,,,Y,,Y,,C,02,1,0,0,0,0,0,0,0,1,"- ","- ",37.512741088867188,-121.97393798828125,ALAMEDA,FREMONT,-121.97389221191406,37.512775421142578
91716232,2022,2022-03-07,9390,2022-02-26,0245,022205,,6,3,9,0100,0,1,1,,2,051,"I-580 EASTBOUND","FOOTHILL ROAD",4752.00,W,N,A,-,Y,ALA,,580,,R,22.341,H,,L,Y,2,0,1,1,A,-,01,23152,A,N,F,A,A,A,H,-,C,D,0,,,,,Y,Y,A,01,1,0,0,0,0,0,0,0,0,"- ","- ",37.698238372802734,-121.95175170898438,ALAMEDA,UNINCORPORATED,-121.95175170898438,37.698268890380859
91717831,2022,2022-03-08,9390,2022-02-26,0225,022204,,6,3,6,0105,0,1,1,,2,064,I-680,"SCOTT CREEK ROAD",350.00,N,N,A,-,Y,,,,,,,,,,N,2,0,1,1,A,-,08,22107,,N,E,I,A,A,H,-,D,D,0,,,,,Y,,A,01,1,0,0,0,0,0,0,0,0,"- ","- ",37.467540740966797,-121.90572357177734,ALAMEDA,FREMONT,-121.90610504150391,37.467235565185547
91718449,2021,2022-03-09,9345,2021-07-08,0005,022549,,4,3,5,0112,0,1,1,,2,075,"SOUTHBOUND INTERSTATE 880 (NIMITZ FREEWAY)","ALADDIN AVENUE",250.00,S,N,A,-,Y,,,880,,,,,,,Y,2,0,1,2,A,-,01,23152,A,N,B,2,A,A,H,-,C,D,0,,,,Y,Y,Y,A,07,1,0,0,0,0,0,0,0,0,"- ","- ",37.706031799316406,-122.16023254394531,ALAMEDA,"SAN LEANDRO",-122.16030883789062,37.705921173095703
91725103,2022,2022-03-17,9370,2022-02-25,2330,022611,,5,3,7,0109,0,1,1,,2,176,"I-880 S/B","HEGENBERGER RD",2004.00,N,N,A,-,Y,ALA,,880,,,25.883,H,,L,N,2,0,1,2,A,-,11,21954,A,F,G,B,E,A,H,-,D,D,0,Y,,,,Y,,N,60,1,0,0,0,1,0,0,0,0,"- ","- ",37.7452392578125,-122.20066833496094,ALAMEDA,OAKLAND,-122.20061492919922,37.745269775390625
91725389,2022,2022-03-17,9370,2022-03-06,0045,022700,,7,3,7,0109,0,1,1,,2,177,"I-880 N/B",EMBARCADERO,3700.00,S,N,A,-,Y,ALA,,880,,,29.881,H,,R,N,2,0,2,1,A,-,01,23152,A,N,E,I,A,A,H,-,D,D,0,,,,,Y,Y,A,01,1,0,1,0,0,0,0,0,0,"- ","- ",37.787479400634766,-122.24762725830078,ALAMEDA,OAKLAND,-122.24767303466797,37.78741455078125
91727896,2022,2022-03-21,9390,2022-03-11,1600,020760,,5,2,9,0100,0,2,4,,2,440,"MINES ROAD","DEL VALLE ROAD",8976.00,S,N,A,-,N,,,,,,,,,,N,2,0,1,1,A,-,08,22107,,N,F,A,A,A,H,-,A,D,0,,,Y,,Y,,C,02,1,0,0,0,0,0,0,0,1,"- ","- ",37.609519958496094,-121.67816925048828,ALAMEDA,UNINCORPORATED,-121.70281219482422,37.622108459472656
91730025,2021,2022-10-14,9390,2021-09-05,0600,021817,,7,1,9,0100,0,1,3,,2,330,"SR-84 / VALLECITOS ROAD (6700 BLOCK)","OLD VALLECITOS ROAD",1056.00,E,N,A,-,Y,,,84,,,,,,,Y,1,2,3,2,A,-,01,23152,G,N,A,C,A,A,D,-,D,A,0,,,,,Y,Y,A,07,3,0,0,0,0,0,0,0,0,"- ","- ",37.6085205078125,-121.82753753662109,ALAMEDA,UNINCORPORATED,-121.82752990722656,37.608501434326172
91733942,2022,2022-03-25,9345,2022-03-24,1650,022549,,4,2,6,0106,0,1,1,,2,072,"I-880 S/B","TENNYSON ROAD",1000.00,S,N,A,-,Y,ALA,,880,,,15.446,H,,L,N,2,0,1,2,A,-,07,21658,A,N,C,C,A,A,H,-,A,D,0,,,Y,,Y,,A,01,1,0,0,0,0,0,0,0,1,"- ","- ",37.629039764404297,-122.08267211914062,ALAMEDA,HAYWARD,-122.08271026611328,37.629024505615234
91735056,2022,2022-03-28,9345,2022-03-14,0300,022548,,1,3,6,0106,0,1,1,,2,073,"I-880 N/B","WINTON AVE",150.00,S,N,A,-,Y,ALA,,880,,,17.567,H,,R,Y,2,0,1,3,A,-,01,23152,A,N,C,C,A,A,H,-,C,D,0,,,,,Y,Y,A,01,1,0,0,0,0,0,0,0,0,"- ","- ",37.655910491943359,-122.101318359375,ALAMEDA,HAYWARD,-122.10105895996094,37.656013488769531
91736025,2022,2022-03-29,9370,2022-03-17,2334,022863,,4,3,7,0109,0,1,1,,2,054,"I-580 E/B","SANTA CLARA PEDESTRIAN OVERCROSSING",535.00,E,N,A,-,Y,SM,,84,,R,27.952,H,,R,N,2,0,1,2,C,-,18,,,M,D,C,A,A,H,-,C,D,0,,,,,Y,Y,-,"- ",1,0,0,0,0,0,0,0,0,"- ","- ",37.483730316162109,-122.14550018310547,ALAMEDA,OAKLAND,-122.14556121826172,37.483779907226562
91737299,2022,2022-03-30,9370,2022-03-18,1435,022859,,5,2,7,0109,0,1,1,,2,053,"I-580 E/B","38TH AVE",230.00,W,N,A,-,Y,ALA,,580,,R,40.441,H,,R,N,2,0,2,4,A,-,07,21658,A,N,B,C,A,A,H,-,A,D,0,,,,,Y,,A,01,1,1,0,0,0,0,0,0,0,"- ","- ",37.789741516113281,-122.20121765136719,ALAMEDA,OAKLAND,-122.20101165771484,37.789875030517578
91740902,2022,2022-04-05,9370,2022-03-27,2045,022831,,7,2,7,0109,0,1,1,,2,054,"I-580 W/B","LAKE PARK AVE",780.00,E,N,C,-,Y,ALA,,580,,,43.083,H,,L,Y,2,0,1,1,A,-,03,22350,,N,E,I,A,B,H,-,C,D,0,,,,,Y,,A,01,1,0,0,0,0,0,0,0,0,"- ","- ",37.807468414306641,-122.23941040039062,ALAMEDA,OAKLAND,-122.23953247070312,37.807304382324219
91742245,2022,2022-04-06,9390,2022-03-30,1835,020206,,3,2,9,0100,0,2,4,,2,226,"NORTH LIVERMORE AVENUE N/B","I-580 W/B TO N. LIVERMORE AVE.",0.00,,Y,A,-,N,,,,,,,,,,N,2,0,1,1,A,-,03,22350,,N,F,A,A,A,B,-,A,D,0,,,Y,,Y,,C,02,1,0,0,0,0,0,0,0,1,"- ","- ",37.701351165771484,-121.77381134033203,ALAMEDA,UNINCORPORATED,-121.77041625976562,37.685413360595703
91745397,2022,2022-04-11,9375,2022-03-31,2215,022638,,4,3,9,0100,0,2,4,,1,045,"CROW CANYON RD","COLD WATER DR",3168.00,N,N,A,-,N,,,,,,,,,,Y,2,0,1,1,A,-,01,23152,A,N,E,I,A,A,H,-,D,D,0,,,Y,,Y,Y,C,02,1,0,0,0,0,0,0,0,1,"- ","- ",37.716098785400391,-122.03974151611328,ALAMEDA,UNINCORPORATED,-122.04002380371094,37.71527099609375
91748222,2022,2022-04-14,9390,2022-04-07,1915,021452,,4,2,9,0100,0,2,4,,2,440,"DEL VALLE RD (7000 BLOCK)","MINES ROAD",6600.00,S,N,A,-,N,,,,,,,,,,Y,2,0,2,2,A,-,05,21460,A,N,D,C,A,A,H,-,B,A,0,,,Y,,Y,,C,02,1,1,0,0,0,0,0,0,1,"- ","- ",37.607650756835938,-121.69316864013672,ALAMEDA,UNINCORPORATED,-121.69253540039062,37.6075439453125
91748866,2022,2022-04-15,9375,2022-04-01,2124,022470,,5,2,9,0100,0,3,5,,2,004,"NORRIS CANYON ROAD","ASHBOURNE DRIVE",4270.00,W,N,A,-,N,,,,,,,,,,Y,2,0,1,1,A,-,08,22107,,F,E,J,A,A,H,-,D,D,0,,,,,Y,,A,07,1,0,0,0,0,0,0,0,0,"- ","- ",37.753711700439453,-122.01728820800781,ALAMEDA,UNINCORPORATED,,
91750983,2022,2022-04-19,9345,2022-04-05,1600,022131,,2,2,6,0106,0,1,1,,2,073,"I-880 NORTHBOUND",SR-92,3170.00,S,N,A,-,Y,ALA,,880,,,16.155,H,,R,N,2,0,1,3,A,-,03,22350,,N,C,C,A,A,H,-,A,D,0,,,Y,Y,Y,,C,02,1,0,0,0,0,0,0,0,1,"- ","- ",37.637248992919922,-122.08831024169922,ALAMEDA,HAYWARD,-122.08833312988281,37.637237548828125
91755456,2022,2022-04-25,9390,2022-04-15,1655,021452,,5,2,9,0100,0,2,4,,2,555,"VASCO ROAD (6000 BLOCK)","LOS VAQUEROS RD",200.00,N,N,A,-,N,,,,,,,,,,Y,2,0,2,2,A,-,01,23152,A,N,A,C,A,A,H,-,A,A,0,,,,,Y,Y,A,01,1,0,1,0,0,0,0,0,0,"- ","- ",37.767280578613281,-121.73242950439453,ALAMEDA,UNINCORPORATED,-121.73249053955078,37.767234802246094
91757455,2022,2022-04-27,9390,2022-04-18,1550,022322,,1,2,9,0100,0,2,4,,2,559,"CROSS ROAD","PATTERSON PASS ROAD",136.00,S,N,A,-,N,,,,,,,,,,N,2,0,2,1,A,-,03,22350,,N,F,A,A,A,H,-,A,D,0,,,,,Y,,A,01,1,1,0,0,0,0,0,0,0,"- ","- ",37.416690826416016,-121.39350128173828,ALAMEDA,UNINCORPORATED,-121.65975189208984,37.685504913330078
91762279,2022,2022-05-02,9345,2022-04-25,0100,022705,,1,3,9,0100,0,1,1,,2,238,"I-238 NORTHBOUND","HESPERIAN BOULEVARD",1531.00,S,N,A,-,Y,ALA,,238,,,15.985,H,,R,Y,2,0,4,2,A,-,08,22107,,F,E,I,A,A,H,-,D,D,0,,,,,Y,Y,-,99,1,1,2,0,0,0,0,0,0,"- ","- ",37.690631866455078,-122.12470245361328,ALAMEDA,UNINCORPORATED,-122.12474060058594,37.690464019775391
91762429,2022,2022-05-02,9390,2022-04-22,1110,022303,,5,1,5,0107,0,1,1,,2,053,"I-580 WESTBOUND","GREENVILLE RD",2534.00,W,N,B,-,Y,ALA,,580,,R,8.795,H,,L,Y,2,0,1,2,A,-,01,23152,G,N,C,C,A,A,H,-,A,D,0,,,,Y,Y,,D,22,1,0,0,0,0,0,0,0,0,"- ","- ",37.715389251708984,-121.70928192138672,ALAMEDA,LIVERMORE,-121.70912933349609,37.715171813964844
91764364,2021,2022-05-05,9370,2021-07-16,2202,022307,,5,3,7,0109,0,1,1,,2,055,"I-580 E/B TO WEST MACARTHUR BLVD","PERALTA STREET",120.00,W,N,A,-,Y,,,,,,,,,,Y,1,1,2,2,A,-,03,22350,,N,A,C,A,B,H,-,C,D,0,,,,,Y,,A,07,2,0,0,0,0,0,0,0,0,"- ","- ",37.494171142578125,-122.16512298583984,ALAMEDA,OAKLAND,-122.28156280517578,37.827259063720703
91767161,2022,2022-05-09,9370,2022-04-28,1250,022863,,4,1,7,0109,0,1,1,,2,052,"I-580 E/B","106TH AVENUE",1250.00,E,N,A,-,Y,ALA,,580,,R,35.485,H,,R,N,2,0,3,1,A,-,08,22107,,N,E,I,A,A,H,-,A,D,0,,,,,Y,,A,01,1,0,2,0,0,0,0,0,0,"- ","- ",37.742549896240234,-122.14569091796875,ALAMEDA,OAKLAND,-122.14554595947266,37.742633819580078
91767718,2022,2022-05-09,9390,2022-04-30,1530,022322,,6,2,9,0100,0,2,4,,2,557,"ALTAMONT PASS ROAD EASTBOUND","DYER ROAD",3600.00,E,N,A,-,N,,,,,,,,,,Y,2,0,1,1,A,-,08,22107,,N,F,A,A,A,H,-,A,D,0,,,Y,,Y,,C,02,1,0,0,0,0,0,0,0,1,"- ","- ",37.444080352783203,-121.39380645751953,ALAMEDA,UNINCORPORATED,-121.66067504882812,37.744594573974609
91768654,2022,2022-05-10,9390,2022-03-02,0750,016633,,3,1,5,0111,0,1,1,,2,051,"I-580 WESTBOUND","HOPYARD ROAD",1540.00,W,N,A,-,Y,ALA,,580,,,19.547,H,,R,Y,1,1,0,3,A,-,03,22350,,N,F,A,A,A,H,-,A,D,0,,,Y,Y,Y,,C,02,0,0,0,0,0,0,0,1,0,"- ","- ",37.701820373535156,-121.90148162841797,ALAMEDA,PLEASANTON,-121.90148162841797,37.701900482177734
91768815,2022,2022-05-10,9345,2022-04-25,1359,022811,,1,1,6,0105,0,1,1,,2,071,"I-880 S/B","ALVARADO BLVD",1322.00,N,N,A,-,Y,ALA,,880,,,11.760,H,,L,Y,2,0,2,1,A,-,08,22107,,N,E,8,A,A,H,-,A,D,0,,,,,Y,,A,01,1,1,0,0,0,0,0,0,0,"- ","- ",37.582439422607422,-122.04997253417969,ALAMEDA,FREMONT,-122.04981994628906,37.582485198974609
91768827,2022,2022-05-10,9345,2022-04-29,1700,022320,,5,2,6,0106,0,1,1,,2,073,"I-880 SOUTHBOUND (NIMITZ FREEWAY)",SR-92,40.00,S,N,A,-,Y,ALA,,880,,,16.613,H,,L,Y,2,0,1,2,A,-,03,22350,,N,C,C,A,A,H,-,A,D,0,,,Y,,Y,,C,02,1,0,0,0,0,0,0,0,1,"- ","- ",37.643520355224609,-122.09304809570312,ALAMEDA,HAYWARD,-122.09310150146484,37.643497467041016
91770741,2022,2022-05-12,9345,2022-05-06,1800,022320,,5,2,5,0113,0,1,1,,2,072,"I-880 SOUTHBOUND (NIMITZ FREEWAY)","ALVARADO-NILES ROAD",1056.00,N,N,A,-,Y,ALA,,880,,,13.230,H,,L,Y,2,0,1,3,A,-,03,22350,,N,C,C,A,A,H,-,A,D,0,,,,,Y,,A,01,1,0,0,0,0,0,0,0,0,"- ","- ",37.601039886474609,-122.06272125244141,ALAMEDA,"UNION CITY",-122.06275177001953,37.601024627685547
91771379,2022,2022-05-13,9345,2022-03-09,2145,022559,,3,2,6,0105,0,1,1,,2,070,"I-880 N/B","WARREN AVE",1848.00,N,N,A,-,Y,ALA,,880,,,2.779,H,,R,N,1,1,0,2,A,-,00,21960,A,N,G,B,E,A,H,-,C,D,0,Y,,,,Y,Y,N,60,0,0,0,1,0,0,0,0,0,"- ","- ",37.487899780273438,-121.94207000732422,ALAMEDA,FREMONT,-121.94204711914062,37.487918853759766
91771600,2022,2022-05-13,9345,2022-05-02,0728,022422,,1,1,6,0106,0,1,1,,2,073,"I-880 S/B (NIMITZ FREEWAY)","WINTON AVENUE",18.00,N,N,A,-,Y,ALA,,880,,,17.613,H,,L,N,2,0,1,2,A,-,07,21658,A,N,B,C,A,A,H,-,A,D,0,,,Y,,Y,,A,07,1,0,0,0,0,0,0,0,1,"- ","- ",37.656558990478516,-122.10163879394531,ALAMEDA,HAYWARD,-122.10170745849609,37.656532287597656
91771603,2020,2022-05-13,9370,2020-12-21,0032,020173,,1,3,7,0109,0,1,1,,2,053,"I-580 E/B","35TH AVE",621.00,W,N,A,-,Y,,,580,,,,,,E,Y,1,1,2,2,A,-,01,23152,F,F,A,C,A,A,H,-,C,D,0,,,,,Y,,A,07,2,0,0,0,0,0,0,0,0,"- ","- ",37.793750762939453,-122.20535278320312,ALAMEDA,OAKLAND,-122.20531463623047,37.793807983398438
91772511,2022,2022-05-16,9345,2022-04-19,1410,022131,,2,2,6,0106,0,1,3,,2,092,"SR-92 WESTBOUND","HESPERIAN BOULEVARD",40.00,W,N,A,-,Y,,,,,,,,,,N,2,0,1,1,A,-,08,22107,,F,E,I,A,A,H,-,A,D,0,,,,,Y,,A,07,1,0,0,0,0,0,0,0,0,"- ","- ",37.637088775634766,-122.10085296630859,ALAMEDA,HAYWARD,-122.10006713867188,37.6363525390625
91772620,2022,2022-05-16,9370,2022-05-09,1955,022821,,1,2,7,0109,0,1,1,,2,054,"I-580 W/B","LAKESHORE AVE",60.00,E,N,A,-,Y,ALA,,580,,,43.481,H,,L,N,2,0,1,2,A,-,11,21954,A,N,G,B,E,A,H,-,A,D,0,Y,,,,Y,,N,60,1,0,0,0,1,0,0,0,0,"- ","- ",37.809791564941406,-122.24609375,ALAMEDA,OAKLAND,-122.24620056152344,37.809555053710938
91773807,2022,2022-05-17,9390,2022-05-11,0625,020395,,3,1,5,0107,0,1,1,,2,053,"INTERSTATE 580 (EASTBOUND)","GREENVILLE ROAD",1320.00,W,N,A,-,Y,ALA,,580,,R,8.558,H,,L,Y,2,0,3,3,A,-,03,22350,,N,C,C,A,A,H,-,A,D,0,,,,,Y,,A,08,2,1,0,0,0,0,0,0,0,"- ","- ",37.716690063476562,-121.70527648925781,ALAMEDA,LIVERMORE,-121.70526885986328,37.716659545898438
91777621,2022,2022-05-23,9390,2022-05-14,1130,021817,,6,1,9,0100,0,3,5,,2,300,"CALAVERAS ROAD","INDIAN CREEK ROAD",528.00,S,N,A,-,N,,,,,,,,,,N,2,0,1,1,A,-,08,22107,,N,F,A,A,A,H,-,A,A,0,,Y,,,Y,,L,04,1,0,0,0,0,0,1,0,0,"- ","- ",37.568191528320312,-121.86277008056641,ALAMEDA,UNINCORPORATED,-121.86478424072266,37.575668334960938
91780382,2022,2022-10-14,9390,2022-04-16,0615,022303,,6,1,9,0100,0,1,1,,2,066,"INTERSTATE 680 NORTHBOUND","SUNOL BOULEVARD",686.00,S,N,B,C,Y,ALA,,680,,R,15.175,H,,R,Y,1,1,1,2,A,-,03,22350,,N,D,2,A,B,H,-,B,D,0,,,,,Y,,A,01,0,0,1,0,0,0,0,0,0,"- ","- ",37.638500213623047,-121.88413238525391,ALAMEDA,UNINCORPORATED,-121.88413238525391,37.638500213623047
91781605,2022,2022-05-26,9390,2022-05-21,2320,021478,,6,3,5,0107,0,1,1,,2,052,"I-580 EASTBOUND","FIRST ST.",1584.00,W,N,A,-,Y,ALA,,580,,,11.044,H,,L,Y,2,0,2,2,A,-,01,23152,A,N,C,C,A,A,H,-,C,D,0,,,,Y,Y,Y,A,01,1,0,1,0,0,0,0,0,0,"- ","- ",37.702301025390625,-121.74678039550781,ALAMEDA,LIVERMORE,-121.74677276611328,37.702400207519531