CASE_ID,ACCIDENT_YEAR,PROC_DATE,JURIS,COLLISION_DATE,COLLISION_TIME,OFFICER_ID,REPORTING_DISTRICT,DAY_OF_WEEK,CHP_SHIFT,POPULATION,CNTY_CITY_LOC,SPECIAL_COND,BEAT_TYPE,CHP_BEAT_TYPE,CITY_DIVISION_LAPD,CHP_BEAT_CLASS,BEAT_NUMBER,PRIMARY_RD,SECONDARY_RD,DISTANCE,DIRECTION,INTERSECTION,WEATHER_1,WEATHER_2,STATE_HWY_IND,CALTRANS_COUNTY,CALTRANS_DISTRICT,STATE_ROUTE,ROUTE_SUFFIX,POSTMILE_PREFIX,POSTMILE,LOCATION_TYPE,RAMP_INTERSECTION,SIDE_OF_HWY,TOW_AWAY,COLLISION_SEVERITY,NUMBER_KILLED,NUMBER_INJURED,PARTY_COUNT,PRIMARY_COLL_FACTOR,PCF_CODE_OF_VIOL,PCF_VIOL_CATEGORY,PCF_VIOLATION,PCF_VIOL_SUBSECTION,HIT_AND_RUN,TYPE_OF_COLLISION,MVIW,PED_ACTION,ROAD_SURFACE,ROAD_COND_1,ROAD_COND_2,LIGHTING,CONTROL_DEVICE,CHP_ROAD_TYPE,PEDESTRIAN_ACCIDENT,BICYCLE_ACCIDENT,MOTORCYCLE_ACCIDENT,TRUCK_ACCIDENT,NOT_PRIVATE_PROPERTY,ALCOHOL_INVOLVED,STWD_VEHTYPE_AT_FAULT,CHP_VEHTYPE_AT_FAULT,COUNT_SEVERE_INJ,COUNT_VISIBLE_INJ,COUNT_COMPLAINT_PAIN,COUNT_PED_KILLED,COUNT_PED_INJURED,COUNT_BICYCLIST_KILLED,COUNT_BICYCLIST_INJURED,COUNT_MC_KILLED,COUNT_MC_INJURED,PRIMARY_RAMP,SECONDARY_RAMP,LATITUDE,LONGITUDE,COUNTY,CITY,POINT_X,POINT_Y
91788459,2022,2022-06-06,9370,2022-05-09,0218,022859,,1,3,2,0104,0,1,1,,2,080,"I-80 W/B","POWELL STREET",1065.00,W,N,A,-,Y,ALA,,80,,,3.600,H,,L,N,2,0,1,1,A,-,01,23152,A,F,E,I,A,A,H,-,D,D,0,,,,,Y,Y,A,01,1,0,0,0,0,0,0,0,0,"- ","- ",37.835140228271484,-122.29560089111328,ALAMEDA,EMERYVILLE,-122.2955322265625,37.835163116455078
91792604,2022,2022-06-10,9370,2022-04-27,0010,022858,,3,3,7,0109,0,1,1,,2,176,"I-880 N/B","98TH AVENUE",1240.00,S,N,A,-,Y,ALA,,880,,,24.499,H,,R,Y,2,0,1,2,A,-,03,22350,,F,C,C,A,A,H,-,C,D,0,,,Y,,Y,,-,99,1,0,0,0,0,0,0,0,1,"- ","- ",37.728889465332031,-122.18595886230469,ALAMEDA,OAKLAND,-122.18595123291016,37.728893280029297
91792703,2022,2022-06-10,9370,2022-05-13,1730,021093,,5,2,7,0109,0,1,3,,2,024,"SR-24 W/B","KAY AVENUE",540.00,W,N,A,-,Y,ALA,,24,,R,5.351,H,,L,Y,2,0,1,1,A,-,08,22107,,N,F,I,A,A,H,-,A,D,0,,,Y,,Y,,C,02,1,0,0,0,0,0,0,0,1,"- ","- ",37.849380493164062,-122.22428131103516,ALAMEDA,OAKLAND,-122.22434234619141,37.849430084228516
91795815,2022,2022-06-15,9345,2022-06-09,0620,022144,,4,1,9,0100,0,1,1,,2,074,"I-880 S/B","HESPERIAN BOULEVARD",100.00,S,N,A,-,Y,ALA,,880,,,20.132,H,,L,N,2,0,1,2,A,-,03,22350,,N,C,C,A,A,H,-,A,D,0,,,Y,,Y,,C,02,1,0,0,0,0,0,0,0,1,"- ","- ",37.684680938720703,-122.12940979003906,ALAMEDA,UNINCORPORATED,-122.12946319580078,37.684635162353516
91798327,2022,2022-06-20,9370,2022-05-19,2300,022859,,4,3,7,0109,0,1,1,,2,176,"I-880 N/B","HIGH STREET",2390.00,S,N,A,-,Y,ALA,,880,,,27.350,H,,R,Y,2,0,2,4,A,-,03,22350,,N,C,C,A,A,H,-,D,D,0,,,,,Y,,A,01,1,1,0,0,0,0,0,0,0,"- ","- ",37.762741088867188,-122.21568298339844,ALAMEDA,OAKLAND,-122.21562194824219,37.762771606445312
91799760,2022,2022-06-21,9375,2022-06-11,1350,022530,,6,1,9,0100,0,1,3,,1,185,"SR-185 (E. 14TH STREET)","163RD AVENUE",145.00,S,N,A,-,Y,,,,,,,,,,N,2,0,1,1,A,-,08,22107,,N,F,A,A,A,H,-,A,A,0,,,Y,,Y,,C,02,1,0,0,0,0,0,0,0,1,"- ","- ",37.693370819091797,-122.0723876953125,ALAMEDA,UNINCORPORATED,-122.11501312255859,37.695755004882812
91799809,2022,2022-06-21,9390,2022-06-13,1820,022322,,1,2,9,0100,0,2,4,,2,556,"GRANT LINE ROAD",I-580,290.00,N,N,A,-,N,,,,,,,,,,Y,2,0,3,2,A,-,03,22350,,N,A,C,A,A,H,-,A,D,0,,,,,Y,,A,01,1,0,2,0,0,0,0,0,0,"- ","- ",37.442928314208984,-121.35794830322266,ALAMEDA,UNINCORPORATED,-121.58567810058594,37.740875244140625
9180058,2020,2020-12-03,0105,2020-10-23,0921,14563,326,5,5,6,0105,0,0,0,,0,001,"RT 238","SULLIVAN UNDERPASS",0.00,,Y,A,-,Y,ALA,4,238,-,-,4.300,I,5,S,Y,2,0,4,2,A,-,09,21802,,N,D,C,A,A,H,-,A,D,0,,,,,Y,,A,01,1,1,2,0,0,0,0,0,0,"- ","- ",,,ALAMEDA,FREMONT,-121.98304748535156,37.579048156738281
91800650,2022,2023-03-03,9390,2022-04-16,1132,016633,,6,1,5,0111,0,1,1,,2,051,"I-580 WESTBOUND","HACIENDA DRIVE",666.00,W,N,B,-,Y,ALA,,580,,,18.940,H,,R,Y,1,1,5,3,A,-,03,22350,,N,C,C,A,B,H,-,A,D,0,,,,,Y,,A,07,1,1,3,0,0,0,0,0,0,"- ","- ",37.701820373535156,-121.89022064208984,ALAMEDA,PLEASANTON,-121.89022064208984,37.701759338378906
91801774,2022,2022-06-23,9345,2022-06-16,1430,022320,,4,2,6,0105,0,1,1,,2,071,"I-880 SOUTHBOUND (NIMITZ FREEWAY)","THORNTON AVENUE",3168.00,N,N,A,-,Y,ALA,,880,,,9.437,H,,L,Y,2,0,2,1,A,-,04,21703,,N,E,I,A,A,H,-,A,D,0,,,,,Y,,D,22,1,0,1,0,0,0,0,0,0,"- ","- ",37.553829193115234,-122.02861022949219,ALAMEDA,FREMONT,-122.02849578857422,37.55389404296875
91801993,2022,2022-07-20,9390,2022-06-20,1750,020206,,1,2,9,0100,0,2,4,,2,440,"DEL VALLE ROAD","MILEPOST MARKER 0.61",147.00,E,N,A,-,N,,,,,,,,,,Y,2,0,1,1,A,-,03,22350,,N,F,A,A,A,H,-,A,D,0,,,Y,,Y,,C,02,1,0,0,0,0,0,0,0,1,"- ","- ",37.364818572998047,-121.41591644287109,ALAMEDA,UNINCORPORATED,,
91802098,2022,2022-06-23,9370,2022-06-13,2220,022499,,1,3,7,0109,0,1,1,,2,176,"I-880 S/B","HIGH ST",2493.00,S,N,A,-,Y,ALA,,880,,,27.315,H,,L,Y,2,0,1,1,A,-,01,23152,A,N,E,I,A,A,H,-,C,D,0,,,,,Y,Y,A,01,1,0,0,0,0,0,0,0,0,"- ","- ",37.762371063232422,-122.21556854248047,ALAMEDA,OAKLAND,-122.21560668945312,37.762351989746094
91804191,2022,2022-06-27,9390,2022-06-20,1620,022149,,1,2,9,0100,0,1,1,,2,064,"I-680 SOUTHBOUND","SCOTT CREEK ROAD",1390.00,N,N,A,-,Y,,,,,,,,,,Y,2,0,1,1,A,-,08,22107,,N,E,I,A,A,H,-,A,D,0,,,,,Y,Y,A,07,1,0,0,0,0,0,0,0,0,"- ","- ",37.469768524169922,-121.90912628173828,ALAMEDA,UNINCORPORATED,-121.90727996826172,37.468242645263672
91804398,2022,2022-06-27,9370,2022-05-28,0314,022862,,6,3,7,0109,0,1,3,,2,024,"SR-24 E/B","CALDECOTT TUNNEL",2000.00,W,N,A,-,Y,ALA,,24,,R,5.422,H,,R,Y,2,0,2,1,A,-,08,22107,,N,E,8,A,A,H,-,D,D,0,,,,,Y,Y,A,01,1,1,0,0,0,0,0,0,0,"- ","- ",37.850078582763672,-122.22331237792969,ALAMEDA,OAKLAND,-122.22329711914062,37.850074768066406
91809944,2022,2022-07-05,9390,2022-05-08,1950,022303,,7,2,9,0100,0,2,4,,2,441,"SOUTH LIVERMORE AVENUE (2400 BLOCK)","CONCANNON BOULEVARD",2587.00,S,N,A,-,N,,,,,,,,,,Y,1,1,1,2,A,-,01,23152,A,N,A,C,A,A,H,-,B,A,0,,,,,Y,Y,A,01,1,0,0,0,0,0,0,0,0,"- ","- ",37.665260314941406,-121.74227142333984,ALAMEDA,UNINCORPORATED,-121.74233245849609,37.665309906005859
91812262,2022,2022-07-07,9375,2022-06-29,0711,018844,,3,1,9,0100,0,1,1,,2,581,"I-580 E/B (SERGEANT DANIEL SAKAI MEMORIAL HWY)","CENTER ST",1519.00,W,N,A,-,Y,ALA,,580,,R,29.006,H,,L,Y,1,1,0,2,A,-,03,22350,,N,C,C,A,A,H,-,A,D,0,,,Y,Y,Y,,C,02,0,0,0,0,0,0,0,1,0,"- ","- ",37.691291809082031,-122.06694793701172,ALAMEDA,UNINCORPORATED,-122.06696319580078,37.691314697265625
91812688,2022,2022-07-08,9370,2022-05-20,0223,022859,,5,3,7,0109,0,1,1,,2,055,"I-580 E/B TO WEST MACARTHUR BOULEVARD","PERALTA STREET",615.00,W,N,A,-,Y,ALA,,580,,,45.954,H,,R,N,2,0,1,2,A,-,11,21954,A,N,G,B,E,A,H,-,D,D,0,Y,,,,Y,,N,60,1,0,0,0,1,0,0,0,0,"- ","- ",37.827770233154297,-122.2825927734375,ALAMEDA,OAKLAND,-122.28260040283203,37.827598571777344
91814265,2022,2022-07-11,9375,2022-07-02,1027,022870,,6,1,9,0100,0,2,4,,1,023,"167TH AVENUE","SR-185 (E. 14TH ST.)",430.00,E,N,B,-,N,,,,,,,,,,N,2,0,2,2,A,-,09,21804,A,N,D,C,A,A,H,-,A,D,0,,,,,Y,Y,A,01,1,0,1,0,0,0,0,0,0,"- ","- ",37.693389892578125,-122.07244110107422,ALAMEDA,UNINCORPORATED,-122.10868072509766,37.69287109375
91816166,2022,2022-07-13,9345,2022-07-06,0820,022977,,3,1,9,0100,0,1,1,,2,074,"I-880 SOUTHBOUND","PASEO GRANDE OVERCROSSING",70.00,N,N,A,-,Y,ALA,,880,,,19.758,H,,L,Y,2,0,1,2,A,-,03,22350,,N,C,C,A,A,H,-,A,D,0,,,Y,,Y,,C,02,1,0,0,0,0,0,0,0,1,"- ","- ",37.681041717529297,-122.12445068359375,ALAMEDA,UNINCORPORATED,-122.12438201904297,37.681098937988281
91819960,2022,2022-07-19,9345,2022-07-07,1500,022935,,4,2,9,0100,0,1,1,,2,074,"I-880 SOUTHBOUND","HESPERIAN BOULEVARD",775.00,S,N,A,-,Y,ALA,,880,,,20.324,H,,L,N,2,0,1,2,A,-,07,21658,A,N,B,C,A,A,H,-,A,D,0,,,,,Y,,A,07,1,0,0,0,0,0,0,0,0,"- ","- ",37.686630249023438,-122.13217163085938,ALAMEDA,UNINCORPORATED,-122.1322021484375,37.686599731445312
91821235,2022,2023-06-15,9370,2022-05-24,0045,022700,,2,3,6,0103,0,1,1,,2,081,"I-80 E/B","UNIVERSITY AVE",2215.00,W,N,A,-,Y,ALA,,80,,,5.405,H,,R,Y,2,0,2,4,A,-,01,23152,A,F,B,4,E,A,H,-,C,D,0,Y,,,,Y,Y,E,22,1,0,1,0,1,0,0,0,0,"- ","- ",37.860710144042969,-122.30191040039062,ALAMEDA,BERKELEY,-122.30192565917969,37.860706329345703
91824521,2022,2022-07-25,9390,2022-07-19,0744,019612,,2,1,5,0111,0,1,1,,2,067,"I-680 SOUTHBOUND","STONERIDGE DRIVE",1830.00,S,N,A,-,Y,ALA,,680,,R,18.838,H,,L,Y,2,0,1,3,A,-,03,22350,,N,C,C,A,A,H,-,A,D,0,,,Y,,Y,,C,02,1,0,0,0,0,0,0,0,1,"- ","- ",37.684169769287109,-121.91596221923828,ALAMEDA,PLEASANTON,-121.91623687744141,37.684101104736328
91825286,2022,2022-07-26,9345,2022-07-16,1525,022705,,6,2,9,0100,0,1,1,,2,238,"I-238 NORTHBOUND","ASHLAND AVENUE",450.00,N,N,A,-,Y,ALA,,238,,,15.769,H,,R,N,2,0,1,3,A,-,08,22107,,N,B,2,A,A,H,-,A,D,0,,,,,Y,,A,07,1,0,0,0,0,0,0,0,0,"- ","- ",37.68994140625,-122.12078094482422,ALAMEDA,UNINCORPORATED,-122.12079620361328,37.689884185791016
9182628,2020,2020-11-25,0109,2020-07-25,2132,9828,2,6,5,7,0109,0,0,0,,0,34X,"HOLLY ST","82ND AV",20.00,E,N,A,-,N,,,,,,,,,,Y,2,0,1,2,C,-,18,,,M,C,E,A,A,H,-,C,A,0,,,,,Y,,-,"- ",1,0,0,0,0,0,0,0,0,"- ","- ",,,ALAMEDA,OAKLAND,-122.17740631103516,37.756610870361328
91830204,2022,2022-08-01,9390,2022-07-24,1354,021649,,7,1,5,0111,0,1,1,,2,051,"I-580 E/B","TASSAJARA ROAD",1518.00,W,N,A,-,Y,ALA,,580,,,18.279,H,,L,N,2,0,4,3,A,-,21,22106,,N,B,C,A,A,H,-,A,D,0,,,,,Y,,A,01,1,1,2,0,0,0,0,0,0,"- ","- ",37.701328277587891,-121.87818908691406,ALAMEDA,PLEASANTON,-121.87818908691406,37.701393127441406
91831120,2021,2022-08-02,9345,2021-11-28,0250,022563,,7,3,6,0106,0,1,1,,2,072,"I-880 SOUTHBOUND (NIMITZ FREEWAY)","INDUSTRIAL PARKWAY",1076.00,S,N,A,-,Y,,,880,,,,,,S,Y,2,0,6,2,A,-,01,23152,A,N,C,C,A,A,H,-,D,D,0,,,,,Y,Y,A,07,5,1,0,0,0,0,0,0,0,"- ","- ",37.614730834960938,-122.0726318359375,ALAMEDA,HAYWARD,-122.07260894775391,37.61474609375
91831274,2022,2022-08-02,9370,2022-07-21,0820,022856,,4,1,2,0104,0,1,1,,2,080,"I-80 W/B","POWELL ST",1500.00,E,N,A,-,Y,ALA,,80,,,4.031,H,,L,Y,2,0,1,2,A,-,03,22350,,M,B,C,A,A,H,-,A,D,0,,,Y,,Y,,C,02,1,0,0,0,0,0,0,0,1,"- ","- ",37.841281890869141,-122.29721832275391,ALAMEDA,EMERYVILLE,-122.29730224609375,37.841270446777344
9183754,2020,2020-12-10,0111,2020-10-21,1504,292,,3,5,5,0111,0,0,0,,0,002,"NAVAJO CT","SANTA RITA RD",0.00,,Y,A,-,N,,,,,,,,,,N,2,0,1,1,A,-,03,22350,,N,H,A,A,A,H,-,A,D,0,,,Y,,Y,,C,03,1,0,0,0,0,0,0,0,1,"- ","- ",,,ALAMEDA,PLEASANTON,-121.87850189208984,37.690101623535156
9183756,2020,2020-12-10,0111,2020-10-17,0227,326,,6,5,5,0111,0,0,0,,0,002,"E STONERIDGE DR","RIALTO WY",245.00,S,N,A,-,N,,,,,,,,,,Y,2,0,3,1,A,-,00,23153,F,N,E,I,A,A,H,-,C,D,0,,,,,Y,,-,,2,0,1,0,0,0,0,0,0,"- ","- ",,,ALAMEDA,PLEASANTON,-121.88883972167969,37.691364288330078
91837824,2022,2022-08-11,9375,2022-07-31,2350,022579,,7,3,5,0112,0,1,1,,2,580,"I-580 E/B","150TH AVE.",2589.00,W,N,A,-,Y,ALA,,580,,R,33.332,H,,L,N,2,0,1,2,A,-,11,21954,A,N,G,B,D,A,H,-,C,D,0,Y,,,,Y,,N,60,1,0,0,0,1,0,0,0,0,"- ","- ",37.714179992675781,-122.13117980957031,ALAMEDA,"SAN LEANDRO",-122.13112640380859,37.714206695556641
91838739,2022,2022-08-12,9375,2022-08-05,1700,022530,,5,2,9,0100,0,3,5,,2,004,"REDWOOD RD","PINEHURST RD",4488.00,S,N,A,-,N,,,,,,,,,,Y,2,0,1,1,A,-,08,22107,,N,F,A,A,A,H,-,A,D,0,,,Y,,Y,,C,02,1,0,0,0,0,0,0,0,1,"- ","- ",37.693389892578125,-122.07250213623047,ALAMEDA,UNINCORPORATED,-122.13092041015625,37.790050506591797
91840122,2022,2022-08-15,9345,2022-08-03,1640,022936,,3,2,6,0106,0,1,1,,2,072,"I-880 SOUTHBOUND (NIMITZ FREEWAY)","TENNYSON ROAD",1056.00,S,N,A,-,Y,ALA,,880,,,15.409,H,,L,N,2,0,1,2,A,-,03,22350,,N,C,C,A,A,H,-,A,D,0,,,Y,,Y,,C,02,1,0,0,0,0,0,0,0,1,"- ","- ",37.628578186035156,-122.08232879638672,ALAMEDA,HAYWARD,-122.08238220214844,37.628555297851562
91843520,2022,2022-08-18,9345,2022-08-07,1915,022705,,7,2,5,0112,0,1,1,,2,075,"I-880 SOUTHBOUND FROM WASHINGTON","BEATRICE STREET",60.00,N,N,A,-,Y,,,,,,,,,,N,2,0,2,2,A,-,11,21954,A,N,G,B,D,A,H,-,A,D,0,Y,,,,Y,,N,60,1,0,1,0,1,0,0,0,0,"- ","- ",37.690078735351562,-122.13974761962891,ALAMEDA,"SAN LEANDRO",-122.13974761962891,37.690078735351562
91844614,2022,2022-08-19,9345,2022-08-06,1950,022944,,6,2,9,0100,0,1,1,,2,238,"I-238 N/B","ASHLAND AVENUE",528.00,S,N,A,-,Y,ALA,,238,,,15.520,H,,R,Y,2,0,1,2,A,-,08,22107,,F,B,C,A,A,H,-,A,D,0,,,,,Y,,-,99,1,0,0,0,0,0,0,0,0,"- ","- ",37.689388275146484,-122.11659240722656,ALAMEDA,UNINCORPORATED,-122.11661529541016,37.689281463623047
91850903,2022,2022-08-26,9345,2022-08-15,1730,022811,,1,2,6,0106,0,1,1,,2,072,"I-880 S/B","INDUSTRIAL PKY",1551.00,N,N,A,-,Y,ALA,,880,,,14.852,H,,L,Y,2,0,1,2,A,-,03,22350,,N,C,C,A,A,H,-,A,D,0,,,Y,,Y,,C,02,1,0,0,0,0,0,0,0,1,"- ","- ",37.621551513671875,-122.07734680175781,ALAMEDA,HAYWARD,-122.07738494873047,37.621532440185547
91852531,2022,2022-08-30,9375,2022-08-28,1930,022163,,7,2,9,0100,0,2,4,,1,010,"WASHINGTON AVE","GRANT AVE",0.00,,Y,A,-,N,,,,,,,,,,N,2,0,3,2,A,-,01,23153,A,F,D,C,A,A,H,-,B,A,0,,,,,Y,Y,A,01,1,2,0,0,0,0,0,0,0,"- ","- ",37.679668426513672,-122.13690185546875,ALAMEDA,UNINCORPORATED,-122.13692474365234,37.679588317871094
91854279,2022,2022-08-31,9345,2022-08-21,1730,022705,,7,2,9,0100,0,1,1,,2,238,"I-238 NORTHBOUND","EAST 14TH STREET",528.00,N,N,A,-,Y,,,,,,,,,,N,2,0,1,1,C,-,18,,,N,E,I,A,A,H,-,A,D,0,,,,,Y,,-,"- ",1,0,0,0,0,0,0,0,0,"- ","- ",37.689189910888672,-122.16797637939453,ALAMEDA,UNINCORPORATED,-122.10408782958984,37.689506530761719
91856150,2022,2022-09-02,9390,2022-08-14,1828,021964,,7,2,5,0111,0,1,1,,2,067,"INTERSTATE 680 SOUTHBOUND TO BERNAL AVENUE","BERNAL AVENUE",160.00,S,N,A,-,Y,ALA,,680,,R,16.731,H,,L,Y,1,1,0,1,A,-,08,22107,,N,E,I,A,A,H,-,A,A,0,,,,,Y,,A,01,0,0,0,0,0,0,0,0,0,"- ","- ",37.656169891357422,-121.90144348144531,ALAMEDA,PLEASANTON,-121.90122222900391,37.656314849853516
91863400,2022,2022-09-13,9345,2022-09-03,2210,022621,,6,3,6,0105,0,1,3,,1,184,"SR-84 S/B","DUMBARTON BRIDGE TOLL PLAZA",980.00,E,N,A,-,Y,ALA,,84,,R,3.394,H,,L,Y,2,0,2,2,A,-,01,23152,A,N,C,C,A,A,H,-,D,A,0,,,,,Y,Y,A,01,1,0,1,0,0,0,0,0,0,"- ","- ",37.536888122558594,-122.07218170166016,ALAMEDA,FREMONT,-122.07221221923828,37.536922454833984
91865894,2022,2022-09-16,9370,2022-08-11,2240,022979,,4,3,7,0109,0,1,3,,2,013,"SR-13 S/B","CALAVERAS AVE",1550.00,N,N,A,-,Y,ALA,,13,,,4.618,H,,L,Y,2,0,1,1,A,-,01,23152,A,N,E,8,A,A,H,-,D,D,0,,,,,Y,Y,A,01,1,0,0,0,0,0,0,0,0,"- ","- ",37.788158416748047,-122.18138885498047,ALAMEDA,OAKLAND,-122.18128967285156,37.788185119628906
91868733,2022,2022-09-20,9375,2022-09-06,2244,022885,,2,3,9,0100,0,2,4,,1,023,"164TH AVENUE","SR-185 (E. 14TH STREET)",3.00,E,N,A,-,N,,,,,,,,,,N,2,0,2,3,A,-,09,21453,C,F,G,B,B,A,H,-,C,A,0,Y,,,,Y,Y,A,01,2,0,0,0,2,0,0,0,0,"- ","- ",37.694858551025391,-122.11350250244141,ALAMEDA,UNINCORPORATED,-122.11360168457031,37.694774627685547
91868973,2022,2022-09-20,9345,2022-09-04,1840,022934,,7,2,9,0100,0,1,1,,2,238,"I-238 NB TO EAST 14TH STREET","EAST 14TH STREET",10.00,W,N,A,-,Y,,,,,,,,,,Y,2,0,1,1,A,-,03,22350,,N,E,I,A,A,H,-,A,D,0,,,,,Y,,A,01,1,0,0,0,0,0,0,0,0,"- ","- ",37.690139770507812,-122.10768890380859,ALAMEDA,UNINCORPORATED,-122.10768890380859,37.690139770507812
91869698,2022,2022-09-21,9375,2022-09-12,1055,023012,,1,1,9,0100,0,2,4,,1,045,"CULL CANYON RD.","COLUMBIA DR",13306.00,N,N,A,-,N,,,,,,,,,,Y,2,0,1,1,A,-,01,23152,A,N,E,I,A,A,H,-,A,D,0,,,,,Y,Y,A,01,1,0,0,0,0,0,0,0,0,"- ","- ",37.746261596679688,-122.05587005615234,ALAMEDA,UNINCORPORATED,-122.05586242675781,37.746231079101562
91873220,2022,2022-09-26,9375,2022-09-15,0800,023040,,4,1,9,0100,0,1,1,,2,580,"I-580 WESTBOUND","167TH AVENUE UNDERCROSSING",21.00,W,N,B,-,Y,ALA,,580,,R,31.674,H,,L,Y,2,0,2,1,A,-,08,22107,,N,E,I,A,A,H,-,A,D,0,,,,,Y,,A,01,1,0,1,0,0,0,0,0,0,"- ","- ",37.699188232421875,-122.10755920410156,ALAMEDA,UNINCORPORATED,-122.10774993896484,37.699085235595703
91880310,2022,2022-10-03,9390,2022-08-10,1930,020657,,3,2,5,0111,0,1,1,,2,051,"I-580 EASTBOUND","SANTA RITA ROAD",1970.00,W,N,A,-,Y,ALA,,580,,,18.359,H,,L,Y,2,0,2,2,C,-,18,,,N,B,C,A,A,H,-,A,D,0,,,Y,,Y,Y,-,"- ",2,0,0,0,0,0,0,0,2,"- ","- ",37.701190948486328,-121.87966156005859,ALAMEDA,PLEASANTON,-121.87965393066406,37.701393127441406
91880386,2022,2022-10-03,9375,2022-09-21,2037,022885,,3,2,9,0100,0,2,4,,1,012,"HESPERIAN BOULEVARD SOUTHBOUND","BOCKMAN ROAD",177.00,N,N,A,-,N,,,,,,,,,,N,2,0,1,2,A,-,05,21650,,N,H,G,A,A,H,-,C,D,0,,Y,,,Y,,L,04,1,0,0,0,0,0,1,0,0,"- ","- ",37.671829223632812,-122.12203979492188,ALAMEDA,UNINCORPORATED,-122.12207794189453,37.671886444091797
9188131,2020,2021-01-07,0103,2020-10-13,1910,63,40,2,5,6,0103,0,0,0,,0,009,"SACRAMENTO ST","FAIRVIEW ST",138.00,S,N,A,-,N,,,,,,,,,,N,2,0,1,2,A,-,11,21954,A,F,G,B,E,A,H,-,C,D,0,Y,,,,Y,,N,60,1,0,0,0,1,0,0,0,0,"- ","- ",,,ALAMEDA,BERKELEY,-122.27815246582031,37.849296569824219
91882027,2022,2022-10-04,9390,2022-09-28,0200,022478,,3,3,9,0100,0,2,4,,2,113,"HIGHLAND ROAD S/B","MANNING ROAD",1280.00,N,N,A,-,N,,,,,,,,,,Y,2,0,1,1,A,-,08,22107,,N,E,I,A,A,H,-,D,D,0,,,,,Y,,A,01,1,0,0,0,0,0,0,0,0,"- ","- ",37.761161804199219,-121.79219818115234,ALAMEDA,UNINCORPORATED,-121.79209899902344,37.760955810546875
91889938,2022,2022-10-13,9345,2022-10-02,0535,022935,,7,3,6,0105,0,1,1,,2,070,"I-880 SOUTHBOUND","STEVENSON BOULEVARD",810.00,S,N,A,-,Y,ALA,,880,,,6.067,H,,L,N,2,0,2,2,A,-,01,23152,A,N,C,C,A,A,H,-,C,D,0,,,,,Y,Y,A,01,2,0,0,0,0,0,0,0,0,"- ","- ",37.521030426025391,-121.98509979248047,ALAMEDA,FREMONT,-121.98509979248047,37.521034240722656
91895624,2022,2022-10-20,9370,2022-08-02,2311,022648,,2,3,7,0109,0,1,1,,2,176,"I-880 S/B","HEGENBERGER ROAD",180.00,S,N,A,-,Y,ALA,,880,,,25.489,H,,L,Y,1,1,1,2,A,-,11,21954,A,N,G,B,E,A,H,-,C,D,0,Y,,,,Y,,N,60,0,1,0,1,0,0,0,0,0,"- ","- ",37.74053955078125,-122.19609832763672,ALAMEDA,OAKLAND,-122.19634246826172,37.740402221679688
91896415,2022,2022-10-21,9370,2022-05-18,2019,022358,,3,2,7,0109,0,1,1,,2,052,"I-580 E/B","DAVENPORT AVENUE",544.00,W,N,B,-,Y,ALA,,580,,R,39.484,H,,L,Y,1,2,2,1,C,-,18,,,N,E,8,A,A,H,-,B,D,0,,,,,Y,,-,"- ",2,0,0,0,0,0,0,0,0,"- ","- ",37.783851623535156,-122.18267059326172,ALAMEDA,OAKLAND,-122.18266296386719,37.783946990966797
91897739,2022,2022-10-24,9345,2022-10-15,1240,022771,,6,1,6,0105,0,1,3,,1,184,"SR-84 S/B","TOLL PLAZA",4224.00,S,N,A,-,Y,ALA,,84,,R,2.312,H,,L,N,2,0,1,1,A,-,08,22107,,N,E,I,A,A,H,-,A,D,0,,,,,Y,,D,22,1,0,0,0,0,0,0,0,0,"- ","- ",37.531631469726562,-122.09053039550781,ALAMEDA,FREMONT,-122.09056854248047,37.531688690185547
9190512,2020,2020-12-11,0111,2020-10-16,1622,201,,5,5,5,0111,0,0,0,,0,001,"FOOTHILL RD","CANYON WY",0.00,,Y,A,-,N,,,,,,,,,,Y,2,0,1,2,D,-,00,,,N,D,C,A,A,H,-,A,A,0,,,,,Y,,-,"- ",1,0,0,0,0,0,0,0,0,"- ","- ",,,ALAMEDA,PLEASANTON,-121.93369293212891,37.694858551025391
91905659,2022,2022-10-31,9370,2022-09-30,1940,023068,,5,2,7,0109,0,1,1,,2,055,"I-580 W/B","TELEGRAPH AVE",625.00,E,N,A,-,Y,ALA,,580,,,44.916,H,,R,N,2,0,1,2,A,-,08,22107,,F,C,C,A,A,H,-,C,D,0,,,Y,,Y,,-,99,1,0,0,0,0,0,0,0,1,"- ","- ",37.823440551757812,-122.263671875,ALAMEDA,OAKLAND,-122.26371002197266,37.823326110839844