CASE_ID,ACCIDENT_YEAR,PROC_DATE,JURIS,COLLISION_DATE,COLLISION_TIME,OFFICER_ID,REPORTING_DISTRICT,DAY_OF_WEEK,CHP_SHIFT,POPULATION,CNTY_CITY_LOC,SPECIAL_COND,BEAT_TYPE,CHP_BEAT_TYPE,CITY_DIVISION_LAPD,CHP_BEAT_CLASS,BEAT_NUMBER,PRIMARY_RD,SECONDARY_RD,DISTANCE,DIRECTION,INTERSECTION,WEATHER_1,WEATHER_2,STATE_HWY_IND,CALTRANS_COUNTY,CALTRANS_DISTRICT,STATE_ROUTE,ROUTE_SUFFIX,POSTMILE_PREFIX,POSTMILE,LOCATION_TYPE,RAMP_INTERSECTION,SIDE_OF_HWY,TOW_AWAY,COLLISION_SEVERITY,NUMBER_KILLED,NUMBER_INJURED,PARTY_COUNT,PRIMARY_COLL_FACTOR,PCF_CODE_OF_VIOL,PCF_VIOL_CATEGORY,PCF_VIOLATION,PCF_VIOL_SUBSECTION,HIT_AND_RUN,TYPE_OF_COLLISION,MVIW,PED_ACTION,ROAD_SURFACE,ROAD_COND_1,ROAD_COND_2,LIGHTING,CONTROL_DEVICE,CHP_ROAD_TYPE,PEDESTRIAN_ACCIDENT,BICYCLE_ACCIDENT,MOTORCYCLE_ACCIDENT,TRUCK_ACCIDENT,NOT_PRIVATE_PROPERTY,ALCOHOL_INVOLVED,STWD_VEHTYPE_AT_FAULT,CHP_VEHTYPE_AT_FAULT,COUNT_SEVERE_INJ,COUNT_VISIBLE_INJ,COUNT_COMPLAINT_PAIN,COUNT_PED_KILLED,COUNT_PED_INJURED,COUNT_BICYCLIST_KILLED,COUNT_BICYCLIST_INJURED,COUNT_MC_KILLED,COUNT_MC_INJURED,PRIMARY_RAMP,SECONDARY_RAMP,LATITUDE,LONGITUDE,COUNTY,CITY,POINT_X,POINT_Y
91907647,2022,2022-11-02,9375,2022-10-22,1640,022470,,6,2,9,0100,0,3,5,,2,004,"OLD DUBLIN ROAD","FIVE CANYONS PARKWAY",222.00,E,N,A,-,N,,,,,,,,,,Y,2,0,2,1,A,-,08,22107,,N,E,I,A,A,H,-,A,D,0,,,Y,,Y,,C,06,1,0,1,0,0,0,0,0,2,"- ","- ",37.697238922119141,-122.04550170898438,ALAMEDA,UNINCORPORATED,-122.04558563232422,37.697257995605469
91911657,2022,2022-11-07,9390,2022-10-30,1500,022867,,7,2,6,0105,0,1,1,,2,064,"I-680 SOUTHBOUND","SR-262 / SOUTH MISSION BOULEVARD",3010.00,N,N,A,-,Y,ALA,,680,,M,2.978,H,,L,N,2,0,5,2,A,-,03,22350,,N,C,C,A,A,H,-,A,D,0,,,,,Y,,A,01,1,3,1,0,0,0,0,0,0,"- ","- ",37.501689910888672,-121.93044281005859,ALAMEDA,FREMONT,-121.93038940429688,37.501728057861328
91913503,2022,2022-11-09,9345,2022-08-16,2106,022620,,2,2,4,0108,0,1,3,,1,184,"SR-84 NORTHBOUND","LAKE BOULEVARD",589.00,W,N,A,-,Y,ALA,,84,,R,5.290,H,,R,Y,1,1,0,2,A,-,07,21658,A,N,B,2,A,A,H,-,C,D,0,,,,,Y,,A,01,0,0,0,0,0,0,0,0,0,"- ","- ",37.555221557617188,-122.04659271240234,ALAMEDA,NEWARK,-122.04657745361328,37.555206298828125
91915627,2022,2022-11-11,9370,2022-04-26,0220,021803,,2,3,7,0109,0,1,1,,2,052,"I-580 E/B","KUHLNE AVENUE",20.00,E,N,A,-,Y,ALA,,580,,R,38.991,H,,R,N,2,0,1,2,A,-,03,22350,,N,C,C,A,A,H,-,C,D,0,,,,,Y,,A,01,1,0,0,0,0,0,0,0,0,"- ","- ",37.781528472900391,-122.1746826171875,ALAMEDA,OAKLAND,-122.17453002929688,37.78167724609375
91916383,2022,2022-11-14,9370,2022-09-04,1208,022848,,7,1,2,0104,0,1,1,,2,008,"I-80 E/B","POWELL STREET",1110.00,W,N,A,-,Y,ALA,,80,,,3.602,H,,R,Y,2,0,2,2,A,-,07,21658,A,F,B,C,A,A,H,-,C,D,0,,,Y,,Y,,-,99,1,1,0,0,0,0,0,0,2,"- ","- ",37.835361480712891,-122.29492950439453,ALAMEDA,EMERYVILLE,-122.29508209228516,37.835308074951172
91916735,2022,2022-11-14,9345,2022-11-13,0421,022662,,7,3,9,0100,0,1,1,,2,238,"I-238 NORTHBOUND","ASHLAND AVENUE",60.00,N,N,A,-,Y,ALA,,238,,,15.686,H,,R,Y,2,0,3,2,A,-,01,23152,A,N,E,8,A,A,A,-,C,D,0,,,,Y,Y,Y,A,01,1,1,1,0,0,0,0,0,0,"- ","- ",37.689579010009766,-122.11929321289062,ALAMEDA,UNINCORPORATED,-122.11927032470703,37.689651489257812
91922541,2022,2022-11-21,9370,2022-10-16,0345,022841,,7,3,7,0109,0,1,3,,2,024,"SR-24 W/B","COLLEGE AVE",3190.00,E,N,A,-,Y,ALA,,24,,R,4.314,H,,L,Y,2,0,1,1,A,-,08,22107,,N,E,8,A,A,H,-,D,D,0,,,,,Y,,A,01,1,0,0,0,0,0,0,0,0,"- ","- ",37.849220275878906,-122.24221801757812,ALAMEDA,OAKLAND,-122.24227905273438,37.849292755126953
91923939,2022,2022-11-22,9390,2022-11-11,1320,022149,,5,1,9,0100,0,2,4,,2,440,"MINES ROAD (11700 BLOCK)","MM 7.96",120.00,S,N,A,-,N,,,,,,,,,,Y,2,0,1,1,A,-,03,22350,,N,F,A,A,A,B,-,A,D,0,,,Y,,Y,,C,02,1,0,0,0,0,0,0,0,1,"- ","- ",37.596630096435547,-121.63974761962891,ALAMEDA,UNINCORPORATED,,
91924150,2022,2022-11-22,9390,2022-11-12,1305,019865,,6,1,9,0100,0,2,4,,2,440,"MINES RD. (13600 BLOCK)","DEL VALLE RD.",22704.00,S,N,A,-,N,,,,,,,,,,N,2,0,1,1,A,-,08,22107,,N,F,A,A,A,H,-,A,D,0,,,Y,,Y,,C,02,1,0,0,0,0,0,0,0,1,"- ","- ",37.59661865234375,-121.63973236083984,ALAMEDA,UNINCORPORATED,-121.70281219482422,37.622108459472656
91924497,2022,2022-11-22,9375,2022-11-14,1753,022121,,1,2,9,0100,0,2,4,,1,048,"PALOMARES ROAD","MPM 4.45",30.00,N,N,A,-,N,,,,,,,,,,Y,2,0,1,1,A,-,03,22350,,N,F,A,A,A,H,-,D,D,0,,,Y,,Y,,C,06,1,0,0,0,0,0,0,0,1,"- ","- ",37.6497802734375,-121.97733306884766,ALAMEDA,UNINCORPORATED,,
91925762,2022,2022-11-23,9390,2022-11-12,1829,020368,,6,2,5,0111,0,1,1,,2,067,"I-680 SOUTHBOUND","WEST LAS POSITAS BOULEVARD OVERCROSSING",2640.00,S,N,A,-,Y,ALA,,680,,R,17.919,H,,L,Y,2,0,2,4,A,-,03,22350,,N,C,C,A,A,H,-,D,D,0,,,,,Y,,A,01,1,0,1,0,0,0,0,0,0,"- ","- ",37.671298980712891,-121.91117095947266,ALAMEDA,PLEASANTON,-121.91127014160156,37.671276092529297
91927599,2022,2022-11-28,9345,2022-11-19,0850,022811,,6,1,5,0112,0,1,1,,2,075,"I-880 N/B","DAVIS ST",10.00,S,N,A,-,Y,ALA,,880,,,23.666,H,,R,Y,2,0,1,2,C,-,18,,,N,C,2,A,A,H,-,A,D,0,,,,,Y,,-,"- ",1,0,0,0,0,0,0,0,0,"- ","- ",37.719249725341797,-122.17677307128906,ALAMEDA,"SAN LEANDRO",-122.17675018310547,37.719264984130859
91929084,2022,2022-11-29,9370,2022-11-08,0235,023081,,2,3,7,0109,0,1,1,,2,179,"I-880 N/B TO I-80 E/B","POWELL ST",2640.00,S,N,C,-,Y,ALA,,880,,R,35.417,H,,R,Y,2,0,1,1,A,-,03,22350,,N,E,9,A,B,H,-,D,D,0,,,,Y,Y,,F,25,1,0,0,0,0,0,0,0,0,"- ","- ",37.830810546875,-122.29347991943359,ALAMEDA,OAKLAND,-122.29345703125,37.830810546875
9193152,2020,2021-01-08,0106,2020-09-23,0754,395,,3,5,6,0106,0,0,0,,0,00D,"WEST WINTON AV","ALEXANDER CT",307.00,E,N,A,-,N,,,,,,,,,,N,2,0,1,2,-,-,"- ",,,N,B,G,A,A,H,-,A,D,0,,Y,,,Y,,I,11,1,0,0,0,0,0,1,0,0,"- ","- ",37.652908325195312,-122.13088226318359,ALAMEDA,HAYWARD,-122.12982177734375,37.652938842773438
9193250,2020,2021-02-08,0112,2020-11-28,1725,390,,6,5,5,0112,0,0,0,,0,003,"WASHINGTON AV","RT 880",0.00,,Y,A,-,Y,ALA,4,880,-,-,20.686,R,4,N,Y,2,0,1,1,A,-,08,22107,,N,H,I,A,A,H,-,C,A,0,,,Y,,Y,,C,02,1,0,0,0,0,0,0,0,1,"- ",NF,,,ALAMEDA,"SAN LEANDRO",-122.13701629638672,37.690193176269531
91937835,2022,2022-12-09,9370,2022-08-19,0450,022637,,5,3,2,0104,0,1,1,,2,008,"I-80 W/B","SAN FRANCISCO OAKLAND BAY BRIDGE TOLL PLAZA",5062.00,E,N,A,-,Y,ALA,,80,,,2.932,H,,L,N,1,1,0,2,A,-,11,21954,A,M,G,B,E,A,H,-,C,D,0,Y,,,,Y,,N,60,0,0,0,1,0,0,0,0,0,"- ","- ",37.827289581298828,-122.29740905761719,ALAMEDA,EMERYVILLE,-122.29738616943359,37.827236175537109
91938221,2022,2022-12-09,9345,2022-09-19,2352,022620,,1,3,5,0112,0,1,1,,2,075,"INTERSTATE 880 NORTHBOUND TO DAVIS STREET","DAVIS STREET",234.00,S,N,A,-,Y,ALA,,880,,,23.599,H,,R,Y,1,1,0,1,A,-,08,22107,,N,E,I,A,A,H,-,C,D,0,,,,,Y,,-,"- ",0,0,0,0,0,0,0,0,0,"- ","- ",37.718658447265625,-122.17574310302734,ALAMEDA,"SAN LEANDRO",-122.17597961425781,37.718505859375
9193974,2020,2020-12-16,0106,2020-10-27,0835,403,,2,5,6,0106,0,0,0,,0,00E,"INDUSTRIAL BL","WEST TENNYSON RD",23.00,N,N,A,-,N,,,,,,,,,,N,2,0,1,2,A,-,12,21453,A,N,H,J,A,A,H,-,A,A,0,,,,,Y,,A,01,1,0,0,0,0,0,0,0,0,"- ","- ",37.626819610595703,-122.10643005371094,ALAMEDA,HAYWARD,-122.10593414306641,37.626495361328125
9194141,2020,2021-02-05,0105,2020-12-13,1452,14997,371,7,5,6,0105,0,0,0,,0,001,"MOWRY AV","THANE ST",40.00,W,N,B,-,N,,,,,,,,,,Y,2,0,1,2,A,-,03,22350,,N,G,B,F,B,H,-,A,D,0,Y,,,,Y,,A,01,1,0,0,0,1,0,0,0,0,"- ","- ",,,ALAMEDA,FREMONT,-121.96981048583984,37.569194793701172
91945312,2022,2022-12-19,9370,2022-11-13,1709,022990,,7,2,7,0109,0,1,1,,2,054,"I-580 E/B","GRAND AVE",475.00,W,N,A,-,Y,ALA,,580,,,43.728,H,,R,N,2,0,1,1,C,-,18,,,N,F,A,A,A,H,-,A,D,0,,,Y,,Y,,-,"- ",1,0,0,0,0,0,0,0,1,"- ","- ",37.811328887939453,-122.25007629394531,ALAMEDA,OAKLAND,-122.24983215332031,37.811454772949219
91945664,2022,2022-12-19,9390,2022-12-08,0925,022149,,4,1,9,0100,0,1,1,,2,054,"I-580 WESTBOUND","UNION PACIFIC RAILROAD UNDERCROSSING (STONECUT)",600.00,W,N,A,-,Y,ALA,,580,,R,4.076,H,,R,Y,2,0,1,2,A,-,03,22350,,N,B,C,A,A,H,-,A,D,0,,,Y,,Y,,C,02,1,0,0,0,0,0,0,0,1,"- ","- ",37.732891082763672,-121.63197326660156,ALAMEDA,UNINCORPORATED,-121.63198852539062,37.73291015625
91946665,2022,2022-12-20,9370,2022-11-24,1645,022922,,4,2,7,0109,0,1,1,,2,008,"I-80 E/B","W. GRAND AVE",1400.00,E,N,A,-,Y,ALA,,80,,,2.502,H,,R,Y,2,0,1,3,A,-,07,21658,A,M,B,C,A,A,H,-,B,D,0,,,Y,,Y,,-,99,1,0,0,0,0,0,0,0,1,"- ","- ",37.825160980224609,-122.30473327636719,ALAMEDA,OAKLAND,-122.30474090576172,37.825180053710938
91949157,2022,2022-12-22,9370,2022-12-14,1115,022487,,3,1,7,0109,0,1,1,,2,176,"I-880 N/B","HEGENBERGER RD",95.00,N,N,A,-,Y,ALA,,880,,,25.539,H,,R,Y,2,0,2,4,A,-,03,22350,,N,C,2,A,A,H,-,A,D,0,,,,Y,Y,,G,27,1,1,0,0,0,0,0,0,0,"- ","- ",37.741268157958984,-122.19680786132812,ALAMEDA,OAKLAND,-122.19680023193359,37.741275787353516
91949718,2022,2022-12-22,9375,2022-12-03,2155,022229,,6,2,9,0100,0,1,3,,1,185,"SR-185(E.14TH STREET)","ASHLAND AVENUE",280.50,N,N,B,-,Y,,,,,,,,,,Y,1,1,0,1,A,-,08,22107,,N,E,8,A,B,H,-,C,D,0,,,,,Y,,A,01,0,0,0,0,0,0,0,0,0,"- ","- ",37.698879241943359,-122.11943817138672,ALAMEDA,UNINCORPORATED,-122.11941528320312,37.698917388916016
91963078,2022,2023-01-09,9370,2022-09-23,1655,022863,,5,2,6,0103,0,1,1,,2,081,"I-80 W/B","UNIVERSITY AVE",2210.00,W,N,A,-,Y,ALA,,80,,,5.410,H,,L,Y,2,0,1,2,A,-,03,22350,,M,B,C,A,A,H,-,A,D,0,,,Y,Y,Y,,C,02,1,0,0,0,0,0,0,0,1,"- ","- ",37.860759735107422,-122.30217742919922,ALAMEDA,BERKELEY,-122.30219268798828,37.860755920410156
91965802,2023,2023-01-11,9370,2023-01-01,"710 ",022280,,7,1,3,0102,0,1,1,,2,057,"I-580 E/B","BUCHANAN STREET",1200.00,W,N,B,-,Y,ALA,,580," ",R,47.497,H,,R,N,2,0,2,2,A,-,01,23152,A,N,E,I,A,B,H,-,A,D,0,,,Y,,Y,Y,A,07,1,1,0,0,0,0,0,0,1,"- ","- ",37.890739440917969,-122.30857849121094,ALAMEDA,ALBANY,-122.30844116210938,37.890758514404297
91967562,2022,2023-01-13,9370,2022-11-17,0156,023081,,4,3,7,0109,0,1,3,,2,024,"SR-24 W/B FROM 51ST STREET","SHATTUCK AVE",420.00,W,N,A,-,Y,ALA,,24,,R,2.797,H,,L,N,2,0,1,2,A,-,13,22515,A,F,G,B,E,A,H,-,D,D,0,Y,,,,Y,,M,59,1,0,0,0,1,0,0,0,0,"- ","- ",37.837940216064453,-122.26582336425781,ALAMEDA,OAKLAND,-122.26555633544922,37.837890625
91968252,2022,2023-01-13,9390,2022-12-31,0811,020173,,6,1,5,0101,0,1,1,,2,050,"I-580 EASTBOUND","FOOTHILL ROAD",6864.00,W,N,C,-,Y,ALA,,580,,R,22.735,H,,L,Y,2,0,3,2,A,-,08,22107,,N,C,C,A,B,H,-,A,D,0,,,,,Y,,A,01,1,1,1,0,0,0,0,0,0,"- ","- ",37.698089599609375,-121.95893096923828,ALAMEDA,ALAMEDA,-121.95894622802734,37.698162078857422
91970814,2022,2023-01-18,9390,2022-11-29,0716,021964,,2,1,9,0100,0,1,1,,2,054,"I-580 EASTBOUND","UNION PACIFIC RAILROAD OVERCROSSING (STONECUT)",3375.00,W,N,A,-,Y,,,,,,,,,,Y,1,1,0,1,A,-,08,22107,,N,E,I,A,A,H,-,B,D,0,,,,,Y,,A,07,0,0,0,0,0,0,0,0,0,"- ","- ",37.725940704345703,-121.63847351074219,ALAMEDA,UNINCORPORATED,-121.63855743408203,37.726203918457031
91970930,2023,2023-01-18,9390,2023-01-09,"150 ",022867,,1,3,9,0100,0,2,4,,2,227,"STANLEY BOULEVARD","ISABEL AVENUE",5280.00,W,N,B,C,N,,,,,,,,,,Y,2,0,2,3,C,-,18,,,N,D,B,E,B,H,-,D,D,0,Y,,,,Y,,-,"- ",1,1,0,0,1,0,0,0,0,"- ","- ",37.674198150634766,-121.82354736328125,ALAMEDA,UNINCORPORATED,-121.82352447509766,37.674186706542969
91974459,2022,2023-01-23,9390,2022-12-08,0307,021947,,4,3,5,0111,0,1,1,,2,051,"I-580 WESTBOUND TO I-680 NORTHBOUND","I-680 NORTHBOUND",505.00,E,N,A,-,Y,,,,,,,,,,Y,1,1,0,1,A,-,01,23152,G,N,E,I,A,A,H,-,C,D,0,,,,,Y,Y,A,01,0,0,0,0,0,0,0,0,0,"- ","- ",37.701869964599609,-121.92092132568359,ALAMEDA,PLEASANTON,-121.92092132568359,37.701869964599609
9198071,2020,2021-02-09,0108,2020-11-29,0945,12162,,7,5,4,0108,0,0,0,,0,,"DECOTO RD","RT 880",22.00,E,N,A,-,Y,ALA,4,680,-,-,10.443,R,4,S,N,2,0,2,3,A,-,12,21453,A,N,D,C,A,A,H,-,A,A,0,,,,,Y,,A,01,1,0,1,0,0,0,0,0,0,"- ",SF,37.560508728027344,-122.03547668457031,ALAMEDA,NEWARK,-121.87542724609375,37.580421447753906
9198515,2020,2021-01-21,0107,2020-10-11,0413,C638,C240,7,5,5,0107,0,0,0,,0,004,"DEL MAR AV","WILLIAM DR",211.00,W,N,A,-,N,,,,,,,,,,Y,2,0,1,2,A,-,01,23152,A,N,B,E,A,A,H,-,C,D,0,,,,,Y,Y,A,01,1,0,0,0,0,0,0,0,0,"- ","- ",37.670459747314453,-121.78865814208984,ALAMEDA,LIVERMORE,-121.78870391845703,37.670154571533203
91986019,2023,2023-02-03,9345,2023-01-27,1705,022904,,5,2,6,0105,0,1,1,,2,070,"I-880 N/B (NIMITZ FREEWAY)","WARREN AVE",1766.00,S,N,A,-,Y,ALA,,880," ",R,1.663,H,,R,Y,2,0,1,3,A,-,08,22107,,N,B,C,A,A,H,-,B,D,0,,,Y,,Y,,C,02,1,0,0,0,0,0,0,0,1,"- ","- ",37.479190826416016,-121.93392944335938,ALAMEDA,FREMONT,-121.93390655517578,37.479198455810547
91986170,2023,2023-02-03,9345,2023-01-27,"10  ",023018,,5,3,9,0100,0,2,S,,2,012,"HESPERIAN BLVD",I-880,100.00,N,N,A,-,N,,,,,,,,,,Y,2,0,1,1,A,-,01,23152,A,N,A,8,A,A,H,-,C,A,0,,,,,Y,Y,-,"- ",1,0,0,0,0,0,0,0,0,"- ","- ",37.691791534423828,-122.12993621826172,ALAMEDA,UNINCORPORATED,-122.12986755371094,37.685504913330078
9198913,2020,2021-01-21,0109,2020-10-27,0638,9848,2,2,5,7,0109,0,0,0,,0,24X,"HIGH ST","SAN CARLOS ST",125.00,S,N,A,-,N,,,,,,,,,,Y,2,0,2,5,A,-,05,21651,B,N,B,C,A,A,H,-,B,D,0,,,,,Y,,A,01,1,0,1,0,0,0,0,0,0,"- ","- ",,,ALAMEDA,OAKLAND,-122.20832824707031,37.778095245361328
91996882,2023,2023-02-17,9345,2023-02-07,1225,022955,,2,1,9,0100,0,1,S,,2,581,"I-580 W/B","167TH AVE",1761.00,E,N,A,-,Y,ALA,,580," ",M,30.985,H,,R,Y,2,0,1,1,A,-,03,22350,,N,E,J,A,A,H,-,A,D,0,,,,,Y,,J,49,1,0,0,0,0,0,0,0,0,"- ","- ",37.691539764404297,-122.09998321533203,ALAMEDA,UNINCORPORATED,-122.09993743896484,37.691585540771484
91998295,2023,2023-02-20,9345,2023-02-12,"132 ",022904,,7,3,6,0106,0,1,1,,2,073,"I-880 S/B (NIMITZ FREEWAY)","WINTON AVE.",1516.00,N,N,A,-,Y,ALA,,880," "," ",17.899,H,,L,Y,2,0,1,2,A,-,01,23152,A,N,C,C,A,A,H,-,C,D,0,,,,,Y,Y,A,01,1,0,0,0,0,0,0,0,0,"- ","- ",37.660228729248047,-122.10398864746094,ALAMEDA,HAYWARD,-122.10398864746094,37.660232543945312
9199853,2020,2020-12-28,0109,2020-09-18,1740,9488,1,5,5,7,0109,0,0,0,,0,02X,"8TH ST","CHESTER ST",0.00,,Y,A,-,N,,,,,,,,,,Y,2,0,1,2,A,-,12,22450,A,F,D,C,A,A,H,-,A,A,0,,,Y,,Y,,A,01,1,0,0,0,0,0,0,0,1,"- ","- ",,,ALAMEDA,OAKLAND,-122.29562377929688,37.806598663330078
92003370,2023,2023-02-27,9390,2023-02-22,2135,021947,,3,2,5,0111,0,1,1,,2,051,"I-580 WESTBOUND TO TASSAJARA ROAD","TASSAJARA ROAD",634.00,E,N,C,-,Y,ALA,,580," "," ",17.826,H,,R,Y,2,0,2,1,A,-,01,23152,A,N,E,I,A,B,H,-,C,D,0,,,,,Y,Y,A,01,2,0,0,0,0,0,0,0,0,"- ","- ",37.701808929443359,-121.86988830566406,ALAMEDA,PLEASANTON,-121.86989593505859,37.701549530029297
92003761,2022,2023-02-27,9345,2022-10-24,1010,022936,,1,1,9,0100,0,1,1,,2,074,"INTERSTATE 880 SOUTHBOUND (NIMITZ FREEWAY)","HESPERIAN BLVD",15.00,S,N,A,-,Y,ALA,,880,,,20.176,H,,L,Y,1,1,5,4,A,-,08,22107,,N,C,2,A,A,H,-,A,D,0,,,,,Y,,D,22,1,2,2,0,0,0,0,0,0,"- ","- ",37.685020446777344,-122.12989044189453,ALAMEDA,UNINCORPORATED,-122.12993621826172,37.684978485107422
92007109,2023,2023-03-01,9370,2023-02-01,"232 ",022611,,3,3,7,0109,0,1,1,,2,178,"I-880 N/B","7TH ST",1510.00,S,N,A,-,Y,ALA,,880," ",R,33.207,H,,R,N,2,0,1,4,C,-,18,,,N,C,C,E,A,H,-,D,D,0,Y,,,,Y,,-,"- ",1,0,0,0,1,0,0,0,0,"- ","- ",37.804031372070312,-122.30210113525391,ALAMEDA,OAKLAND,-122.30213165283203,37.804004669189453
92013539,2023,2023-03-09,9370,2023-02-26,1600,022964,,7,2,7,0109,0,1,1,,2,178,"I-880 N/B","5TH STREET",980.00,N,N,C,-,Y,ALA,,880," ",R,32.652,H,,R,N,2,0,7,2,A,-,03,22350,,N,E,I,A,B,H,-,A,D,0,,,,,Y,,A,01,2,0,5,0,0,0,0,0,0,"- ","- ",37.802501678466797,-122.29282379150391,ALAMEDA,OAKLAND,-122.29283905029297,37.802574157714844
92017226,2023,2023-03-14,9345,2023-03-02,"530 ",023197,,4,3,9,0100,0,2,S,,2,022,"E. LEWELLING BLVD","PARASIDE BLVD",10.00,E,N,A,-,N,,,,,,,,,,N,2,0,1,2,A,-,10,21950,A,N,G,B,C,A,H,-,B,D,0,Y,,,,Y,,A,01,1,0,0,0,1,0,0,0,0,"- ","- ",37.687179565429688,-122.11119842529297,ALAMEDA,UNINCORPORATED,,
92021055,2023,2023-03-17,9345,2023-03-12,"851 ",022937,,7,1,5,0112,0,1,1,,2,075,"I-880 S/B","MARINA BLVD",1056.00,N,N,C,-,Y,ALA,,880," "," ",23.124,H,,L,Y,2,0,1,1,A,-,03,22350,,N,E,8,A,B,H,-,A,D,0,,,,,Y,,A,01,1,0,0,0,0,0,0,0,0,"- ","- ",37.713069915771484,-122.17080688476562,ALAMEDA,"SAN LEANDRO",-122.17066955566406,37.713191986083984
92022205,2023,2023-03-20,9370,2023-03-05,"45  ",022831,,7,3,7,0109,0,1,1,,2,052,"I-580 E/B",SR-13,630.00,E,N,C,-,Y,ALA,,580," ",R,39.100,H,,L,Y,2,0,1,1,A,-,01,23152,A,N,E,I,A,B,H,-,C,D,0,,,,,Y,,A,01,1,0,0,0,0,0,0,0,0,"- ","- ",37.7823486328125,-122.17622375488281,ALAMEDA,OAKLAND,-122.17611694335938,37.782444000244141
92023454,2023,2023-03-21,9390,2023-03-11,1030,020987,,6,1,5,0107,0,1,1,,2,053,"NORTH LIVERMORE AVENUE","I-580 WESTBOUND",0.00,,Y,B,-,N,,,,,,,,,,Y,2,0,2,2,A,-,12,21453,A,N,D,C,A,B,H,-,A,D,0,,,Y,,Y,,C,02,1,0,1,0,0,0,0,0,1,"- ","- ",37.701488494873047,-121.77371215820312,ALAMEDA,LIVERMORE,-121.77392578125,37.700965881347656
92023541,2022,2023-03-21,9390,2022-12-14,1440,020657,,3,2,9,0100,0,2,4,,2,220,"DUBLIN CANYON ROAD (10600 BLOCK)","CANYON CREEK CIRCLE",994.00,W,N,A,-,Y,,,,,,,,,,Y,1,1,2,2,A,-,05,21460,A,N,A,C,A,A,H,-,A,D,0,,,,,Y,,A,01,1,1,0,0,0,0,0,0,0,"- ","- ",37.697811126708984,-121.95717620849609,ALAMEDA,UNINCORPORATED,-121.95606994628906,37.697422027587891
92027475,2023,2023-03-24,9345,2023-03-14,"359 ",022773,,2,3,9,0100,0,1,S,,2,239,"SR 238 (FOOTHILL BOULEVARD)","APPLE AVENUE",180.00,N,N,C,-,Y,ALA,,238," "," ",14.010,H,,R,N,2,0,2,2,A,-,03,22350,,N,D,C,A,B,H,-,C,D,0,,,,Y,Y,,A,01,1,1,0,0,0,0,0,0,0,"- ","- ",37.685409545898438,-122.09269714355469,ALAMEDA,UNINCORPORATED,-122.09259796142578,37.685497283935547
92030360,2023,2023-03-28,9370,2023-03-13,2110,022821,,1,2,3,0102,0,1,1,,2,081,"I-80 E/B","CENTRAL AVE",2230.00,W,N,C,-,Y,ALA,,80," "," ",7.847,H,,R,Y,2,0,2,2,A,-,08,22107,,N,E,2,A,B,H,-,D,D,0,,,,,Y,,D,22,1,0,1,0,0,0,0,0,0,"- ","- ",37.895179748535156,-122.30815124511719,ALAMEDA,ALBANY,-122.30807495117188,37.895198822021484
92030538,2023,2023-03-28,9370,2023-03-16,"855 ",022798,,4,1,2,0104,0,1,1,,2,080,"I-80 E/B FROM POWELL STREET","POWELL ST",260.00,E,N,A,-,Y,ALA,,80," "," ",3.866,H,,R,Y,2,0,2,2,A,-,07,21658,A,N,B,C,A,A,H,-,A,A,0,,,,,Y,,A,01,1,0,1,0,0,0,0,0,0,"- ","- ",37.839019775390625,-122.29637908935547,ALAMEDA,EMERYVILLE,-122.29666900634766,37.838985443115234
92035617,2023,2023-04-03,9345,2023-03-26,1510,022944,,7,2,6,0106,0,1,1,,2,073,"I-880 N/B",SR-92,2112.00,S,N,A,-,Y,ALA,,880," "," ",16.324,H,,R,Y,2,0,1,1,A,-,08,22107,,N,F,A,A,A,H,-,A,D,0,,,Y,,Y,,C,02,1,0,0,0,0,0,0,0,1,"- ","- ",37.6396484375,-122.08998107910156,ALAMEDA,HAYWARD,-122.09003448486328,37.639625549316406
92044162,2023,2023-04-13,9345,2023-04-04,1630,021961,,2,2,6,0106,0,1,1,,2,072,"I-880 N/B (NIMITZ FREEWAY)","INDUSTRIAL PARKWAY",1320.00,S,N,A,-,Y,ALA,,880," "," ",14.193,H,,R,N,2,0,2,2,A,-,07,21658,A,N,B,2,A,A,H,-,A,A,0,,,Y,,Y,,A,01,1,0,1,0,0,0,0,0,1,"- ","- ",37.613151550292969,-122.07118225097656,ALAMEDA,HAYWARD,-122.07105255126953,37.613208770751953