CASE_ID,ACCIDENT_YEAR,PROC_DATE,JURIS,COLLISION_DATE,COLLISION_TIME,OFFICER_ID,REPORTING_DISTRICT,DAY_OF_WEEK,CHP_SHIFT,POPULATION,CNTY_CITY_LOC,SPECIAL_COND,BEAT_TYPE,CHP_BEAT_TYPE,CITY_DIVISION_LAPD,CHP_BEAT_CLASS,BEAT_NUMBER,PRIMARY_RD,SECONDARY_RD,DISTANCE,DIRECTION,INTERSECTION,WEATHER_1,WEATHER_2,STATE_HWY_IND,CALTRANS_COUNTY,CALTRANS_DISTRICT,STATE_ROUTE,ROUTE_SUFFIX,POSTMILE_PREFIX,POSTMILE,LOCATION_TYPE,RAMP_INTERSECTION,SIDE_OF_HWY,TOW_AWAY,COLLISION_SEVERITY,NUMBER_KILLED,NUMBER_INJURED,PARTY_COUNT,PRIMARY_COLL_FACTOR,PCF_CODE_OF_VIOL,PCF_VIOL_CATEGORY,PCF_VIOLATION,PCF_VIOL_SUBSECTION,HIT_AND_RUN,TYPE_OF_COLLISION,MVIW,PED_ACTION,ROAD_SURFACE,ROAD_COND_1,ROAD_COND_2,LIGHTING,CONTROL_DEVICE,CHP_ROAD_TYPE,PEDESTRIAN_ACCIDENT,BICYCLE_ACCIDENT,MOTORCYCLE_ACCIDENT,TRUCK_ACCIDENT,NOT_PRIVATE_PROPERTY,ALCOHOL_INVOLVED,STWD_VEHTYPE_AT_FAULT,CHP_VEHTYPE_AT_FAULT,COUNT_SEVERE_INJ,COUNT_VISIBLE_INJ,COUNT_COMPLAINT_PAIN,COUNT_PED_KILLED,COUNT_PED_INJURED,COUNT_BICYCLIST_KILLED,COUNT_BICYCLIST_INJURED,COUNT_MC_KILLED,COUNT_MC_INJURED,PRIMARY_RAMP,SECONDARY_RAMP,LATITUDE,LONGITUDE,COUNTY,CITY,POINT_X,POINT_Y
92044264,2023,2023-04-13,9345,2023-04-02,1805,022870,,7,2,5,0112,0,1,S,,2,580,"I-580 W/B","GRAND AVE",1100.00,W,N,A,-,Y,ALA,,580," ",R,34.163,H,,L,Y,2,0,1,1,A,-,01,23152,A,N,E,8,A,A,H,-,A,D,0,,,,,Y,Y,A,01,1,0,0,0,0,0,0,0,0,"- ","- ",37.725078582763672,-122.13752746582031,ALAMEDA,"SAN LEANDRO",-122.13767242431641,37.725044250488281
92048603,2023,2023-04-19,9370,2023-04-06,1615,022611,,4,2,6,0103,0,1,1,,2,081,"I-80 W/B","ASHBY AVE",1345.00,E,N,A,-,Y,ALA,,80," "," ",4.840,H,,L,N,2,0,3,2,A,-,08,22107,,N,C,E,A,A,H,-,A,D,0,,,,Y,Y,,A,01,1,2,0,0,0,0,0,0,0,"- ","- ",37.852680206298828,-122.30005645751953,ALAMEDA,BERKELEY,-122.29996490478516,37.852695465087891
92049601,2023,2023-04-20,9370,2023-04-10,"109 ",023135,,1,3,7,0109,0,1,1,,2,178,"I-880 N/B","7TH ST",2561.00,N,N,A,-,Y,ALA,,880," ",R,34.028,H,,R,Y,2,0,1,1,A,-,08,22107,,N,E,I,A,A,H,-,D,D,0,,,,,Y,,A,01,1,0,0,0,0,0,0,0,0,"- ","- ",37.814220428466797,-122.30092620849609,ALAMEDA,OAKLAND,-122.30081939697266,37.814113616943359
92057537,2023,2023-05-01,9370,2023-03-23,1130,023194,,4,1,7,0109,0,1,1,,2,055,"I-580 E/B","MANDELA PKY",140.00,W,N,A,-,Y,ALA,,580," "," ",46.381,H,,R,Y,2,0,1,2,A,-,03,22350,,N,C,C,A,A,H,-,A,D,0,,,Y,,Y,,C,02,1,0,0,0,0,0,0,0,1,"- ","- ",37.826618194580078,-122.29026794433594,ALAMEDA,OAKLAND,-122.29011535644531,37.826847076416016
92059627,2023,2023-05-03,9345,2023-04-20,2310,022131,,4,3,6,0106,0,1,1,,2,073,"I-880 NORTHBOUND","A"" STREET""",1300.00,S,N,A,-,Y,ALA,,880," "," ",18.117,H,,R,N,2,0,1,2,A,-,01,23152,A,N,C,C,A,A,H,-,C,D,0,,,,,Y,Y,A,01,1,0,0,0,0,0,0,0,0,"- ","- ",37.663101196289062,-122.10545349121094,ALAMEDA,HAYWARD,-122.10544586181641,37.663101196289062
92061287,2022,2023-05-04,9335,2022-10-03,0237,022860,,1,3,7,0109,0,1,1,,2,084,"I-80 E/B (DWIGHT D. EISENHOWER HIGHWAY)","SAN FRANCISCO/ALEMEDA COUNTY LINE",4738.00,E,N,A,-,Y,ALA,,80,,R,0.891,H,,R,Y,1,1,1,3,A,-,03,22350,,N,C,E,E,A,H,-,C,D,0,Y,,,,Y,,A,01,0,1,0,1,0,0,0,0,0,"- ","- ",37.821090698242188,-122.33351135253906,ALAMEDA,OAKLAND,-122.33353424072266,37.821182250976562
9206903,2020,2021-01-27,0102,2020-11-05,2018,9559,2,4,5,3,0102,0,0,0,,0,27X,"57TH AV","HOLYWAY CT",10.00,N,N,-,-,N,,,,,,,,,,N,2,0,1,3,A,-,08,22107,,N,B,E,A,A,-,-,B,D,0,,,Y,,Y,,C,02,1,0,0,0,0,0,0,0,1,"- ","- ",,,ALAMEDA,ALBANY,-122.19746398925781,37.769016265869141
92069810,2023,2023-05-16,9345,2023-05-02,"430 ",022891,,2,3,5,0112,0,1,1,,2,075,"I-880 S/B","FLORESTA BLVD",1207.00,N,N,B,C,Y,ALA,,880," "," ",21.791,H,,L,Y,2,0,1,1,A,-,08,22107,,N,D,I,A,B,H,-,C,D,0,,,,,Y,,A,07,1,0,0,0,0,0,0,0,0,"- ","- ",37.700550079345703,-122.15225219726562,ALAMEDA,"SAN LEANDRO",-122.15232849121094,37.700477600097656
92069817,2023,2023-05-16,9345,2023-05-02,"431 ",022891,,2,3,5,0112,0,1,1,,2,075,"I-880 S/B","FLORESTA BLVD",1120.00,N,N,B,C,Y,ALA,,880," "," ",21.774,H,,L,Y,2,0,2,2,A,-,03,22350,,N,D,C,A,B,H,-,C,D,0,,,,,Y,,A,01,2,0,0,0,0,0,0,0,0,"- ","- ",37.700370788574219,-122.15203857421875,ALAMEDA,"SAN LEANDRO",-122.152099609375,37.7003173828125
9207060,2020,2021-01-15,0107,2020-11-01,1513,W625,A660,7,5,5,0107,0,0,0,,0,001,"N LIVERMORE AV","CHESTNUT ST",0.00,,Y,A,-,N,,,,,,,,,,Y,2,0,1,3,A,-,09,21801,A,N,D,C,A,A,H,-,A,A,0,,,Y,,Y,,A,07,1,0,0,0,0,0,0,0,1,"- ","- ",37.685398101806641,-121.77043914794922,ALAMEDA,LIVERMORE,-121.77053070068359,37.685379028320312
92071012,2023,2023-05-17,9390,2023-05-08,1620,023198,,1,2,9,0100,0,1,3,,2,330,"SR-84 / VALLECITOS ROAD","LITTLE VALLEY RD",1320.00,W,N,A,-,N,,,,,,,,,,Y,2,0,1,2,A,-,08,22107,,N,B,C,A,A,H,-,A,A,0,,,Y,,Y,,C,02,1,0,0,0,0,0,0,0,1,"- ","- ",37.599189758300781,-121.850830078125,ALAMEDA,UNINCORPORATED,-121.850830078125,37.599189758300781
92073728,2022,2023-05-22,9370,2022-11-17,1321,022974,,4,1,6,0103,0,1,1,,2,081,"I-80 W/B","GILMAN STREET",2103.00,E,N,A,-,Y,,,,,,,,,,Y,1,1,0,3,A,-,03,22350,,N,B,C,A,A,H,-,A,D,0,,,Y,Y,Y,,C,02,0,0,0,0,0,0,0,1,0,"- ","- ",37.530300140380859,-122.18312835693359,ALAMEDA,BERKELEY,-122.30569458007812,37.872524261474609
92075318,2023,2023-05-23,9345,2023-05-14,2040,023046,,7,2,5,0112,0,1,1,,2,075,"I-880 S/B","MARINA BLVD",200.00,N,N,A,-,Y,ALA,,880," "," ",22.978,H,,L,Y,2,0,3,3,A,-,01,23152,A,N,C,C,A,A,H,-,C,D,0,,,,,Y,Y,D,22,1,1,1,0,0,0,0,0,0,"- ","- ",37.711780548095703,-122.16887664794922,ALAMEDA,"SAN LEANDRO",-122.16876983642578,37.711879730224609
92075549,2023,2023-05-23,9390,2023-05-12,2250,021947,,5,3,5,0107,0,1,1,,2,052,"I-580 WESTBOUND","NORTH LIVERMORE AVENUE",2700.00,W,N,A,-,Y,ALA,,580," "," ",13.060,H,,L,Y,2,0,4,2,A,-,07,21658,A,N,C,C,A,A,H,-,C,D,0,,,,Y,Y,,A,07,1,2,1,0,0,0,0,0,0,"- ","- ",37.700019836425781,-121.78317260742188,ALAMEDA,LIVERMORE,-121.78314208984375,37.699794769287109
92082607,2023,2023-05-31,9390,2023-05-23,1347,020368,,2,1,6,0105,0,1,1,,2,064,"I-680 NORTHBOUND","SR-262 / MISSION BLVD",4224.00,S,N,A,-,Y,ALA,,680," ",M,1.557,H,,R,Y,2,0,1,1,A,-,08,22107,,N,E,I,A,A,H,-,A,D,0,,,,,Y,,D,22,1,0,0,0,0,0,0,0,0,"- ","- ",37.485538482666016,-121.91452026367188,ALAMEDA,FREMONT,-121.91466522216797,37.485477447509766
92090891,2023,2023-06-12,9390,2023-06-02,1609,021649,,5,2,9,0100,0,3,5,,2,300,"CALAVERAS ROAD","CAL GEARY ROAD",5070.00,N,N,A,-,N,,,,,,,,,,N,2,0,1,1,A,-,08,22107,,N,E,I,A,A,H,-,A,D,0,,,,,Y,,A,01,1,0,0,0,0,0,0,0,0,"- ","- ",37.521068572998047,-121.84784698486328,ALAMEDA,UNINCORPORATED,-121.85694885253906,37.543231964111328
92091714,2022,2023-06-12,9370,2022-09-03,2114,022854,,6,2,7,0109,0,1,1,,2,098,"I-980 E/B TO I-580 W/B","WEST STREET",300.00,W,N,A,-,Y,ALA,,580,,,45.341,H,,R,Y,1,1,1,2,A,-,11,21954,A,N,G,B,E,A,H,-,D,D,0,Y,,,,Y,,N,60,0,1,0,1,0,0,0,0,0,"- ","- ",37.825168609619141,-122.27111053466797,ALAMEDA,OAKLAND,-122.27115631103516,37.825065612792969
92098618,2023,2023-06-21,9370,2023-05-20,"119 ",022841,,6,3,7,0109,0,1,1,,2,098,"I-980 E/B FROM 17TH STREET","17TH ST",738.00,W,N,A,-,Y,ALA,,980," "," ",0.715,H,,L,N,2,0,1,2,A,-,11,21954,A,F,G,B,E,A,H,-,D,D,0,Y,,,,Y,,N,60,1,0,0,0,1,0,0,0,0,"- ","- ",37.807239532470703,-122.27818298339844,ALAMEDA,OAKLAND,-122.27796173095703,37.807147979736328
92099737,2022,2023-06-22,9330,2022-09-21,0431,021648,,3,3,6,0106,0,1,3,,1,037,"SR-92 E/B (SAN MATEO/HAYWARD BRIDGE)","SUBSTATION 7",780.00,W,N,B,-,Y,ALA,,92,,R,1.796,H,,R,Y,1,1,1,3,A,-,11,21954,A,N,G,B,E,B,H,-,E,D,0,Y,,,,Y,,N,60,0,0,1,1,0,0,0,0,0,"- ","- ",37.613391876220703,-122.16690063476562,ALAMEDA,HAYWARD,-122.16690826416016,37.613407135009766
92104351,2023,2023-06-28,9335,2023-06-13,"827 ",018804,,2,1,7,0109,0,1,1,,1,082,"I-80 W/B","ALAMEDA/SF COUNTY LINE",797.00,E,N,A,-,Y,ALA,,80," ",R,0.148,H,,L,N,2,0,1,2,A,-,07,21658,A,N,B,C,A,A,H,-,A,D,0,,,Y,,Y,,A,01,1,0,0,0,0,0,0,0,1,"- ","- ",37.819610595703125,-122.34703063964844,ALAMEDA,OAKLAND,-122.34703826904297,37.819644927978516
92107099,2023,2023-06-30,9345,2023-06-22,"40  ",022935,,4,3,9,0100,0,1,1,,2,238,I-238,"EAST 14TH",1584.00,S,N,A,-,Y,ALA,,238," "," ",15.306,H,,R,N,2,0,1,2,A,-,08,22107,,N,B,C,A,A,H,-,C,D,0,,,Y,,Y,,C,02,1,0,0,0,0,0,0,0,1,"- ","- ",37.688499450683594,-122.11282348632812,ALAMEDA,UNINCORPORATED,-122.11280059814453,37.688728332519531
92113812,2023,2023-07-11,9390,2023-06-11,2340,022478,,7,3,5,0107,0,1,1,,2,053,"I-580 EASTBOUND","VASCO ROAD",2600.00,E,N,A,-,Y,ALA,,580," ",R,9.189,H,,L,Y,2,0,1,2,A,-,03,22350,,N,C,2,A,A,H,-,C,D,0,,,,,Y,Y,D,22,1,0,0,0,0,0,0,0,0,"- ","- ",37.712390899658203,-121.71536254882812,ALAMEDA,LIVERMORE,-121.71540832519531,37.712455749511719
9211827,2020,2022-06-11,0109,2020-03-29,1851,9372,2,7,5,7,0109,0,0,0,,0,27X,"BANCROFT AV","COLE ST",100.00,W,N,A,-,N,,,,,,,,,,N,1,1,3,6,A,-,01,23152,G,F,B,E,F,A,H,-,B,D,0,Y,,,,Y,Y,A,01,3,0,0,1,3,0,0,0,0,"- ","- ",,,ALAMEDA,OAKLAND,-122.19891357421875,37.771759033203125
9211837,2021,2023-06-20,0105,2021-02-04,0704,14591,325,4,5,6,0105,0,0,0,,0,001,"RT 238","MAYHEWS RD",0.00,,Y,A,-,Y,ALA,4,238,-,-,4.020,H,-,N,Y,1,1,0,2,A,-,03,22350,,N,D,C,A,A,H,-,B,A,0,,,Y,Y,Y,,C,02,0,0,0,0,0,0,0,1,0,"- ","- ",,,ALAMEDA,FREMONT,-121.97788238525391,37.578880310058594
92120000,2023,2023-07-18,9345,2023-07-06,1710,022259,,4,2,6,0105,0,1,1,,2,071,"I-880 NORTHBOUND (NIMITZ FREEWAY","DECOTO ROAD",2640.00,N,N,A,-,Y,ALA,,880," "," ",10.808,H,,R,N,2,0,1,3,A,-,07,21658,A,N,B,C,A,A,H,-,A,D,0,,,Y,,Y,,A,07,1,0,0,0,0,0,0,0,1,"- ","- ",37.569290161132812,-122.04428863525391,ALAMEDA,FREMONT,-122.04422760009766,37.569324493408203
92132422,2023,2023-07-31,9345,2023-06-26,"938 ",022638,,1,1,9,0100,0,1,S,,2,581,"I-580 W/B","167TH AVENUE UNDERCROSSING",1534.00,E,N,B,-,Y,ALA,,580," ",M,31.032,H,,R,Y,1,1,0,2,A,-,11,21954,A,N,G,B,E,A,H,-,A,D,0,Y,,,,Y,,N,60,0,0,0,1,0,0,0,0,0,"- ","- ",37.691989898681641,-122.10059356689453,ALAMEDA,UNINCORPORATED,-122.10060882568359,37.691970825195312
92135734,2023,2023-08-03,9345,2023-07-27,1740,022422,,4,2,9,0100,0,2,S,,2,022,"MEEKLAND AVENUE","SHASTA STREET",30.00,S,N,A,-,N,,,,,,,,,,Y,2,0,2,3,A,-,08,22107,,N,C,E,E,A,H,-,A,D,0,Y,,,Y,Y,,A,01,1,1,0,0,1,0,0,0,0,"- ","- ",37.682239532470703,-122.11505126953125,ALAMEDA,UNINCORPORATED,-122.11513519287109,37.682415008544922
92138676,2023,2023-08-08,9345,2023-07-31,1200,019204,,1,1,5,0112,0,1,S,,2,580,"I-580 E/B","ESTUDILLO AVENUE",915.00,E,N,A,-,Y,ALA,,580," ",R,34.362,H,,R,N,2,0,1,3,A,-,07,21658,A,N,B,C,A,A,H,-,A,D,0,,,Y,,Y,,A,01,1,0,0,0,0,0,0,0,1,"- ","- ",37.727939605712891,-122.13818359375,ALAMEDA,"SAN LEANDRO",-122.13800048828125,37.727962493896484
92143795,2023,2023-08-15,9370,2023-08-04,2135,022974,,5,2,7,0109,0,1,1,,2,098,"I-980 E/B TO I-580 TRANSITION","29TH ST",95.00,E,N,B,-,Y,ALA,,980," "," ",1.671,H,,R,Y,2,0,1,1,A,-,01,23152,A,N,E,I,A,A,H,-,C,D,0,,,,,Y,Y,A,07,1,0,0,0,0,0,0,0,0,"- ","- ",37.819061279296875,-122.26947021484375,ALAMEDA,OAKLAND,-122.26961517333984,37.819084167480469
9214404,2020,2021-02-27,0106,2020-12-27,1859,415,,7,5,6,0106,0,0,0,,0,00E,"HESPERIAN BL","SLEEPY HOLLOW AV",0.00,,Y,A,-,N,,,,,,,,,,Y,2,0,1,2,A,-,12,21453,A,N,D,C,A,A,H,-,C,A,0,,,,,Y,,-,,1,0,0,0,0,0,0,0,0,"- ","- ",37.634521484375,-122.09890747070312,ALAMEDA,HAYWARD,-122.09896850585938,37.634479522705078
92149550,2023,2023-08-22,9390,2023-07-21,2115,023198,,5,2,9,0100,0,2,4,,2,222,"PLEASANTON SUNOL ROAD","PALOMA WAY",811.00,N,N,A,-,N,,,,,,,,,,Y,1,1,0,1,A,-,08,22107,,N,E,I,A,A,H,-,D,D,0,,,,,Y,,D,22,0,0,0,0,0,0,0,0,0,"- ","- ",37.594989776611328,-121.88150787353516,ALAMEDA,UNINCORPORATED,-121.88163757324219,37.595027923583984
92151057,2023,2023-08-23,9370,2023-07-14,"340 ",022838,,5,3,7,0109,0,1,1,,2,176,"I-880 S/B","66TH AVE",700.00,N,N,A,-,Y,ALA,,880," "," ",26.741,H,,L,Y,2,0,2,10,A,-,01,23152,A,N,C,C,A,A,H,-,C,D,0,,,,,Y,Y,A,01,1,1,0,0,0,0,0,0,0,"- ","- ",37.755531311035156,-122.20954895019531,ALAMEDA,OAKLAND,-122.20960998535156,37.755496978759766
92151162,2023,2023-08-23,9390,2023-07-17,1802,022174,,1,2,9,0100,0,1,1,,2,053,"I-580 EASTBOUND","GREENVILLE ROAD",302.00,E,N,A,-,Y,ALA,,580," ",R,8.231,H,,L,Y,2,0,7,24,A,-,03,22350,,F,C,2,A,A,H,-,A,D,0,,,,Y,Y,,M,47,1,6,0,0,0,0,0,0,0,"- ","- ",37.717880249023438,-121.69953155517578,ALAMEDA,UNINCORPORATED,-121.69954681396484,37.717918395996094
92157032,2023,2023-08-29,9370,2023-08-09,2015,023290,,3,2,7,0109,0,1,1,,2,177,"I-880 NORTHBOUND TO 23RD AVENUE","E 11TH STREET",635.00,S,N,A,-,Y,,,,,,,,,,Y,2,0,1,1,C,-,18,,,N,E,I,A,A,H,-,C,D,0,,,,,Y,,-,"- ",1,0,0,0,0,0,0,0,0,"- ","- ",37.778270721435547,-122.23671722412109,ALAMEDA,OAKLAND,-122.23671722412109,37.778270721435547
92170074,2023,2023-09-14,9345,2023-04-23,"310 ",022871,,7,3,6,0106,0,1,1,,2,073,"I-880 SOUTHBOUND (NIMITZ FREEWAY)","WINTON AVE",1941.00,N,N,A,-,Y,ALA,,880," "," ",17.980,H,,L,Y,1,1,1,2,A,-,01,23152,A,N,C,C,A,A,H,-,D,D,0,,,,Y,Y,Y,A,01,0,0,1,0,0,0,0,0,0,"- ","- ",37.661258697509766,-122.10471343994141,ALAMEDA,HAYWARD,-122.10465240478516,37.661281585693359
92174889,2023,2023-09-20,9345,2023-09-14,1120,020328,,4,1,6,0105,0,1,1,,2,071,"I-880 S/B","MOWRY AVENUE",528.00,N,N,A,-,Y,ALA,,880," "," ",7.360,H,,L,N,2,0,1,2,A,-,03,22350,,N,C,C,A,A,H,-,A,D,0,,,Y,,Y,,C,02,1,0,0,0,0,0,0,0,1,"- ","- ",37.531230926513672,-122.00502014160156,ALAMEDA,FREMONT,-122.00506591796875,37.531181335449219
92179517,2023,2023-09-26,9390,2023-07-22,2119,023163,,6,2,9,0100,0,2,4,,2,556,"MOUNTAIN HOUSE ROAD","MILE POST MARKER .82",485.00,N,N,A,-,N,,,,,,,,,,Y,1,1,0,2,C,-,18,,,N,G,B,E,A,H,-,D,D,0,Y,,,,Y,,-,"- ",0,0,0,1,0,0,0,0,0,"- ","- ",37.765079498291016,-121.58492279052734,ALAMEDA,UNINCORPORATED,,
92181238,2023,2023-09-27,9370,2023-07-13,"335 ",021800,,4,3,7,0109,0,1,1,,2,177,"INTERSTATE 880 SOUTHBOUND","16TH AVENUE",1408.00,S,N,A,-,Y,ALA,,880," "," ",29.409,H,,L,N,1,1,0,2,A,-,11,21954,A,N,G,B,E,A,H,-,D,D,0,Y,,,Y,Y,,N,60,0,0,0,1,0,0,0,0,0,"- ","- ",37.783390045166016,-122.24044799804688,ALAMEDA,OAKLAND,-122.24042510986328,37.783409118652344
92181265,2023,2023-09-27,9345,2023-09-17,2200,022871,,7,3,5,0112,0,1,1,,2,074,"I-880 SOUTHBOUND (NIMITZ FREEWAY)","WASHINGTON AVE",1162.00,S,N,A,-,Y,ALA,,880," "," ",20.579,H,,L,Y,2,0,2,2,A,-,01,23152,A,M,E,8,A,A,H,-,C,D,0,,,,,Y,Y,D,22,1,1,0,0,0,0,0,0,0,"- ","- ",37.689029693603516,-122.13556671142578,ALAMEDA,"SAN LEANDRO",-122.13564300537109,37.68896484375
92182297,2023,2023-10-23,9345,2023-09-17,2200,022935,,7,3,9,0100,0,1,1,,2,075,"I-880 S/B","WASHINGTON AVE",2640.00,N,N,A,-,Y,ALA,,880," "," ",21.343,H,,L,Y,2,0,2,2,A,-,01,23152,A,M,C,C,A,A,H,-,C,D,0,,,,,Y,Y,D,22,1,0,1,0,0,0,0,0,0,"- ","- ",37.696201324462891,-122.14626312255859,ALAMEDA,UNINCORPORATED,-122.14620208740234,37.696250915527344
9218268,2020,2021-02-22,0103,2020-12-15,1602,93,30,2,5,6,0103,0,0,0,,0,004,"UNIVERSITY AV","MCGEE AV",0.00,,Y,A,-,N,,,,,,,,,,Y,2,0,2,2,A,-,09,21801,A,N,D,C,A,A,H,-,A,A,0,,,,,Y,,A,01,1,1,0,0,0,0,0,0,0,"- ","- ",,,ALAMEDA,BERKELEY,-122.27751922607422,37.871040344238281
9218275,2020,2021-02-22,0103,2020-12-09,1353,50,,3,5,6,0103,0,0,0,,0,003,MCGEE,HEARST,0.00,,Y,A,-,N,,,,,,,,,,Y,2,0,1,1,A,-,03,22350,,N,E,I,A,A,H,-,A,A,0,,,Y,,Y,,C,03,1,0,0,0,0,0,0,0,1,"- ","- ",37.872718811035156,-122.2777099609375,ALAMEDA,BERKELEY,-122.27770233154297,37.872699737548828
92183237,2023,2023-10-02,9370,2023-09-21,1245,022350,,4,1,6,0103,0,1,1,,2,081,"I-80 W/B","UNIVERSITY AVE",1163.00,W,N,A,-,Y,ALA,,80," "," ",5.637,H,,L,Y,2,0,1,2,A,-,07,21658,A,N,B,C,A,A,H,-,A,D,0,,,Y,,Y,,C,02,1,0,0,0,0,0,0,0,1,"- ","- ",37.863979339599609,-122.30304718017578,ALAMEDA,BERKELEY,-122.30309295654297,37.863971710205078
92183854,2023,2023-10-02,9345,2023-09-18,"600 ",022944,,1,1,9,0100,0,1,1,,2,238,"I-238 NB","E. 14TH STREET",430.00,S,N,B,-,Y,ALA,,238," ",R,14.836,H,,R,N,2,0,1,2,A,-,03,22350,,N,C,2,A,A,H,-,B,D,0,,,Y,,Y,,C,02,1,0,0,0,0,0,0,0,1,"- ","- ",37.689479827880859,-122.10410308837891,ALAMEDA,UNINCORPORATED,-122.10410308837891,37.689491271972656
92185640,2023,2023-10-02,9370,2023-07-08,"25  ",023081,,6,3,7,0109,0,1,3,,2,013,"SR-13 S/B","REDWOOD RD",215.00,N,N,A,-,Y,ALA,,13," "," ",5.474,H,,L,Y,2,0,1,1,A,-,01,23152,A,N,E,8,A,A,H,-,D,D,0,,,,,Y,Y,A,07,1,0,0,0,0,0,0,0,0,"- ","- ",37.799480438232422,-122.18643188476562,ALAMEDA,OAKLAND,-122.18637084960938,37.799518585205078
9218661,2021,2021-03-05,0112,2021-01-15,1052,350,,5,5,5,0112,0,0,0,,0,007,"RT 185","W ESTUDILLO AV",0.00,,Y,A,-,Y,ALA,4,185,-,-,5.650,I,5,S,N,2,0,1,2,A,-,00,20001,,F,G,B,B,A,H,-,A,A,0,Y,,,,Y,,-,99,1,0,0,0,1,0,0,0,0,"- ","- ",,,ALAMEDA,"SAN LEANDRO",-122.15596008300781,37.725006103515625
9218874,2020,2021-02-22,0103,2020-12-18,1106,93,,5,5,6,0103,0,0,0,,0,001,"SOLANO AV","PERALTA AV",138.00,E,N,A,-,N,,,,,,,,,,Y,2,0,2,2,A,-,21,22106,,N,C,C,A,A,H,-,A,A,0,,,,,Y,,A,01,1,1,0,0,0,0,0,0,0,"- ","- ",,,ALAMEDA,BERKELEY,-122.28515625,37.891044616699219
92189093,2023,2023-10-03,9345,2023-09-26,1440,023386,,2,2,6,0105,0,1,1,,2,070,"I-880 S/B","STEVENSON BLVD",980.00,N,N,A,-,Y,ALA,,880," "," ",6.391,H,,L,Y,2,0,1,2,A,-,08,22107,,N,B,2,A,A,H,-,A,D,0,,,Y,,Y,,D,22,1,0,0,0,0,0,0,0,1,"- ","- ",37.52362060546875,-121.99002075195312,ALAMEDA,FREMONT,-121.99010467529297,37.523513793945312
92195783,2023,2023-12-04,9345,2023-09-28,1630,023470,,4,2,6,0105,0,1,3,,2,262,"N/B STATE ROUTE 262","KATO RD.",300.00,S,N,A,-,Y,ALA,,262," ",R,0.330,H,,L,Y,2,0,1,3,D,-,00,,,N,B,C,A,A,H,-,A,D,0,,,Y,,Y,,-,"- ",1,0,0,0,0,0,0,0,1,"- ","- ",37.486091613769531,-121.93399810791016,ALAMEDA,FREMONT,-121.93392944335938,37.486007690429688
9220188,2020,2021-02-08,0109,2020-11-27,1940,9892,1,5,5,7,0109,0,0,0,,0,15X,"LAKESHORE AV","MACARTHUR BL",0.00,,Y,A,-,N,,,,,,,,,,N,2,0,1,2,A,-,09,21801,A,N,D,C,A,A,H,-,C,A,0,,,,,Y,,A,01,1,0,0,0,0,0,0,0,0,"- ","- ",,,ALAMEDA,OAKLAND,-122.24680328369141,37.809520721435547
92202155,2023,2023-10-18,9370,2023-09-07,2310,022863,,4,3,7,0109,0,1,1,,2,055,"I-580 W/B TO I-980 W/B","TELEGRAPH AVENUE",310.00,W,N,A,-,Y,ALA,,580," "," ",45.105,H,,R,N,2,0,2,2,A,-,03,22350,,N,C,C,A,A,H,-,C,D,0,,,,,Y,,A,01,2,0,0,0,0,0,0,0,0,"- ","- ",37.824241638183594,-122.26696014404297,ALAMEDA,OAKLAND,-122.26702880859375,37.824077606201172
92202507,2023,2023-10-18,9390,2023-04-27,2219,022204,,4,3,5,0111,0,1,1,,2,066,"I-680 SB","BERNAL AVENUE",3000.00,S,N,A,-,Y,ALA,,680," ",R,16.131,H,,L,Y,1,1,8,6,A,-,03,22350,,N,C,2,A,A,D,E,D,D,0,,,,Y,Y,,G,25,0,7,1,0,0,0,0,0,0,"- ","- ",37.649559020996094,-121.89424896240234,ALAMEDA,PLEASANTON,-121.89421081542969,37.649585723876953
92203528,2023,2023-10-19,9345,2023-10-13,1030,021936,,5,1,9,0100,0,2,S,,2,004,"CULL CANYON RD","MPM 3.50",360.00,S,N,A,-,N,,,,,,,,,,N,2,0,1,1,A,-,08,22107,,N,F,A,A,A,H,-,A,D,0,,Y,,,Y,,L,04,1,0,0,0,0,0,1,0,0,"- ","- ",37.748588562011719,-122.05673217773438,ALAMEDA,UNINCORPORATED,,
92204878,2023,2023-10-20,9370,2023-09-18,"400 ",023125,,1,3,7,0109,0,1,1,,2,179,"I-880 N/B TO I-80 E/B","BEACH ST",10.00,N,N,A,-,Y,ALA,,880," ",R,35.087,H,,R,Y,2,0,1,3,A,-,08,22107,,F,B,B,E,A,H,-,D,D,0,Y,,,,Y,,-,99,1,0,0,0,1,0,0,0,0,"- ","- ",37.826831817626953,-122.29100036621094,ALAMEDA,OAKLAND,-122.29100799560547,37.826828002929688