CASE_ID,ACCIDENT_YEAR,PROC_DATE,JURIS,COLLISION_DATE,COLLISION_TIME,OFFICER_ID,REPORTING_DISTRICT,DAY_OF_WEEK,CHP_SHIFT,POPULATION,CNTY_CITY_LOC,SPECIAL_COND,BEAT_TYPE,CHP_BEAT_TYPE,CITY_DIVISION_LAPD,CHP_BEAT_CLASS,BEAT_NUMBER,PRIMARY_RD,SECONDARY_RD,DISTANCE,DIRECTION,INTERSECTION,WEATHER_1,WEATHER_2,STATE_HWY_IND,CALTRANS_COUNTY,CALTRANS_DISTRICT,STATE_ROUTE,ROUTE_SUFFIX,POSTMILE_PREFIX,POSTMILE,LOCATION_TYPE,RAMP_INTERSECTION,SIDE_OF_HWY,TOW_AWAY,COLLISION_SEVERITY,NUMBER_KILLED,NUMBER_INJURED,PARTY_COUNT,PRIMARY_COLL_FACTOR,PCF_CODE_OF_VIOL,PCF_VIOL_CATEGORY,PCF_VIOLATION,PCF_VIOL_SUBSECTION,HIT_AND_RUN,TYPE_OF_COLLISION,MVIW,PED_ACTION,ROAD_SURFACE,ROAD_COND_1,ROAD_COND_2,LIGHTING,CONTROL_DEVICE,CHP_ROAD_TYPE,PEDESTRIAN_ACCIDENT,BICYCLE_ACCIDENT,MOTORCYCLE_ACCIDENT,TRUCK_ACCIDENT,NOT_PRIVATE_PROPERTY,ALCOHOL_INVOLVED,STWD_VEHTYPE_AT_FAULT,CHP_VEHTYPE_AT_FAULT,COUNT_SEVERE_INJ,COUNT_VISIBLE_INJ,COUNT_COMPLAINT_PAIN,COUNT_PED_KILLED,COUNT_PED_INJURED,COUNT_BICYCLIST_KILLED,COUNT_BICYCLIST_INJURED,COUNT_MC_KILLED,COUNT_MC_INJURED,PRIMARY_RAMP,SECONDARY_RAMP,LATITUDE,LONGITUDE,COUNTY,CITY,POINT_X,POINT_Y
94664292,2025,2025-06-11,9390,2025-02-04,1410,022478,,2,2,9,0100,0,3,5,,2,500,"MORGAN TERRITORY ROAD (BLOCK 6700-7008)","MANNING ROAD",1161.00,N,N,B,C,N,,,,,,,,,,Y,1,1,0,1,A,-,08,22107,,N,E,8,A,B,H,-,A,D,0,,,,,Y,,D,22,0,0,0,0,0,0,0,0,0,"- ","- ",37.755630493164062,-121.77913665771484,ALAMEDA,UNINCORPORATED,-121.77906036376953,37.755588531494141
94664687,2025,2025-04-25,9390,2025-01-04,1732,022821,,6,2,9,0100,0,3,5,,2,300,"DEL VALLE ROAD (7000 BLOCK)","MENDENHALL ROAD",7920.00,S,N,A,-,N,,,,,,,,,,Y,1,1,0,1,A,-,01,23152,A,N,E,8,A,A,H,-,B,D,0,,,,,Y,Y,A,01,0,0,0,0,0,0,0,0,0,"- ","- ",37.584018707275391,-121.68913269042969,ALAMEDA,UNINCORPORATED,-121.68866729736328,37.584381103515625
9466987,2022,2023-01-18,0109,2022-05-21,2236,9887,2,6,5,7,0109,0,0,0,,0,23X,"SAN LEANDRO ST","40TH ST",17.00,W,N,A,-,N,,,,,,,,,,Y,2,0,1,2,A,-,01,23152,A,N,A,C,A,A,H,-,C,A,0,,,,,Y,Y,A,08,1,0,0,0,0,0,0,0,0,"- ","- ",,,ALAMEDA,OAKLAND,-122.21971130371094,37.771854400634766
9466997,2022,2023-02-02,0109,2022-12-03,0255,9961,1,6,5,7,0109,0,0,0,,0,15X,"E 10TH ST","5TH AV",0.00,,Y,C,-,N,,,,,,,,,,N,2,0,1,2,A,-,03,22350,,F,G,B,F,B,H,-,C,A,0,Y,,,,Y,Y,A,01,1,0,0,0,1,0,0,0,0,"- ","- ",,,ALAMEDA,OAKLAND,-122.25669097900391,37.793708801269531
94672301,2025,2025-05-01,9370,2025-04-16,"15  ",023327,,3,3,7,0109,0,1,1,,2,053,"I-580 EASTBOUND","FRUITVILLE AVENUE",1400.00,W,N,A,-,Y,ALA,,580," ",R,41.788,H,,R,Y,2,0,2,2,C,-,18,,,N,C,C,A,A,H,-,D,D,0,,,,,Y,,-,"- ",2,0,0,0,0,0,0,0,0,"- ","- ",37.799240112304688,-122.22174835205078,ALAMEDA,OAKLAND,-122.22167205810547,37.799495697021484
94672431,2025,2025-05-02,9335,2025-04-20,"239 ",024109,,7,3,5,0101,0,1,1,,2,084,"I-80 E/B","THE SAN FRANCISCO/ALAMEDA COUNTY LINE",4752.00,E,N,A,-,Y,ALA,,80," ",R,0.912,H,,R,Y,2,0,2,2,A,-,02,22400,A,N,C,C,A,A,H,-,C,D,0,,,,,Y,,A,01,1,0,1,0,0,0,0,0,0,"- ","- ",37.821208953857422,-122.33313751220703,ALAMEDA,ALAMEDA,-122.33314514160156,37.821239471435547
94673443,2025,2025-05-02,9345,2025-04-28,"818 ",024265,,1,1,5,0112,0,1,1,,2,075,"I-880 S/B","WASHINGTON AVE",1954.00,N,N,B,-,Y,ALA,,880," "," ",21.177,H,,L,Y,2,0,1,2,A,-,03,22350,,N,C,C,A,A,H,-,A,D,0,,,Y,,Y,,C,02,1,0,0,0,0,0,0,0,1,"- ","- ",37.694751739501953,-122.14391326904297,ALAMEDA,"SAN LEANDRO",-122.14396667480469,37.694698333740234
9467495,2023,2023-02-09,0109,2023-01-16,"30  ",9675,1,1,5,7,0109,0,0,0,,0,14X,"GRAND AV","MACARTHUR BL",0.00,,Y,C,-,N,,,,,,,,,,Y,2,0,1,2,A,-,12,21453,A,F,C,C,A,B,H,-,C,A,0,,,Y,,Y,,A,01,1,0,0,0,0,0,0,0,1,"- ","- ",,,ALAMEDA,OAKLAND,-122.248779296875,37.810169219970703
94675852,2025,2025-05-05,9370,2025-04-26,2220,024100,,6,3,7,0109,0,1,1,,2,052,"I-580 E/B","35TH AVE",2.00,E,N,C,-,Y,ALA,,580," ",R,40.643,H,,R,Y,2,0,1,1,A,-,03,22350,,N,E,I,A,B,H,-,C,D,0,,,,,Y,,A,01,1,0,0,0,0,0,0,0,0,"- ","- ",37.792049407958984,-122.20349884033203,ALAMEDA,OAKLAND,-122.20323181152344,37.792213439941406
94679211,2025,2025-05-07,9345,2025-04-27,1009,023541,,7,1,9,0100,0,1,1,,2,075,"I-880 NORTHBOUND FROM I-238 NORTHBOUND","WASHINGTON AVENUE",60.00,N,N,B,-,Y,ALA,,880," "," ",20.845,H,,R,N,2,0,1,3,A,-,11,21954,A,N,G,B,E,A,H,-,A,D,0,Y,,,,Y,,N,60,1,0,0,0,1,0,0,0,0,"- ","- ",37.691730499267578,-122.13912200927734,ALAMEDA,UNINCORPORATED,-122.13917541503906,37.691684722900391
94679836,2025,2025-05-08,9345,2025-04-29,1645,023013,,2,2,6,0106,0,1,1,,2,073,"SR-92 E/B","CLAWITER RD",2112.00,E,N,A,-,Y,ALA,,92," ",R,4.720,H,,R,N,2,0,1,2,A,-,07,21658,A,N,C,C,A,A,H,-,A,D,0,,,Y,,Y,,A,01,1,0,0,0,0,0,0,0,1,"- ","- ",37.629508972167969,-122.11695098876953,ALAMEDA,HAYWARD,-122.116943359375,37.629497528076172
94684439,2025,2025-05-12,9345,2025-05-01,"820 ",023470,,4,1,9,0100,0,2,S,,2,002,"WESTERN BLVD","WILLOW AVENUE",52.00,E,N,A,-,N,,,,,,,,,,N,2,0,1,2,A,-,00,21221,,N,D,C,A,A,H,-,A,D,0,,,,,Y,,M,94,1,0,0,0,0,0,0,0,0,"- ","- ",37.676490783691406,-122.09748840332031,ALAMEDA,UNINCORPORATED,-122.09738159179688,37.676506042480469
94689073,2025,2025-05-15,9390,2025-04-11,1655,023927,,5,2,5,0107,0,1,1,,2,052,"I-580 WESTBOUND","NORTH LIVERMORE AVENUE",345.00,W,N,A,-,Y,ALA,,580," "," ",12.615,H,,L,Y,2,0,2,3,A,-,03,22350,,N,C,2,A,A,H,-,A,D,0,,,,Y,Y,,A,01,1,1,0,0,0,0,0,0,0,"- ","- ",37.700778961181641,-121.77513885498047,ALAMEDA,LIVERMORE,-121.77509307861328,37.700595855712891
94692035,2025,2025-05-19,9370,2025-05-03,"56  ",024126,,6,3,7,0109,0,1,1,,2,177,"I-880 N/B TO 5TH AVENUE",EMBARCADERO,150.00,S,N,A,-,Y,ALA,,880," "," ",30.492,H,,R,Y,2,0,1,1,A,-,01,23152,A,N,E,I,A,A,H,-,A,D,0,,,,,Y,Y,A,01,1,0,0,0,0,0,0,0,0,"- ","- ",37.790210723876953,-122.25832366943359,ALAMEDA,OAKLAND,-122.25836944580078,37.790077209472656
94698962,2025,2025-05-23,9345,2025-05-16,"310 ",023650,,5,3,6,0106,0,1,1,,2,073,"I-880 S/B","WINTON AVE",1056.00,N,N,A,-,Y,ALA,,880," "," ",17.810,H,,L,N,2,0,1,1,A,-,08,22107,,N,E,I,A,A,H,-,C,D,0,,,,,Y,,A,08,1,0,0,0,0,0,0,0,0,"- ","- ",37.659019470214844,-122.10340881347656,ALAMEDA,HAYWARD,-122.10326385498047,37.659080505371094
94698968,2025,2025-05-23,9345,2025-05-15,1823,023013,,4,2,6,0106,0,1,3,,2,092,"SR-92 E/B","INDUSTRIAL BLVD",528.00,W,N,A,-,Y,ALA,,92," ",R,5.032,H,,R,N,2,0,1,1,A,-,08,22107,,N,F,A,A,A,H,-,A,D,0,,,Y,,Y,,C,02,1,0,0,0,0,0,0,0,1,"- ","- ",37.631378173828125,-122.11165618896484,ALAMEDA,HAYWARD,-122.11162567138672,37.631332397460938
94702026,2025,2025-06-09,9390,2025-02-22,"218 ",023972,,6,3,6,0105,0,1,1,,2,064,"I-680 SOUTHBOUND","SCOTT CREEK ROAD",98.00,N,N,A,-,Y,ALA,,680," ",M,0.172,H,,L,Y,1,1,2,2,A,-,01,23152,A,N,C,2,A,A,H,-,D,D,0,,,,,Y,Y,A,01,1,0,1,0,0,0,0,0,0,"- ","- ",37.466770172119141,-121.90608215332031,ALAMEDA,FREMONT,-121.90612030029297,37.466751098632812
9470550,2023,2023-10-10,0109,2023-06-14,1824,10088,1,3,5,7,0109,0,0,0,,0,04X,"GRAND AV","HARRISON ST",0.00,,Y,A,-,N,,,,,,,,,,N,2,0,1,2,A,-,12,21453,A,N,D,G,A,A,H,-,A,A,0,,Y,,,Y,,L,04,1,0,0,0,0,0,1,0,0,"- ","- ",,,ALAMEDA,OAKLAND,-122.26245880126953,37.810909271240234
94705749,2024,2025-05-29,9345,2024-12-07,"27  ",023519,,6,3,9,0100,0,2,S,,2,020,"HESPERIAN BOULEVARD","LEWELLING BOULEVARD",0.00,,Y,A,-,N,,,,,,,,,,Y,1,1,0,2,A,-,17,21200,,F,H,G,A,A,H,-,C,A,0,,Y,,,Y,Y,L,04,0,0,0,0,0,1,0,0,0,"- ","- ",37.686679840087891,-122.130126953125,ALAMEDA,UNINCORPORATED,-122.13011932373047,37.686679840087891
94707467,2025,2025-05-30,9390,2025-05-22,"605 ",020206,,4,1,9,0100,0,1,1,,2,054,"I-580 W/B","STONE CUT TRAIN TRESTLE",677.00,W,N,A,-,Y,ALA,,580," ",R,4.123,H,,R,Y,2,0,1,3,A,-,03,22350,,N,C,C,A,A,H,-,A,D,0,,,Y,,Y,,C,02,1,0,0,0,0,0,0,0,1,"- ","- ",37.732391357421875,-121.63253021240234,ALAMEDA,UNINCORPORATED,-121.63257598876953,37.732421875
94711274,2025,2025-06-03,9390,2025-05-03,"850 ",022302,,6,1,9,0100,0,2,4,,2,440,"MINES ROAD (3100 BLOCK)","TESLA ROAD",4224.00,S,N,B,-,N,,,,,,,,,,Y,2,0,2,2,A,-,08,22107,,N,A,C,A,A,H,-,A,D,0,,,,,Y,,A,01,1,0,1,0,0,0,0,0,0,"- ","- ",37.656059265136719,-121.72633361816406,ALAMEDA,UNINCORPORATED,-121.72606658935547,37.655918121337891
9472253,2022,2022-10-25,0111,2022-06-20,2104,323,,1,5,5,0111,0,0,0,,0,005,"BERNAL AV","WINDMILL WY",0.00,,Y,A,-,N,,,,,,,,,,N,2,0,1,2,A,-,10,21950,A,N,G,B,B,A,H,-,C,A,0,Y,,,,Y,,A,01,1,0,0,0,1,0,0,0,0,"- ","- ",,,ALAMEDA,PLEASANTON,-121.87108612060547,37.653064727783203
94724077,2025,2025-06-12,9370,2025-06-03,1535,024341,,2,2,2,0104,0,1,1,,2,080,"I-80 E/B","POWELL ST",200.00,W,N,A,-,Y,ALA,,80," "," ",3.709,H,,R,N,2,0,1,2,A,-,07,21658,A,N,C,2,A,A,H,-,A,D,0,,,Y,,Y,,C,03,1,0,0,0,0,0,0,0,1,"- ","- ",37.836711883544922,-122.29608154296875,ALAMEDA,EMERYVILLE,-122.29592895507812,37.836765289306641
94727456,2025,2025-06-16,9370,2025-06-05,1401,023870,,4,2,7,0109,0,1,3,,2,025,"SR 24 E/B","WEST MACARTHUR BOULEVARD",17.00,E,N,A,-,Y,ALA,,24," ",R,1.986,H,,R,N,2,0,3,3,A,-,07,21658,A,N,B,2,A,A,H,-,A,D,0,,,,,Y,,A,01,1,0,2,0,0,0,0,0,0,"- ","- ",37.826179504394531,-122.26737213134766,ALAMEDA,OAKLAND,-122.26741790771484,37.826187133789062
9472834,2022,2022-08-03,0106,2022-06-11,0143,434,,6,5,6,0106,0,0,0,,0,00H,"WEST TENNYSON RD","S MISSION BL S",0.00,,Y,A,-,N,,,,,,,,,,Y,2,0,1,2,A,-,01,23153,A,F,A,C,A,A,H,-,C,A,0,,,,,Y,Y,A,01,1,0,0,0,0,0,0,0,0,"- ","- ",37.636341094970703,-122.05438995361328,ALAMEDA,HAYWARD,-122.05423736572266,37.636379241943359
9472838,2022,2022-08-02,0106,2022-06-21,2119,348,,2,5,6,0106,0,0,0,,0,00G,"WEST TENNYSON RD","RUUS RD",25.00,N,N,A,-,N,,,,,,,,,,Y,2,0,6,4,A,-,12,21453,A,N,D,C,A,A,H,-,C,A,0,,,,,Y,,D,22,2,3,1,0,0,0,0,0,0,"- ","- ",37.631729125976562,-122.06903839111328,ALAMEDA,HAYWARD,-122.06896209716797,37.631828308105469
9472913,2022,2022-08-02,0106,2022-06-17,1959,308,,5,5,6,0106,0,0,0,,0,00C,"PARK ST","JACKSON ST",0.00,,Y,A,-,N,,,,,,,,,,Y,2,0,3,2,A,-,09,21802,A,N,D,C,A,A,H,-,A,A,0,,,,,Y,,A,01,1,1,1,0,0,0,0,0,0,"- ","- ",37.660579681396484,-122.08529663085938,ALAMEDA,HAYWARD,-122.08527374267578,37.660518646240234
94732217,2025,2025-06-19,9370,2025-06-10,"815 ",023694,,2,1,7,0109,0,1,1,,2,055,"I-580 W/B TO I-80 E/B FROM WEST MACARTHUR","MARKET STREET",400.00,W,N,A,-,Y,,,,,,,,,,Y,2,0,1,2,A,-,03,22350,,N,C,C,A,A,H,-,A,D,0,,,,,Y,,D,22,1,0,0,0,0,0,0,0,0,"- ","- ",37.82830810546875,-122.27631378173828,ALAMEDA,OAKLAND,-122.27643585205078,37.826278686523438
94735599,2025,2025-06-23,9390,2025-06-04,1530,023493,,3,2,6,0105,0,1,1,,2,064,"I-680 SOUTHBOUND","SR-262 / SOUTH MISSION BOULEVARD",2500.00,N,N,A,-,Y,ALA,,680," ",M,2.888,H,,L,Y,2,0,1,2,A,-,03,22350,,N,C,C,A,A,H,-,A,D,0,,,,,Y,,A,01,1,0,0,0,0,0,0,0,0,"- ","- ",37.500701904296875,-121.92936706542969,ALAMEDA,FREMONT,-121.92929840087891,37.500751495361328
9473877,2022,2022-08-22,0109,2022-07-20,0554,9347,2,3,5,7,0109,0,0,0,,0,26X,"79TH AV","RUDSDALE ST",0.00,,-,A,-,N,,,,,,,,,,N,2,0,1,2,A,-,03,22350,,F,G,B,B,A,H,-,A,D,0,Y,,,,Y,,-,99,1,0,0,0,1,0,0,0,0,"- ","- ",,,ALAMEDA,OAKLAND,-122.18647766113281,37.754730224609375
9473973,2022,2022-08-24,0109,2022-06-26,1118,9953,1,7,5,7,0109,0,0,0,,0,19X,"INTERNATIONAL BL","4TH AV",125.00,W,N,A,-,N,,,,,,,,,,N,2,0,2,2,A,-,03,22350,,N,D,C,A,A,-,-,A,A,0,,,Y,,Y,,C,02,1,0,1,0,0,0,0,0,1,"- ","- ",,,ALAMEDA,OAKLAND,-122.25495147705078,37.796737670898438
9473984,2022,2022-09-06,0109,2022-06-24,2320,10003,2,5,5,7,0109,0,0,0,,0,21Y,"FRUITVALE AV","HAROLD ST",0.00,,Y,A,-,N,,,,,,,,,,Y,2,0,1,2,A,-,12,21453,A,N,B,C,A,A,H,-,B,A,0,,,Y,,Y,,-,"- ",1,0,0,0,0,0,0,0,1,"- ","- ",,,ALAMEDA,OAKLAND,-122.21713256835938,37.797931671142578
9474442,2022,2022-07-06,0106,2022-05-09,0411,434,,1,5,6,0106,0,0,0,,0,00H,"WEST TENNYSON RD","RUUS RD",14.00,E,N,A,-,N,,,,,,,,,,Y,2,0,1,2,A,-,11,21456,B,N,G,B,B,A,H,-,C,A,0,Y,,,,Y,,N,60,1,0,0,0,1,0,0,0,0,"- ","- ",37.631420135498047,-122.06922149658203,ALAMEDA,HAYWARD,-122.06899261474609,37.631813049316406
94749903,2025,2025-07-07,9370,2025-06-22,"345 ",024185,,7,3,7,0109,0,1,S,,2,901,"I-580 W/B TO I-80 E/B FROM WEST MACARTHUR BOULEVAR","PERALTA ST OVERCROSSING",165.00,E,N,A,-,Y,ALA,,123," "," ",0.062,H,,R,N,2,0,1,1,A,-,08,22107,,N,E,I,A,A,H,-,C,D,0,,,,,Y,,A,01,1,0,0,0,0,0,0,0,0,"- ","- ",37.828170776367188,-122.28108215332031,ALAMEDA,OAKLAND,-122.28108215332031,37.828178405761719
9477302,2022,2022-07-22,0109,2022-04-12,2130,9960,1,2,5,7,0109,0,0,0,,0,15X,"E 18TH ST","3RD AV",0.00,,Y,A,-,N,,,,,,,,,,N,2,0,1,2,A,-,10,21950,A,F,G,B,B,A,H,-,C,A,0,Y,,,,Y,,A,01,1,0,0,0,1,0,0,0,0,"- ","- ",,,ALAMEDA,OAKLAND,-122.251953125,37.799701690673828
9477978,2022,2022-08-04,0111,2022-07-12,1649,155,,2,5,5,0111,0,0,0,,0,001,"STONERIDGE DR","JOHNSON DR",612.00,W,N,A,-,N,,,,,,,,,,N,2,0,1,1,A,-,"- ",,,N,H,A,A,A,H,-,A,A,0,,,Y,,Y,,C,03,1,0,0,0,0,0,0,0,1,"- ","- ",,,ALAMEDA,PLEASANTON,-121.91679382324219,37.690341949462891
94807664,2025,2025-08-18,9370,2025-06-25,2338,024007,,3,3,7,0109,0,1,1,,2,176,"I-880 N/B","HEGENBERGER RD",15.00,N,N,A,-,Y,ALA,,880," "," ",25.505,H,,R,N,1,1,0,3,A,-,11,21954,A,F,G,B,E,A,H,-,D,D,0,Y,,,,Y,,N,60,0,0,0,1,0,0,0,0,0,"- ","- ",37.740871429443359,-122.19645690917969,ALAMEDA,OAKLAND,-122.19646453857422,37.740867614746094
9481228,2022,2022-08-04,0112,2022-07-17,1849,397,,7,5,5,0112,0,0,0,,0,003,"MARINA BL","TEAGARDEN ST",324.00,W,N,A,-,N,,,,,,,,,,N,2,0,1,2,A,-,09,21804,A,N,C,C,A,A,H,-,A,D,0,,,,,Y,Y,-,,1,0,0,0,0,0,0,0,0,"- ","- ",,,ALAMEDA,"SAN LEANDRO",-122.16352081298828,37.711677551269531
94836812,2024,2025-09-09,9330,2024-12-01,1015,021339,,7,1,6,0106,0,1,3,,1,037,"SR-92 E/B","TOLL PLAZA",485.00,E,N,A,-,Y,ALA,,92," ",R,2.679,H,,R,Y,2,0,1,1,A,-,08,22107,,N,E,I,A,A,H,-,A,D,0,,,,,Y,,D,22,1,0,0,0,0,0,0,0,0,"- ","- ",37.617931365966797,-122.15101623535156,ALAMEDA,HAYWARD,-122.15106201171875,37.618003845214844
9484245,2022,2022-07-26,0102,2022-04-26,1930,MS243097,2,2,5,3,0102,0,0,0,,0,001,"SAN PABLO AV",BRIGHTON,0.00,,Y,A,-,N,,,,,,,,,,N,2,0,3,2,A,-,09,21801,,N,A,C,A,A,H,-,A,A,0,,,,,Y,,A,01,1,2,0,0,0,0,0,0,0,"- ","- ",37.896591186523438,-122.30081176757812,ALAMEDA,ALBANY,-122.30100250244141,37.896732330322266
9484774,2022,2022-08-31,0108,2022-07-30,1920,12574,37,6,5,4,0108,0,0,0,,0,002,"MOWRY AV","CHERRY ST",2830.00,W,N,A,-,N,,,,,,,,,,N,2,0,1,1,A,-,08,22107,,N,E,J,A,A,H,-,A,D,0,,,,,Y,,A,01,1,0,0,0,0,0,0,0,0,"- ","- ",37.520679473876953,-122.00994110107422,ALAMEDA,NEWARK,-122.01318359375,37.513202667236328
9486167,2022,2022-09-15,0109,2022-07-11,2334,9609,2,1,5,7,0109,0,0,0,,0,26X,"COURTLAND AV","FOOTHILL BL",130.00,N,N,A,-,N,,,,,,,,,,Y,2,0,1,2,A,-,08,22107,,M,B,E,A,A,H,-,C,D,0,,,,,Y,,A,01,1,0,0,0,0,0,0,0,0,"- ","- ",,,ALAMEDA,OAKLAND,-122.2125244140625,37.775791168212891
9487483,2022,2022-09-26,0103,2022-07-09,2159,112,,6,5,6,0103,0,0,0,,0,004,"MARTIN LUTHER KING JR",ADDISON,0.00,,Y,A,-,N,,,,,,,,,,Y,2,0,2,3,A,-,10,21950,A,N,G,B,B,A,H,-,C,A,0,Y,,,,Y,,A,01,2,0,0,0,2,0,0,0,0,"- ","- ",37.870578765869141,-122.27288818359375,ALAMEDA,BERKELEY,-122.27291107177734,37.870567321777344
9488726,2022,2022-09-12,0103,2022-07-31,1301,2,,7,5,6,0103,0,0,0,,0,004,UNIVERSITY,"GRANT ST",139.00,E,N,A,-,N,,,,,,,,,,Y,2,0,2,3,A,-,08,22107,,N,B,G,A,A,H,-,A,D,0,,Y,,,Y,,-,,1,0,1,0,0,0,1,0,0,"- ","- ",37.871559143066406,-122.27300262451172,ALAMEDA,BERKELEY,-122.27480316162109,37.87139892578125
9491627,2022,2022-09-02,0109,2022-04-09,1410,9811,1,6,5,7,0109,0,0,0,,0,19X,EMBARCADERO,"16TH AV",100.00,,N,A,-,N,,,,,,,,,,N,2,0,1,2,D,-,00,,,F,H,G,A,A,H,-,A,D,0,,Y,,,Y,,-,"- ",1,0,0,0,0,0,1,0,0,"- ","- ",,,ALAMEDA,OAKLAND,-122.24324035644531,37.784088134765625
9493574,2022,2022-09-20,0100,2022-08-21,1255,2114,DUBLI,7,5,4,0198,0,0,0,,0,074,"DUBLIN BL","BRANNIGAN ST",0.00,,Y,A,-,N,,,,,,,,,,Y,2,0,3,2,A,-,12,21453,A,N,D,C,A,A,H,-,A,A,0,,,,,Y,,A,01,1,0,2,0,0,0,0,0,0,"- ","- ",37.705741882324219,-121.86869049072266,ALAMEDA,DUBLIN,-121.86863708496094,37.705528259277344
9495089,2022,2022-10-20,0111,2022-07-27,1954,292,,3,5,5,0111,0,0,0,,0,002,"WILLOW RD","OWENS DR",0.00,,Y,A,-,N,,,,,,,,,,Y,2,0,1,2,A,-,09,21804,B,N,D,G,A,A,H,-,B,A,0,,Y,,,Y,,L,04,1,0,0,0,0,0,1,0,0,"- ","- ",,,ALAMEDA,PLEASANTON,-121.89817810058594,37.6998291015625
9495298,2022,2022-10-06,0106,2022-08-05,1755,418,,5,5,6,0106,0,0,0,,0,00F,"BLANCHE ST","WESTCHESTER ST",45.00,N,N,F,-,N,,,,,,,,,,N,2,0,1,1,A,-,03,22350,,N,E,I,A,A,A,H,A,D,0,,,Y,,Y,,C,03,1,0,0,0,0,0,0,0,1,"- ","- ",37.614128112792969,-122.03032684326172,ALAMEDA,HAYWARD,-122.03013610839844,37.613842010498047
9497366,2021,2022-09-13,0108,2021-07-19,1653,12243,4,1,5,4,0108,0,0,0,,0,001,"JARVIS AV","FIRCREST ST",0.00,,Y,A,-,N,,,,,,,,,,Y,2,0,2,2,A,-,12,21453,A,F,D,C,A,A,H,-,A,A,0,,,,,Y,Y,A,01,2,0,0,0,0,0,0,0,0,"- ","- ",37.54364013671875,-122.05442810058594,ALAMEDA,NEWARK,-122.05483245849609,37.543968200683594
9498697,2022,2022-10-19,0109,2022-08-08,1715,9109,1,1,5,7,0109,0,0,0,,0,04X,"W GRAND AV","TELEGRAPH AV",0.00,,Y,-,-,N,,,,,,,,,,N,2,0,1,2,A,-,10,21950,A,N,G,B,B,A,H,-,A,A,0,Y,,,,Y,,A,07,1,0,0,0,1,0,0,0,0,"- ","- ",,,ALAMEDA,OAKLAND,-122.26901245117188,37.811817169189453
9499114,2022,2022-10-20,0106,2022-09-23,2114,442,,5,5,6,0106,0,0,0,,0,00D,"WEST WINTON AV","SOUTHLAND PL",0.00,,Y,A,-,N,,,,,,,,,,N,2,0,1,1,A,-,08,22107,,N,E,I,A,A,H,-,C,A,0,,,Y,,Y,,C,02,1,0,0,0,0,0,0,0,1,"- ","- ",37.654178619384766,-122.10727691650391,ALAMEDA,HAYWARD,-122.1072998046875,37.654182434082031
9500040,2022,2022-10-05,0111,2022-09-07,2002,274,,3,5,5,0111,0,0,0,,0,002,"PIMLICO DR","BROCKTON DR",0.00,,Y,A,-,N,,,,,,,,,,N,2,0,1,2,A,-,10,21950,A,N,G,B,E,A,H,-,C,A,0,Y,,,,Y,,A,01,1,0,0,0,1,0,0,0,0,"- ","- ",,,ALAMEDA,PLEASANTON,-121.86843872070312,37.700191497802734
9500291,2022,2022-10-07,0108,2022-09-19,0720,11937,2,1,5,4,0108,0,0,0,,0,,"CEDAR BL","MCDONALD AV",310.00,S,N,B,-,N,,,,,,,,,,N,2,0,1,2,A,-,03,22350,,N,H,C,A,B,B,-,B,D,0,,Y,,,Y,,D,22,1,0,0,0,0,0,1,0,0,"- ","- ",37.550430297851562,-122.03691101074219,ALAMEDA,NEWARK,-122.03427886962891,37.54925537109375
9500568,2022,2022-10-07,0105,2022-09-09,0837,16472,286,5,5,6,0105,0,0,0,,0,002,"TAMAYO ST","BALLANTINE PL",0.00,,Y,A,-,N,,,,,,,,,,N,2,0,1,2,A,-,10,21950,A,N,G,B,B,A,H,-,A,D,0,Y,,,,Y,,A,01,1,0,0,0,1,0,0,0,0,"- ","- ",,,ALAMEDA,FREMONT,-122.01863098144531,37.572219848632812
9500664,2022,2022-10-12,0109,2022-05-01,0018,9842,2,7,5,7,0109,0,0,0,,0,32X,"INTERNATIONAL BL","103RD AV",121.00,W,N,-,-,N,,,,,,,,,,N,2,0,1,2,A,-,11,21954,A,N,G,B,D,A,H,-,C,A,0,Y,,,,Y,,N,60,1,0,0,0,1,0,0,0,0,"- ","- ",,,ALAMEDA,OAKLAND,-122.16815185546875,37.741214752197266
9500721,2022,2022-10-18,0113,2022-09-04,2217,5123,C311,7,5,5,0113,0,0,0,,0,005,"DYER ST","GLENWOOD TER",17.00,N,N,A,-,N,,,,,,,,,,N,2,0,1,2,A,-,00,21955,B,N,A,B,E,A,H,-,C,D,0,Y,,,,Y,,N,60,1,0,0,0,1,0,0,0,0,"- ","- ",,,ALAMEDA,"UNION CITY",-122.07095336914062,37.588268280029297
9501875,2022,2022-12-06,0103,2022-09-18,1805,27,,7,5,6,0103,0,0,0,,0,001,"GRIZZLY PEAK",SENIOR,0.00,,Y,C,-,N,,,,,,,,,,Y,2,0,1,3,A,-,03,22350,,N,A,C,A,B,H,-,A,D,0,,,,,Y,,A,01,1,0,0,0,0,0,0,0,0,"- ","- ",37.882251739501953,-122.24862670898438,ALAMEDA,BERKELEY,-122.2489013671875,37.883014678955078
9502056,2022,2022-10-24,0103,2022-09-09,2030,25,,5,5,6,0103,0,0,0,,0,006,BANCROFT,"DANA ST",235.00,W,N,A,-,N,,,,,,,,,,N,2,0,1,2,A,-,08,22107,,F,D,G,A,A,H,-,C,D,0,,Y,,,Y,,-,99,1,0,0,0,0,0,1,0,0,"- ","- ",37.868408203125,-122.26145172119141,ALAMEDA,BERKELEY,-122.26226806640625,37.868331909179688