CASE_ID,ACCIDENT_YEAR,PROC_DATE,JURIS,COLLISION_DATE,COLLISION_TIME,OFFICER_ID,REPORTING_DISTRICT,DAY_OF_WEEK,CHP_SHIFT,POPULATION,CNTY_CITY_LOC,SPECIAL_COND,BEAT_TYPE,CHP_BEAT_TYPE,CITY_DIVISION_LAPD,CHP_BEAT_CLASS,BEAT_NUMBER,PRIMARY_RD,SECONDARY_RD,DISTANCE,DIRECTION,INTERSECTION,WEATHER_1,WEATHER_2,STATE_HWY_IND,CALTRANS_COUNTY,CALTRANS_DISTRICT,STATE_ROUTE,ROUTE_SUFFIX,POSTMILE_PREFIX,POSTMILE,LOCATION_TYPE,RAMP_INTERSECTION,SIDE_OF_HWY,TOW_AWAY,COLLISION_SEVERITY,NUMBER_KILLED,NUMBER_INJURED,PARTY_COUNT,PRIMARY_COLL_FACTOR,PCF_CODE_OF_VIOL,PCF_VIOL_CATEGORY,PCF_VIOLATION,PCF_VIOL_SUBSECTION,HIT_AND_RUN,TYPE_OF_COLLISION,MVIW,PED_ACTION,ROAD_SURFACE,ROAD_COND_1,ROAD_COND_2,LIGHTING,CONTROL_DEVICE,CHP_ROAD_TYPE,PEDESTRIAN_ACCIDENT,BICYCLE_ACCIDENT,MOTORCYCLE_ACCIDENT,TRUCK_ACCIDENT,NOT_PRIVATE_PROPERTY,ALCOHOL_INVOLVED,STWD_VEHTYPE_AT_FAULT,CHP_VEHTYPE_AT_FAULT,COUNT_SEVERE_INJ,COUNT_VISIBLE_INJ,COUNT_COMPLAINT_PAIN,COUNT_PED_KILLED,COUNT_PED_INJURED,COUNT_BICYCLIST_KILLED,COUNT_BICYCLIST_INJURED,COUNT_MC_KILLED,COUNT_MC_INJURED,PRIMARY_RAMP,SECONDARY_RAMP,LATITUDE,LONGITUDE,COUNTY,CITY,POINT_X,POINT_Y
9502059,2022,2022-10-24,0103,2022-09-08,2110,32,37,4,5,6,0103,0,0,0,,0,007,CLAREMONT,RUSSELL,0.00,,Y,A,-,N,,,,,,,,,,N,2,0,2,3,A,-,03,22350,,N,A,B,B,A,H,-,C,D,0,Y,,,,Y,Y,A,01,2,0,0,0,2,0,0,0,0,"- ","- ",37.858959197998047,-122.24530792236328,ALAMEDA,BERKELEY,-122.24457550048828,37.859020233154297
9504023,2021,2023-06-20,0103,2021-07-26,2156,104,3901,1,5,6,0103,0,0,0,,0,008,"RT 13","NEWBURY ST",0.00,,Y,A,-,Y,ALA,4,13,-,-,12.110,H,-,S,Y,1,1,3,4,A,-,10,21950,A,N,G,B,D,A,H,-,C,D,0,Y,,,,Y,,A,07,1,2,0,1,2,0,0,0,0,"- ","- ",37.855449676513672,-122.26686096191406,ALAMEDA,BERKELEY,-122.26724243164062,37.855205535888672
9505436,2022,2022-10-31,0109,2022-06-07,1347,9638,1,2,5,7,0109,0,0,0,,0,05X,"20TH ST","WILLOW ST",80.00,W,N,A,-,N,,,,,,,,,,N,2,0,1,2,A,-,03,22350,,F,A,C,A,A,H,-,A,D,0,,,,,Y,,A,07,1,0,0,0,0,0,0,0,0,"- ","- ",,,ALAMEDA,OAKLAND,-122.29350280761719,37.81683349609375
9510019,2022,2022-12-20,0112,2022-11-20,0303,381,,7,5,5,0112,0,0,0,,0,007,"DAVIS ST","GILMORE DR",0.00,,-,A,-,N,,,,,,,,,,Y,2,0,2,1,A,-,00,23103,A,N,A,I,A,A,H,-,C,D,0,,,,,Y,,-,,2,0,0,0,0,0,0,0,0,"- ","- ",37.71990966796875,-122.17417144775391,ALAMEDA,"SAN LEANDRO",-122.17301177978516,37.720207214355469
9512755,2022,2022-11-03,0106,2022-09-06,0836,435,,2,5,6,0106,0,0,0,,0,00B,"D ST","1ST ST",0.00,,Y,A,-,N,,,,,,,,,,Y,2,0,2,2,A,-,09,21802,A,N,D,C,A,A,H,-,A,D,0,,,,,Y,,A,01,1,0,1,0,0,0,0,0,0,"- ","- ",37.671669006347656,-122.07901000976562,ALAMEDA,HAYWARD,-122.07901763916016,37.671985626220703
9516067,2022,2022-12-15,0109,2022-11-05,2200,9220,1,6,5,7,0109,0,0,0,,0,09X,BROADWAY,"BROOKE ST",0.00,,Y,A,-,N,,,,,,,,,,N,2,0,1,2,A,-,03,22350,,F,D,C,A,B,H,-,C,A,0,,,,,Y,,A,07,1,0,0,0,0,0,0,0,0,"- ","- ",,,ALAMEDA,OAKLAND,-122.26100921630859,37.820545196533203
9516823,2022,2022-12-20,0108,2022-11-16,1826,12615,19,3,5,4,0108,0,0,0,,0,002,"THORTON AV","CHERRY ST",64.00,W,N,A,-,N,,,,,,,,,,N,2,0,2,2,A,-,09,21804,,N,D,C,A,A,H,-,C,D,0,,,,,Y,,D,22,1,1,0,0,0,0,0,0,0,"- ","- ",37.532970428466797,-122.03373718261719,ALAMEDA,NEWARK,-122.03401947021484,37.532852172851562
9519980,2022,2023-02-13,0109,2022-11-03,0829,9149,1,4,5,7,0109,0,0,0,,0,03X,"14TH ST","JEFFERSON ST",0.00,,Y,A,-,N,,,,,,,,,,N,2,0,1,2,A,-,12,21453,A,N,G,B,B,A,H,-,A,A,0,Y,,,,Y,,A,01,1,0,0,0,1,0,0,0,0,"- ","- ",,,ALAMEDA,OAKLAND,-122.27479553222656,37.805740356445312
9520163,2022,2022-12-20,0103,2022-10-20,1155,S29,29,4,5,6,0103,0,0,0,,0,005,BANCROFT,SHATTUCK,0.00,,Y,A,-,N,,,,,,,,,,N,1,1,0,2,A,-,10,21950,A,N,G,B,B,A,H,-,A,A,0,Y,,,Y,Y,,F,27,0,0,0,1,0,0,0,0,0,"- ","- ",,,ALAMEDA,BERKELEY,-122.26782989501953,37.867591857910156
9520181,2022,2023-03-06,0109,2022-02-01,2136,8483,2,2,5,7,0109,0,0,0,,0,30X,"RT 185","79TH AV",40.00,N,N,A,-,Y,ALA,4,185,-,-,8.330,H,-,S,Y,1,2,2,3,A,-,05,21460,A,F,A,C,A,A,H,-,C,A,0,,,,,Y,,A,01,0,1,1,0,0,0,0,0,0,"- ","- ",,,ALAMEDA,OAKLAND,-122.182552,37.757089999999998
9520271,2022,2023-01-25,0109,2022-10-17,0700,8958,2,1,5,7,0109,0,0,0,,0,26X,"69TH AV","SAN LEANDRO ST",0.00,,Y,A,-,N,,,,,,,,,,Y,1,1,0,2,A,-,12,21453,A,N,D,C,A,A,H,-,A,A,0,,,,,Y,,A,01,0,0,0,0,0,0,0,0,0,"- ","- ",,,ALAMEDA,OAKLAND,-122.19889068603516,37.755153656005859
9520322,2021,2023-02-16,0109,2021-10-02,1534,8483,2,6,5,7,0109,0,0,0,,0,34X,"INTERNATIONAL BL","85TH AV",303.00,E,N,A,-,N,,,,,,,,,,N,2,0,1,2,A,-,08,22107,,F,H,C,A,A,H,-,A,D,0,,,,,Y,,M,94,1,0,0,0,0,0,0,0,0,"- ","- ",,,ALAMEDA,OAKLAND,-122.17667388916016,37.752582550048828
9520392,2021,2023-02-13,0109,2021-05-09,1714,8483,1,7,5,7,0109,0,0,0,,0,16Y,"PARK BL","GREENWOOD AV",120.00,N,N,A,-,N,,,,,,,,,,Y,1,1,1,4,-,-,"- ",,,F,G,B,F,A,H,-,A,D,0,Y,,,,Y,Y,A,01,0,0,1,1,0,0,0,0,0,"- ","- ",,,ALAMEDA,OAKLAND,-122.22814178466797,37.804752349853516
9520394,2021,2023-02-13,0109,2021-12-04,0146,8483,2,6,5,7,0109,0,0,0,,0,04X,BROADWAY,"19TH ST",130.00,N,N,-,-,N,,,,,,,,,,N,1,1,0,2,A,-,11,21954,A,F,G,B,E,A,H,-,A,D,0,Y,,,,Y,,N,60,0,0,0,1,0,0,0,0,0,"- ","- ",,,ALAMEDA,OAKLAND,-122.26882934570312,37.808097839355469
9520444,2021,2023-02-16,0109,2021-08-16,0154,8483,2,1,5,7,0109,0,0,0,,0,31X,"EDGEWATER DR","PENDLETON WY",146.00,E,N,A,-,N,,,,,,,,,,Y,1,1,0,1,A,-,01,23152,E,N,H,I,A,A,H,-,C,D,0,,,,,Y,,D,22,0,0,0,0,0,0,0,0,0,"- ","- ",,,ALAMEDA,OAKLAND,-122.19904327392578,37.737491607666016
9520453,2022,2023-02-22,0109,2022-03-19,0040,9372,2,6,5,7,0109,0,0,0,,0,34X,"INTERNATIONAL BL","89TH AV",130.00,E,N,A,-,N,,,,,,,,,,N,1,1,0,2,A,-,11,21954,A,F,G,B,D,A,H,-,C,A,0,Y,,,,Y,,N,60,0,0,0,1,0,0,0,0,0,"- ","- ",,,ALAMEDA,OAKLAND,-122.17487335205078,37.750152587890625
9520481,2021,2023-05-12,0109,2021-06-28,2216,8658,2,1,5,7,0109,0,0,0,,0,30Y,"BANCROFT AV","CHURCH ST",9.00,E,N,A,-,N,,,,,,,,,,N,1,1,0,2,A,-,10,21950,A,F,G,B,B,A,H,-,C,A,0,Y,,,,Y,,A,01,0,0,0,1,0,0,0,0,0,"- ","- ",,,ALAMEDA,OAKLAND,-122.17954254150391,37.768009185791016
9520492,2022,2023-05-10,0109,2022-03-16,2047,9372,2,3,5,7,0109,0,0,0,,0,26Y,"76TH AV","RUDSDALE ST",0.00,,Y,A,-,N,,,,,,,,,,Y,1,2,1,4,A,-,01,23152,F,F,D,C,A,A,H,-,C,A,0,,,,,Y,,A,01,1,0,0,0,0,0,0,0,0,"- ","- ",,,ALAMEDA,OAKLAND,-122.18737030029297,37.756431579589844
9520551,2022,2023-05-24,0109,2022-01-21,2000,8881,2,5,5,7,0109,0,0,0,,0,27X,"BANCROFT AV","61ST AV",90.00,E,N,A,G,N,,,,,,,,,,N,1,1,0,2,A,-,11,21954,A,F,G,B,D,A,H,-,B,A,0,Y,,,,Y,,N,60,0,0,0,1,0,0,0,0,0,"- ","- ",,,ALAMEDA,OAKLAND,-122.18859100341797,37.770481109619141
9520674,2022,2023-06-28,0109,2022-10-03,2147,9689,2,1,5,7,0109,0,0,0,,0,26Y,"HEGENBERGER RD","HAMILTON ST",350.00,S,N,B,-,N,,,,,,,,,,Y,1,1,0,2,A,-,11,21954,A,F,G,B,C,A,H,-,C,D,0,Y,,,,Y,,N,60,0,0,0,1,0,0,0,0,0,"- ","- ",,,ALAMEDA,OAKLAND,-122.19130706787109,37.755832672119141
9520718,2022,2023-07-10,0109,2022-05-31,1733,8483,2,2,5,7,0109,0,0,0,,0,19X,"16TH AV","INTERNATIONAL BL",3.00,N,N,A,-,N,,,,,,,,,,N,1,1,0,2,A,-,10,21950,A,F,G,B,B,A,H,-,A,A,0,Y,,,,Y,,A,07,0,0,0,1,0,0,0,0,0,"- ","- ",,,ALAMEDA,OAKLAND,-122.24416351318359,37.788345336914062
9520751,2022,2023-07-19,0109,2022-08-25,1602,8483,1,4,5,7,0109,0,0,0,,0,09X,"MACARTHUR BL","PIEDMONT AV",0.00,,Y,A,-,N,,,,,,,,,,Y,1,1,0,2,A,-,03,22350,,F,G,B,E,A,H,-,A,A,0,Y,,,,Y,,A,01,0,0,0,1,0,0,0,0,0,"- ","- ",,,ALAMEDA,OAKLAND,-122.25663757324219,37.823200225830078
9520845,2022,2023-08-22,0108,2022-12-14,0920,12258,7,3,5,4,0108,0,0,0,,0,001,"CEDAR BL","DUPONT AV",0.00,,Y,A,-,N,,,,,,,,,,Y,1,1,0,2,A,-,03,22350,,N,D,C,A,A,H,-,A,D,0,,,Y,,Y,,C,02,0,0,0,0,0,0,0,1,0,"- ","- ",37.546138763427734,-122.02982330322266,ALAMEDA,NEWARK,-122.02983093261719,37.546100616455078
9520895,2022,2023-08-29,0108,2022-11-02,0207,11544,31,3,5,4,0108,0,0,0,,0,002,"CENTRAL AV","CALIFORNIA ST",105.00,E,N,A,-,N,,,,,,,,,,Y,1,1,0,2,A,-,01,21200,5,N,H,G,A,A,H,-,C,D,0,,Y,,,Y,Y,L,04,0,0,0,0,0,1,0,0,0,"- ","- ",37.530590057373047,-122.02416229248047,ALAMEDA,NEWARK,-122.02409362792969,37.530902862548828
9523826,2022,2022-11-30,0109,2022-09-25,1214,9963,2,7,5,7,0109,0,0,0,,0,33X,"INTERNATIONAL BL","92ND AV",25.00,W,N,A,-,N,,,,,,,,,,Y,2,0,3,3,A,-,03,22350,,N,C,C,A,A,H,-,A,A,0,,,,,Y,,A,01,1,0,2,0,0,0,0,0,0,"- ","- ",,,ALAMEDA,OAKLAND,-122.17367553710938,37.748538970947266
9524177,2022,2022-12-30,0106,2022-11-22,1916,348,,2,5,6,0106,0,0,0,,0,00E,"MARINA DR","LAKEPORT DR",0.00,,Y,A,-,N,,,,,,,,,,N,2,0,1,2,A,-,09,21801,A,N,D,C,A,A,H,-,C,D,0,,,Y,,Y,,A,01,1,0,0,0,0,0,0,0,1,"- ","- ",37.616241455078125,-122.08859252929688,ALAMEDA,HAYWARD,-122.09162139892578,37.614616394042969
9525523,2022,2023-02-02,0109,2022-12-21,1445,10015,1,3,5,7,0109,0,0,0,,0,14X,"ORANGE ST","PERKINS ST",0.00,,Y,A,-,N,,,,,,,,,,N,2,0,1,2,A,-,10,21950,A,F,G,B,B,A,H,-,A,C,0,Y,,,,Y,,A,07,1,0,0,0,1,0,0,0,0,"- ","- ",,,ALAMEDA,OAKLAND,-122.2567138671875,37.815910339355469
9527267,2023,2023-02-27,0109,2023-01-23,1145,10019,1,1,5,7,0109,0,0,0,,0,06X,"36TH ST","MARKET ST",0.00,,Y,A,-,N,,,,,,,,,,Y,2,0,1,2,A,-,08,22107,,N,D,C,A,A,H,-,A,A,0,,,,,Y,,D,22,1,0,0,0,0,0,0,0,0,"- ","- ",,,ALAMEDA,OAKLAND,-122.27503967285156,37.826251983642578
9529716,2022,2022-12-06,0103,2022-10-13,1638,S32,,4,5,6,0103,0,0,0,,0,011,"RT 13","RT 123",0.00,,Y,A,-,Y,ALA,4,13,-,-,13.180,I,5,N,N,2,0,1,2,A,-,12,21453,A,N,D,G,A,A,H,-,A,A,0,,Y,,,Y,Y,L,04,1,0,0,0,0,0,1,0,0,"- ","- ",37.852138519287109,-122.28668212890625,ALAMEDA,BERKELEY,-122.28667449951172,37.852169036865234
9530028,2022,2022-12-14,0112,2022-10-27,1310,317,,4,5,5,0112,0,0,0,,0,001,"RT 185","BELLEVIEW DR",25.00,S,N,A,-,Y,ALA,4,185,-,-,6.350,H,-,S,Y,2,0,1,2,A,-,05,21650,1,N,A,G,A,A,H,-,A,D,0,,Y,,,Y,Y,L,04,1,0,0,0,0,0,1,0,0,"- ","- ",,,ALAMEDA,"SAN LEANDRO",-122.16242980957031,37.733421325683594
9536757,2022,2022-12-12,0109,2022-03-25,1900,9385,1,5,5,7,0109,0,0,0,,0,05X,"FRONTAGE RD","14TH ST",100.00,N,N,A,-,N,,,,,,,,,,N,2,0,1,2,A,-,03,22350,,N,C,C,A,A,H,-,A,D,0,,,Y,,Y,,C,02,1,0,0,0,0,0,0,0,1,"- ","- ",,,ALAMEDA,OAKLAND,-122.29959106445312,37.814495086669922
9536851,2022,2023-01-06,0103,2022-11-23,0136,90,,3,5,6,0103,0,0,0,,0,015,"6TH ST","CEDAR AV",0.00,,Y,A,-,N,,,,,,,,,,Y,2,0,2,2,A,-,12,21457,A,N,D,C,A,A,H,-,-,A,0,,,,,Y,,A,01,1,1,0,0,0,0,0,0,0,"- ","- ",37.874088287353516,-122.29962921142578,ALAMEDA,BERKELEY,-122.29965972900391,37.874088287353516
9536852,2022,2023-01-06,0103,2022-11-22,1233,112,,2,5,6,0103,0,0,0,,0,009,"SACRAMENTO AV",ALCATRAZ,0.00,,Y,A,-,N,,,,,,,,,,Y,2,0,5,4,A,-,09,21801,A,N,B,C,A,A,H,-,A,A,0,,,,,Y,,A,07,1,2,2,0,0,0,0,0,0,"- ","- ",37.847900390625,-122.27774047851562,ALAMEDA,BERKELEY,-122.27783966064453,37.847915649414062
9537385,2022,2023-01-06,0103,2022-11-15,2006,14,,2,5,6,0103,0,0,0,,0,002,"HEARST ST","EUCLID AV",0.00,,Y,A,-,N,,,,,,,,,,N,2,0,1,2,A,-,09,21801,A,N,A,G,A,A,H,-,C,A,0,,Y,,,Y,,L,04,1,0,0,0,0,0,1,0,0,"- ","- ",37.875080108642578,-122.26013946533203,ALAMEDA,BERKELEY,-122.26013946533203,37.875087738037109
9537394,2022,2023-01-06,0103,2022-11-29,1632,11,,2,5,6,0103,0,0,0,,0,015,"GILMAN AV","W FRANTAGE RD",0.00,,Y,A,-,N,,,,,,,,,,Y,2,0,1,2,A,-,09,21801,A,N,A,D,A,A,H,-,A,D,0,,,,,Y,,-,,1,0,0,0,0,0,0,0,0,"- ","- ",37.878009796142578,-122.30796051025391,ALAMEDA,BERKELEY,-122.30793762207031,37.878013610839844
9537395,2022,2023-01-06,0103,2022-11-30,2220,38,,3,5,6,0103,0,0,0,,0,001,"HENRY CT","BERRYMAN ST",0.00,,Y,A,-,N,,,,,,,,,,Y,2,0,5,2,A,-,03,22350,,N,D,C,A,-,H,-,C,A,0,,,,,Y,,A,01,1,2,2,0,0,0,0,0,0,"- ","- ",37.883678436279297,-122.27091979980469,ALAMEDA,BERKELEY,-122.27106475830078,37.883636474609375
9537491,2022,2023-01-10,0103,2022-11-23,1520,75,,3,5,6,0103,0,0,0,,0,009,ADELINE,STANFORD,0.00,,Y,A,-,N,,,,,,,,,,N,2,0,1,2,A,-,09,21801,A,N,D,C,A,A,H,-,A,A,0,,,,,Y,,A,01,1,0,0,0,0,0,0,0,0,"- ","- ",,,ALAMEDA,BERKELEY,-122.27252960205078,37.846736907958984
9538354,2022,2023-02-02,0109,2022-12-07,1958,10028,2,3,5,7,0109,0,0,0,,0,21X,"FOOTHILL BL","26TH AV",0.00,,Y,A,-,N,,,,,,,,,,N,2,0,1,4,A,-,05,21651,B,F,D,C,A,A,H,-,C,C,0,,,,,Y,,A,01,1,0,0,0,0,0,0,0,0,"- ","- ",,,ALAMEDA,OAKLAND,-122.22892761230469,37.784584045410156
9539309,2022,2023-02-04,0109,2022-12-16,1626,10051,2,5,5,7,0109,0,0,0,,0,33X,"INTERNATIONAL BL","90TH AV",0.00,,Y,A,-,N,,,,,,,,,,N,2,0,1,2,A,-,17,21655,,N,C,C,A,A,H,-,A,A,0,,,Y,,Y,,C,02,1,0,0,0,0,0,0,0,1,"- ","- ",,,ALAMEDA,OAKLAND,-122.17462158203125,37.749797821044922
9539376,2022,2023-01-20,0106,2022-11-07,1732,329,,1,5,6,0106,0,0,0,,0,00C,"HARDER RD","FRANKLIN AV",0.00,,Y,B,-,N,,,,,,,,,,Y,2,0,1,2,A,-,09,21801,A,N,A,C,A,A,H,-,C,D,0,,,Y,,Y,,A,01,1,0,0,0,0,0,0,0,1,"- ","- ",,,ALAMEDA,HAYWARD,-122.07538604736328,37.649665832519531
9541681,2022,2023-01-25,0112,2022-12-02,2051,384,,5,5,5,0112,0,0,0,,0,007,"SAN LEANDRO BL","WEST JUANA AV",417.00,N,N,B,-,N,,,,,,,,,,N,2,0,1,2,A,-,11,21955,,F,A,B,D,A,H,-,C,A,0,Y,,,,Y,,N,60,1,0,0,0,1,0,0,0,0,"- ","- ",,,ALAMEDA,"SAN LEANDRO",-122.16017913818359,37.722202301025391
9546846,2022,2023-02-23,0104,2022-11-04,1657,388,E1,5,5,2,0104,0,0,0,,0,001,"POWELL ST","DOYLE ST",0.00,,Y,A,-,N,,,,,,,,,,N,2,0,1,2,A,-,06,21755,A,N,D,C,A,A,H,-,A,A,0,,,Y,,Y,,C,03,1,0,0,0,0,0,0,0,1,"- ","- ",,,ALAMEDA,EMERYVILLE,-122.28742218017578,37.839851379394531
9548336,2023,2023-03-13,0105,2023-01-30,1506,12554,42,1,5,6,0105,0,0,0,,0,002,"STEVENSON BL","EUREKA DR",1.00,W,N,A,-,N,,,,,,,,,,N,2,0,2,2,A,-,09,21801,,N,D,C,A,A,H,-,A,D,0,,,,Y,Y,,F,25,1,0,1,0,0,0,0,0,0,"- ","- ",37.509609222412109,-121.99569702148438,ALAMEDA,FREMONT,-121.99680328369141,37.506938934326172
9551713,2023,2023-03-03,0106,2023-01-05,1531,405,,4,5,6,0106,0,0,0,,0,00D,"SANTA CLARA ST","WEST WINTON AV",60.00,N,N,B,-,N,,,,,,,,,,Y,2,0,1,1,C,-,18,,,N,E,I,A,A,-,-,A,D,0,,,,,Y,,-,"- ",1,0,0,0,0,0,0,0,0,"- ","- ",,,ALAMEDA,HAYWARD,-122.0982666015625,37.657917022705078
9551773,2022,2023-02-27,0106,2022-12-23,1158,347,,5,5,6,0106,0,0,0,,0,00C,"COTTAGE PARK DR","WHITMAN ST",32.00,W,N,A,-,N,,,,,,,,,,Y,2,0,1,2,A,-,06,21750,,N,D,C,A,A,H,-,A,D,0,,,Y,,Y,,C,02,1,0,0,0,0,0,0,0,1,"- ","- ",37.647350311279297,-122.06794738769531,ALAMEDA,HAYWARD,-122.06804656982422,37.647289276123047
9551776,2022,2023-02-27,0106,2022-12-16,0307,350,,5,5,6,0106,0,0,0,,0,00J,"S HESPERIAN BL","MARIN AV",100.00,S,N,A,-,N,,,,,,,,,,N,2,0,1,2,A,-,11,21955,,N,G,B,D,A,H,-,C,D,0,Y,,,,Y,,N,60,1,0,0,0,1,0,0,0,0,"- ","- ",37.658561706542969,-122.11414337158203,ALAMEDA,HAYWARD,-122.11419677734375,37.659671783447266
9553163,2022,2023-03-14,0109,2022-07-15,1105,8483,2,5,5,7,0109,0,0,0,,0,26X,"50TH AV","COLISEUM WY",0.00,,Y,A,-,N,,,,,,,,,,Y,2,0,1,2,-,-,"- ",,,N,H,F,A,A,H,-,A,A,0,,,,Y,Y,,-,"- ",1,0,0,0,0,0,0,0,0,"- ","- ",,,ALAMEDA,OAKLAND,-122.2144775390625,37.764007568359375
9554440,2023,2023-03-07,0104,2023-01-29,"632 ",408,ER5,7,5,2,0104,0,0,0,,0,002,"SHELLMOUND ST","IKEA EXIT N",0.00,,Y,A,-,N,,,,,,,,,,Y,2,0,2,3,A,-,01,23153,A,F,G,B,F,A,H,-,A,A,0,Y,,,,Y,Y,D,22,1,1,0,0,2,0,0,0,0,"- ","- ",,,ALAMEDA,EMERYVILLE,,
9560138,2022,2023-03-20,0109,2022-03-10,1350,9578,1,4,5,7,0109,0,0,0,,0,04X,"CLAY ST","FRANK H OGAWA PLZ",0.00,,Y,A,-,N,,,,,,,,,,N,2,0,1,2,A,-,08,22107,,N,B,G,A,A,H,-,A,A,0,,Y,,,Y,,L,04,1,0,0,0,0,0,1,0,0,"- ","- ",,,ALAMEDA,OAKLAND,-122.27317810058594,37.805938720703125
9560896,2023,2023-04-17,0109,2023-02-09,1122,8217,1,4,5,7,0109,0,0,0,,0,04X,"14TH ST",BROADWAY,30.00,W,N,A,-,N,,,,,,,,,,N,2,0,1,2,A,-,08,22107,,N,D,G,A,A,H,-,A,A,0,,Y,,,Y,,L,04,1,0,0,0,0,0,1,0,0,"- ","- ",,,ALAMEDA,OAKLAND,-122.27129364013672,37.804359436035156
9566642,2022,2023-05-18,0109,2022-07-23,0123,9869,1,6,5,7,0109,0,0,0,,0,14X,"GRAND AV","SANTA CLARA",0.00,,Y,A,-,N,,,,,,,,,,N,2,0,1,2,A,-,12,21453,A,F,G,B,B,A,H,-,C,A,0,Y,,,,Y,,A,01,1,0,0,0,1,0,0,0,0,"- ","- ",,,ALAMEDA,OAKLAND,-122.24791717529297,37.811431884765625
9567495,2023,2023-05-19,0112,2023-04-19,1050,350,,3,5,5,0112,0,0,0,,0,001,"SAN LEANDRO BL","CREEKSIDE PL",0.00,,Y,A,-,N,,,,,,,,,,Y,2,0,2,6,A,-,03,22350,,N,B,C,E,A,H,-,A,A,0,Y,,,,Y,,A,01,1,1,0,0,1,0,0,0,0,"- ","- ",,,ALAMEDA,"SAN LEANDRO",-122.16262817382812,37.725830078125
9568086,2023,2023-04-25,0112,2023-04-08,"334 ",399,,6,5,5,0112,0,0,0,,0,005,"RT 185","145TH AV",30.00,N,N,A,-,Y,ALA,4,185,-,-,4.170,H,-,N,Y,2,0,2,4,A,-,01,23152,A,N,A,E,A,A,H,-,C,D,0,,,,,Y,Y,A,01,1,0,1,0,0,0,0,0,0,"- ","- ",,,ALAMEDA,"SAN LEANDRO",-122.13600158691406,37.710525512695312
9569556,2023,2023-07-12,0113,2023-03-15,"811 ",3412,A042,3,5,5,0113,0,0,0,,0,004,"RT 238","TAMARACK DR",457.00,S,N,A,-,Y,ALA,4,238,-,-,7.290,H,-,S,Y,2,0,1,2,A,-,11,21955,,N,G,B,D,A,H,-,A,A,0,Y,,,,Y,,N,60,1,0,0,0,1,0,0,0,0,"- ","- ",,,ALAMEDA,"UNION CITY",-122.02201080322266,37.607826232910156
9570985,2023,2023-04-20,0109,2023-02-18,1936,9839,2,6,5,7,0109,0,0,0,,0,23X,"FOOTHILL BL","38TH AV",10.00,E,N,A,-,N,,,,,,,,,,N,2,0,1,2,A,-,06,21750,,N,H,C,A,A,H,-,C,A,0,,,Y,,Y,,C,02,1,0,0,0,0,0,0,0,1,"- ","- ",,,ALAMEDA,OAKLAND,-122.2166748046875,37.778999328613281
9574168,2023,2023-04-24,0103,2023-03-08,1350,121,,3,5,6,0103,0,0,0,,0,006,DANA,PARKER,0.00,,Y,A,-,N,,,,,,,,,,N,2,0,1,2,A,-,10,21950,A,F,G,B,B,A,H,-,A,A,0,Y,,,Y,Y,,F,26,1,0,0,0,1,0,0,0,0,"- ","- ",37.863048553466797,-122.26035308837891,ALAMEDA,BERKELEY,-122.26035308837891,37.863052368164062
9574180,2023,2023-04-27,0103,2023-03-15,1544,S29,29,3,5,6,0103,0,0,0,,0,006,"FULTON AV","BANCROFT WY",93.00,S,N,A,-,N,,,,,,,,,,N,2,0,1,2,A,-,11,21954,A,N,G,B,E,A,H,-,A,A,0,Y,,,,Y,,N,60,1,0,0,0,1,0,0,0,0,"- ","- ",,,ALAMEDA,BERKELEY,-122.26588439941406,37.867588043212891
9574248,2023,2023-04-21,0103,2023-03-21,1523,S29,29,2,5,6,0103,0,0,0,,0,005,MILVIA,DWIGHT,0.00,,Y,C,-,N,,,,,,,,,,N,2,0,1,2,A,-,12,22450,A,N,D,G,A,B,H,-,A,A,0,,Y,,,Y,,L,04,1,0,0,0,0,0,1,0,0,"- ","- ",37.863651275634766,-122.26979827880859,ALAMEDA,BERKELEY,-122.26985168457031,37.863639831542969
9574253,2023,2023-04-25,0103,2023-03-09,1903,13,,4,5,6,0103,0,0,0,,0,007,ASHBY,COLLEGE,0.00,,Y,C,-,N,,,,,,,,,,Y,2,0,1,2,A,-,09,21801,A,N,A,C,A,B,H,-,C,A,0,,,,,Y,,A,01,1,0,0,0,0,0,0,0,0,"- ","- ",37.857040405273438,-122.25303649902344,ALAMEDA,BERKELEY,-122.25305938720703,37.857032775878906
9577519,2023,2023-06-05,0108,2023-04-23,"53  ",12151,30,7,5,4,0108,0,0,0,,0,002,"CENTRAL AV",BIRCH,314.00,W,N,A,-,N,,,,,,,,,,Y,2,0,2,4,A,-,01,23153,,N,B,E,A,A,H,-,C,D,0,,,,,Y,Y,A,01,1,1,0,0,0,0,0,0,0,"- ","- ",37.532611846923828,-122.02214050292969,ALAMEDA,NEWARK,-122.02250671386719,37.532878875732422
9577979,2023,2023-05-09,0108,2023-04-11,2339,12270,6,2,5,4,0108,0,0,0,,0,001,"GATEWAY BL","THORNTON AV",105.00,E,N,A,-,N,,,,,,,,,,Y,2,0,1,1,A,-,03,22350,,N,E,I,A,A,H,-,C,A,0,,,,,Y,,A,01,1,0,0,0,0,0,0,0,0,"- ","- ",37.535938262939453,-122.06523895263672,ALAMEDA,NEWARK,-122.06476593017578,37.536128997802734
9581701,2023,2023-06-30,0113,2023-05-11,1412,4823,R141,4,5,5,0113,0,0,0,,0,005,"UNION CITY BL","HORNER ST",0.00,,Y,A,-,N,,,,,,,,,,Y,2,0,1,2,A,-,12,21453,A,N,D,G,A,A,H,-,A,A,0,,Y,,,Y,,A,01,1,0,0,0,0,0,1,0,0,"- ","- ",,,ALAMEDA,"UNION CITY",-122.08097076416016,37.595485687255859