CASE_ID,ACCIDENT_YEAR,PROC_DATE,JURIS,COLLISION_DATE,COLLISION_TIME,OFFICER_ID,REPORTING_DISTRICT,DAY_OF_WEEK,CHP_SHIFT,POPULATION,CNTY_CITY_LOC,SPECIAL_COND,BEAT_TYPE,CHP_BEAT_TYPE,CITY_DIVISION_LAPD,CHP_BEAT_CLASS,BEAT_NUMBER,PRIMARY_RD,SECONDARY_RD,DISTANCE,DIRECTION,INTERSECTION,WEATHER_1,WEATHER_2,STATE_HWY_IND,CALTRANS_COUNTY,CALTRANS_DISTRICT,STATE_ROUTE,ROUTE_SUFFIX,POSTMILE_PREFIX,POSTMILE,LOCATION_TYPE,RAMP_INTERSECTION,SIDE_OF_HWY,TOW_AWAY,COLLISION_SEVERITY,NUMBER_KILLED,NUMBER_INJURED,PARTY_COUNT,PRIMARY_COLL_FACTOR,PCF_CODE_OF_VIOL,PCF_VIOL_CATEGORY,PCF_VIOLATION,PCF_VIOL_SUBSECTION,HIT_AND_RUN,TYPE_OF_COLLISION,MVIW,PED_ACTION,ROAD_SURFACE,ROAD_COND_1,ROAD_COND_2,LIGHTING,CONTROL_DEVICE,CHP_ROAD_TYPE,PEDESTRIAN_ACCIDENT,BICYCLE_ACCIDENT,MOTORCYCLE_ACCIDENT,TRUCK_ACCIDENT,NOT_PRIVATE_PROPERTY,ALCOHOL_INVOLVED,STWD_VEHTYPE_AT_FAULT,CHP_VEHTYPE_AT_FAULT,COUNT_SEVERE_INJ,COUNT_VISIBLE_INJ,COUNT_COMPLAINT_PAIN,COUNT_PED_KILLED,COUNT_PED_INJURED,COUNT_BICYCLIST_KILLED,COUNT_BICYCLIST_INJURED,COUNT_MC_KILLED,COUNT_MC_INJURED,PRIMARY_RAMP,SECONDARY_RAMP,LATITUDE,LONGITUDE,COUNTY,CITY,POINT_X,POINT_Y
9582680,2023,2023-06-08,0109,2023-04-24,1656,10031,1,1,5,7,0109,0,0,0,,0,14X,"GRAND AV","PERKINS ST",200.00,S,N,A,-,N,,,,,,,,,,N,2,0,1,1,A,-,03,22350,,N,H,A,A,A,H,-,A,A,0,,,,,Y,,-,,1,0,0,0,0,0,0,0,0,"- ","- ",,,ALAMEDA,OAKLAND,-122.25543212890625,37.808879852294922
9582826,2023,2023-06-21,0109,2023-05-21,2240,10079,1,7,5,7,0109,0,0,0,,0,10X,"SAN PABLO AV","61ST ST",0.00,,Y,A,-,N,,,,,,,,,,N,2,0,1,2,A,-,09,21802,A,N,D,C,A,A,H,-,C,A,0,,,Y,,Y,,A,01,1,0,0,0,0,0,0,0,1,"- ","- ",,,ALAMEDA,OAKLAND,-122.28398895263672,37.844062805175781
9583106,2023,2023-06-15,0109,2023-05-09,1736,9982,1,2,5,7,0109,0,0,0,,0,05Y,"W GRAND AV","FRONTAGE RD",20.00,W,N,C,-,N,,,,,,,,,,N,2,0,1,2,A,-,01,23152,A,N,C,C,A,B,H,-,A,A,0,,,,Y,Y,Y,A,01,1,0,0,0,0,0,0,0,0,"- ","- ",,,ALAMEDA,OAKLAND,-122.29416656494141,37.819141387939453
9584013,2023,2023-06-12,0109,2023-01-25,"631 ",9119,1,3,5,7,0109,0,0,0,,0,07X,"SAN PABLO AV","24TH ST",22.00,S,N,A,-,N,,,,,,,,,,N,2,0,1,2,A,-,11,21954,A,N,G,B,E,A,H,-,C,C,0,Y,,,,Y,,N,60,1,0,0,0,1,0,0,0,0,"- ","- ",,,ALAMEDA,OAKLAND,-122.27449798583984,37.814540863037109
9585207,2023,2023-05-30,0103,2023-04-28,"212 ",140,29,5,5,6,0103,0,0,0,,0,004,BANCROFT,SHATTUCK,0.00,,Y,A,-,N,,,,,,,,,,N,2,0,2,2,A,-,01,23152,A,N,D,C,A,A,H,-,C,A,0,,,Y,,Y,Y,C,02,1,1,0,0,0,0,0,0,1,"- ","- ",37.867740631103516,-122.26821899414062,ALAMEDA,BERKELEY,-122.26782989501953,37.867591857910156
9585215,2023,2023-05-30,0103,2023-04-13,1840,75,,4,5,6,0103,0,0,0,,0,005,BANCROFT,GRANT,0.00,,Y,A,-,N,,,,,,,,,,N,2,0,1,2,A,-,10,21950,A,N,G,B,B,A,H,-,A,A,0,Y,,,,Y,,A,01,1,0,0,0,1,0,0,0,0,"- ","- ",,,ALAMEDA,BERKELEY,-122.2747802734375,37.866680145263672
9585227,2023,2023-06-15,0103,2023-04-08,"322 ",19,20,6,5,6,0103,0,0,0,,0,011,BOLIVAR,"POTTER ST",187.00,N,N,A,-,N,,,,,,,,,,Y,2,0,1,1,A,-,01,23152,A,N,F,-,A,A,H,-,D,D,0,,,,,Y,Y,A,01,1,0,0,0,0,0,0,0,0,"- ","- ",37.85321044921875,-122.29714202880859,ALAMEDA,BERKELEY,-122.29620361328125,37.851005554199219
9585517,2023,2023-06-13,0111,2023-05-14,1858,349,,7,5,5,0111,0,0,0,,0,005,"SUNOL BL","RT 680",0.00,,Y,A,-,Y,ALA,4,680,-,R,12.611,R,4,N,Y,2,0,4,2,A,-,08,22107,,N,D,C,A,A,H,-,A,D,0,,,,,Y,,A,01,1,2,1,0,0,0,0,0,0,"- ",NO,,,ALAMEDA,PLEASANTON,-121.87162780761719,37.603122711181641
9586499,2022,2023-06-06,0109,2022-06-24,0146,9992,1,5,5,7,0109,0,0,0,,0,19X,"E 12TH ST","17TH AV",2.00,W,N,A,-,N,,,,,,,,,,N,2,0,1,2,A,-,03,22350,,F,G,B,E,A,H,-,D,D,0,Y,,,,Y,,-,,1,0,0,0,1,0,0,0,0,"- ","- ",,,ALAMEDA,OAKLAND,-122.243896484375,37.786884307861328
9590174,2023,2023-06-16,0109,2023-03-26,1314,9915,1,7,5,7,0109,0,0,0,,0,16Y,"PARK BL","LEIMERT BL",0.00,,Y,A,-,N,,,,,,,,,,N,2,0,1,2,A,-,12,21453,A,N,G,B,A,A,H,-,A,A,0,,Y,,,Y,,L,04,1,0,0,0,0,0,1,0,0,"- ","- ",,,ALAMEDA,OAKLAND,-122.21468353271484,37.812698364257812
9592235,2023,2023-06-26,0109,2023-05-04,1738,8259,1,4,5,7,0109,0,0,0,,0,19X,"23RD AV","E 11TH ST",0.00,,Y,B,-,N,,,,,,,,,,Y,2,0,2,3,A,-,12,21453,A,F,D,C,F,A,H,-,A,A,0,Y,,,,Y,,A,01,1,0,1,0,1,0,0,0,0,"- ","- ",,,ALAMEDA,OAKLAND,-122.23702239990234,37.780109405517578
9594786,2023,2023-07-11,0103,2023-05-22,1424,144,,1,5,6,0103,0,0,0,,0,013,"GILMAN AV","6TH AV",0.00,,Y,A,-,N,,,,,,,,,,Y,2,0,4,3,A,-,01,23152,A,N,D,C,A,A,H,-,A,A,0,,,,,Y,Y,A,01,2,2,0,0,0,0,0,0,0,"- ","- ",,,ALAMEDA,BERKELEY,-122.30135345458984,37.879360198974609
9594792,2023,2023-07-13,0103,2023-05-15,1333,112,,1,5,6,0103,0,0,0,,0,007,"PROSPECT AV","CHANNING WY",230.00,N,N,A,-,N,,,,,,,,,,N,2,0,1,2,A,-,03,22350,,N,B,E,A,A,H,-,A,A,0,,Y,,,Y,,L,04,1,0,0,0,0,0,1,0,0,"- ","- ",37.868900299072266,-122.24984741210938,ALAMEDA,BERKELEY,-122.25004577636719,37.868656158447266
9595555,2022,2023-06-30,0109,2022-10-03,2050,9689,1,1,5,7,0109,0,0,0,,0,08X,BROADWAY,"24TH ST",0.00,,Y,B,-,N,,,,,,,,,,Y,2,0,1,2,A,-,09,21801,A,N,D,C,A,A,H,-,C,A,0,,,Y,,Y,,A,07,1,0,0,0,0,0,0,0,1,"- ","- ",,,ALAMEDA,OAKLAND,-122.26551818847656,37.813392639160156
9595995,2022,2023-08-01,0109,2022-12-10,0735,8958,2,6,5,7,0109,0,0,0,,0,19X,"E 12TH ST","12TH AV",96.00,W,N,C,-,N,,,,,,,,,,Y,2,0,2,2,A,-,01,23152,A,N,D,C,A,B,H,-,A,D,0,,,,,Y,Y,A,07,1,0,1,0,0,0,0,0,0,"- ","- ",,,ALAMEDA,OAKLAND,-122.24920654296875,37.790134429931641
9600576,2023,2023-10-09,0106,2023-04-02,"120 ",414,,7,5,6,0106,0,0,0,,0,00E,"WEST TENNYSON RD","PATRICK AV",1298.00,W,N,A,-,N,,,,,,,,,,Y,2,0,3,4,A,-,03,22350,,F,G,-,E,A,H,-,C,D,0,Y,,,,Y,,D,22,3,0,0,0,2,0,0,0,0,"- ","- ",,,ALAMEDA,HAYWARD,-122.08393096923828,37.631477355957031
9600894,2023,2023-10-25,0111,2023-07-07,1539,347,,5,5,5,0111,0,0,0,,0,003,"PLEASANTON AV","W ANGELA ST W",0.00,,Y,A,-,N,,,,,,,,,,N,2,0,1,1,A,-,08,22107,,N,E,I,A,A,H,-,A,D,0,,,,,Y,,M,94,1,0,0,0,0,0,0,0,0,"- ","- ",,,ALAMEDA,PLEASANTON,-121.88070678710938,37.660877227783203
9601126,2023,2023-08-11,0103,2023-05-26,2308,125,,5,5,6,0103,0,0,0,,0,007,"TUNNEL RD","ROBLE RD",0.00,,-,A,F,Y,ALA,4,13,-,-,10.185,H,-,S,N,2,0,1,1,C,-,18,,,N,E,I,A,A,A,-,D,D,0,,,Y,,Y,,-,"- ",1,0,0,0,0,0,0,0,1,"- ","- ",37.835590362548828,-122.23626708984375,ALAMEDA,BERKELEY,-122.23637390136719,37.854072570800781
9601151,2023,2023-08-16,0111,2023-07-05,1029,322,,3,5,5,0111,0,0,0,,0,003,"HOPYARD RD","S VALLEY TRAILS DR",0.00,,Y,A,-,N,,,,,,,,,,N,2,0,2,2,A,-,03,22350,,N,C,C,A,A,H,-,A,A,0,,,,,Y,,A,07,1,0,1,0,0,0,0,0,0,"- ","- ",,,ALAMEDA,PLEASANTON,-121.90230560302734,37.679119110107422
9601162,2023,2023-08-11,0103,2023-06-01,1530,107,20,4,5,6,0103,0,0,0,,0,011,"ASHBY AV","9TH ST",0.00,,Y,A,-,Y,ALA,4,13,-,-,13.340,H,-,N,Y,2,0,1,2,A,-,03,22350,,N,D,C,A,-,H,-,A,A,0,,,Y,,Y,,C,02,1,0,0,0,0,0,0,0,1,"- ","- ",37.851619720458984,-122.28936767578125,ALAMEDA,BERKELEY,-122.28954315185547,37.851596832275391
9601649,2023,2023-09-07,0103,2023-07-17,"636 ",112,,1,5,6,0103,0,0,0,,0,009,"RT 13","MARTIN LUTHER KING JR",0.00,,Y,A,-,Y,ALA,4,13,-,-,12.320,I,5,N,Y,2,0,1,2,A,-,12,21453,A,N,D,C,A,A,H,-,A,A,0,,,,,Y,,A,01,1,0,0,0,0,0,0,0,0,"- ","- ",37.854320526123047,-122.27108001708984,ALAMEDA,BERKELEY,-122.27113342285156,37.854282379150391
9604087,2023,2023-08-09,0106,2023-05-10,2150,374,,3,5,6,0106,0,0,0,,0,00B,"N FOOTHILL BL","HAZEL AV",396.00,S,N,A,-,N,,,,,,,,,,Y,2,0,1,2,A,-,09,21804,A,N,B,C,A,A,H,-,C,D,0,,,Y,,Y,,A,01,1,0,0,0,0,0,0,0,1,"- ","- ",37.679630279541016,-122.08354187011719,ALAMEDA,HAYWARD,-122.08444976806641,37.679195404052734
9604094,2023,2023-08-09,0106,2023-05-08,1304,413,,1,5,6,0106,0,0,0,,0,00A,"MISSION BL","DEVON DR",56.00,N,N,B,-,N,,,,,,,,,,Y,2,0,2,2,A,-,09,21802,A,N,F,C,A,A,H,-,A,D,0,,,,,Y,,A,01,2,0,0,0,0,0,0,0,0,"- ","- ",37.654911041259766,-122.06986236572266,ALAMEDA,HAYWARD,-122.06888580322266,37.653800964355469
9604121,2023,2023-08-15,0111,2023-07-17,1024,352,,1,5,5,0111,0,0,0,,0,003,"HOPYARD RD","VALLEY AV",330.00,S,N,A,-,N,,,,,,,,,,N,2,0,1,2,A,-,10,21952,,N,G,B,F,A,H,-,A,D,0,Y,,,,Y,,A,01,1,0,0,0,1,0,0,0,0,"- ","- ",,,ALAMEDA,PLEASANTON,-121.89620971679688,37.6754150390625
9607224,2023,2023-09-06,0109,2023-01-03,1838,9996,1,2,5,7,0109,0,0,0,,0,14X,"LAKESHORE AV","HANOVER AV",0.00,,Y,A,-,N,,,,,,,,,,N,2,0,3,3,A,-,05,21651,,N,A,C,A,A,H,-,B,D,0,,,,,Y,,A,01,2,0,1,0,0,0,0,0,0,"- ","- ",,,ALAMEDA,OAKLAND,-122.25405883789062,37.802467346191406
9608233,2023,2023-08-17,0109,2023-06-25,"158 ",10010,1,7,5,7,0109,0,0,0,,0,18X,"14TH AV","30TH ST",3.00,E,N,A,-,N,,,,,,,,,,N,2,0,1,1,A,-,08,22107,,N,A,I,A,A,H,-,C,D,0,,,,,Y,,A,01,1,0,0,0,0,0,0,0,0,"- ","- ",,,ALAMEDA,OAKLAND,-122.22975921630859,37.798198699951172
9608659,2023,2023-12-18,0109,2023-07-22,2233,8549,2,6,5,7,0109,0,0,0,,0,32X,"105TH AV","E ST",0.00,,Y,A,-,N,,,,,,,,,,Y,2,0,1,3,A,-,12,21453,A,F,D,C,A,A,H,-,C,A,0,,,,,Y,,A,01,1,0,0,0,0,0,0,0,0,"- ","- ",,,ALAMEDA,OAKLAND,-122.17267608642578,37.736469268798828
9610177,2023,2023-09-19,0109,2023-08-06,1221,10119,2,7,5,7,0109,0,0,0,,0,26X,"71ST AV","HERBERT GUICE",85.00,N,N,A,-,N,,,,,,,,,,N,2,0,1,3,A,-,08,22107,,N,G,B,E,A,H,-,A,D,0,Y,,,,Y,,A,07,1,0,0,0,1,0,0,0,0,"- ","- ",,,ALAMEDA,OAKLAND,-122.1900634765625,37.759082794189453
9614578,2023,2023-10-03,0109,2023-06-22,1909,10052,2,4,5,7,0109,0,0,0,,0,32X,"MACARTHUR BL","TAYLOR AV",0.00,,Y,A,-,N,,,,,,,,,,N,2,0,1,2,D,-,00,,,N,C,C,A,A,H,-,A,D,0,,,Y,,Y,,-,"- ",1,0,0,0,0,0,0,0,1,"- ","- ",,,ALAMEDA,OAKLAND,-122.15776062011719,37.748241424560547
9615122,2023,2023-08-30,0103,2023-07-21,1655,23,31,5,5,6,0103,0,0,0,,0,005,ADDISON,WEST,0.00,,Y,A,-,N,,,,,,,,,,N,2,0,1,1,A,-,03,22350,,N,E,J,A,A,H,-,A,A,0,,Y,,,Y,,L,04,1,0,0,0,0,0,1,0,0,"- ","- ",,,ALAMEDA,BERKELEY,-122.28617858886719,37.868877410888672
9615149,2023,2023-10-04,0103,2023-07-11,2040,S29,24,2,5,6,0103,0,0,0,,0,002,OXFORD,VIRGINIA,0.00,,Y,A,-,N,,,,,,,,,,Y,2,0,2,4,A,-,12,22450,A,F,D,C,A,A,H,-,B,A,0,,,Y,,Y,,A,01,1,1,0,0,0,0,0,0,1,"- ","- ",,,ALAMEDA,BERKELEY,-122.26666259765625,37.876869201660156
9615183,2023,2023-08-30,0103,2023-07-16,2112,23,31,7,5,6,0103,0,0,0,,0,005,BANCROFT,BONAR,0.00,,Y,A,-,N,,,,,,,,,,N,2,0,1,2,A,-,12,22450,A,N,D,G,A,A,H,-,C,A,0,,Y,,,Y,Y,L,04,1,0,0,0,0,0,1,0,0,"- ","- ",37.865161895751953,-122.28656005859375,ALAMEDA,BERKELEY,-122.28656768798828,37.865161895751953
9616901,2023,2023-10-09,0109,2023-06-08,2040,10085,2,4,5,7,0109,0,0,0,,0,30X,"MACARTHUR BL","82ND AV",4.00,W,N,A,-,N,,,,,,,,,,N,2,0,1,2,A,-,10,21950,A,F,G,B,B,A,H,-,D,A,0,Y,,,,Y,Y,-,99,1,0,0,0,1,0,0,0,0,"- ","- ",,,ALAMEDA,OAKLAND,-122.16489410400391,37.762699127197266
9619124,2023,2023-12-18,0113,2023-09-22,"348 ",5216,R119,5,5,5,0113,0,0,0,,0,0P4,"WHIPPLE RD","AMARAL ST",0.00,,Y,A,-,N,,,,,,,,,,Y,2,0,1,2,A,-,11,21954,A,N,A,B,D,A,H,-,C,A,0,Y,,,,Y,,N,60,1,0,0,0,1,0,0,0,0,"- ","- ",,,ALAMEDA,"UNION CITY",-122.05868530273438,37.606060028076172
9619127,2023,2023-12-26,0113,2023-09-26,1800,4503,R122,2,5,5,0113,0,0,0,,0,004,"ALVARADO NILES RD","RT 880",0.00,,Y,A,-,Y,ALA,4,880,-,-,13.235,R,4,S,Y,2,0,1,2,A,-,12,21453,A,N,D,C,A,A,H,-,A,A,0,,,,,Y,,A,07,1,0,0,0,0,0,0,0,0,"- ",SF,,,ALAMEDA,"UNION CITY",-122.06279754638672,37.601093292236328
9624090,2023,2025-06-25,0109,2023-04-22,"218 ",9142,1,6,5,7,0109,0,0,0,,0,08X,"TELEGRAPH AV","27TH ST",80.00,N,N,A,-,N,,,,,,,,,,Y,1,1,4,4,A,-,01,23152,A,N,C,C,A,A,H,-,C,A,0,,,,,Y,Y,D,22,0,1,3,0,0,0,0,0,0,"- ","- ",,,ALAMEDA,OAKLAND,-122.26785278320312,37.816383361816406
9624136,2023,2023-11-29,0105,2023-05-12,1629,16881,1180,5,5,6,0105,0,0,0,,0,003,"KATO RD","AUBURN ST",0.00,,Y,A,-,N,,,,,,,,,,Y,1,1,0,1,A,-,03,22350,,N,E,I,A,A,H,-,A,D,0,,,,,Y,,A,01,0,0,0,0,0,0,0,0,0,"- ","- ",,,ALAMEDA,FREMONT,-121.93389892578125,37.480464935302734
9624235,2023,2025-06-27,0109,2023-07-05,"10  ",9689,1,3,5,7,0109,0,0,0,,0,33X,"SAN LEANDRO ST","85TH AV",6.00,E,N,A,-,N,,,,,,,,,,Y,1,1,1,3,A,-,11,21453,D,F,G,B,B,A,H,-,C,A,0,Y,,,,Y,Y,N,60,0,1,0,1,1,0,0,0,0,"- ","- ",,,ALAMEDA,OAKLAND,-122.18906402587891,37.746986389160156
9628838,2023,2023-10-30,0106,2023-07-30,2246,438,,7,5,6,0106,0,0,0,,0,00E,"HALL RD","INDUSTRIAL PKWY",0.00,,Y,A,-,N,,,,,,,,,,Y,2,0,1,2,A,-,12,21453,A,N,G,B,A,A,H,-,C,A,0,,,Y,,Y,,C,02,1,0,0,0,0,0,0,0,1,"- ","- ",37.617828369140625,-122.08455657958984,ALAMEDA,HAYWARD,-122.08460235595703,37.617767333984375
9629236,2023,2023-11-06,0103,2023-09-27,1828,112,,3,5,6,0103,0,0,0,,0,008,"ADELINE ST","OREGON ST",100.00,S,N,A,-,N,,,,,,,,,,N,2,0,1,2,A,-,08,22107,,N,B,-,A,A,H,-,A,A,0,,Y,,,Y,,D,22,1,0,0,0,0,0,1,0,0,"- ","- ",37.857460021972656,-122.26808929443359,ALAMEDA,BERKELEY,-122.26837158203125,37.857158660888672
9629366,2023,2023-10-20,0103,2023-08-29,1839,144,,2,5,6,0103,0,0,0,,0,001,"THE ALAMEDA",CAPISTRANO,35.00,W,N,A,-,N,,,,,,,,,,Y,2,0,1,1,A,-,03,22350,,N,F,I,A,A,H,-,A,D,0,,,,,Y,,A,01,1,0,0,0,0,0,0,0,0,"- ","- ",,,ALAMEDA,BERKELEY,-122.27804565429688,37.895298004150391
9629367,2023,2023-10-20,0103,2023-08-29,1642,112,,2,5,6,0103,0,0,0,,0,009,"WOOLSEY ST","ADELINE AV",60.00,E,N,A,-,N,,,,,,,,,,Y,2,0,3,2,A,-,05,21460,A,N,A,C,A,A,H,-,A,A,0,,,,,Y,,A,07,1,2,0,0,0,0,0,0,0,"- ","- ",37.851940155029297,-122.27010345458984,ALAMEDA,BERKELEY,-122.26995086669922,37.851951599121094
9629374,2023,2023-10-20,0103,2023-08-18,2252,52,,5,5,6,0103,0,0,0,,0,006,"BANCROFT WY","BANCROFT WY 2432",0.00,,N,A,-,N,,,,,,,,,,,2,0,1,2,A,-,11,21950,B,F,G,B,E,A,H,-,C,D,0,Y,,,,Y,Y,N,60,1,0,0,0,1,0,0,0,0,"- ","- ",37.868171691894531,-122.26120758056641,ALAMEDA,BERKELEY,-122.24303436279297,37.869678497314453
9629761,2023,2023-10-30,0103,2023-09-12,1847,112,,2,5,6,0103,0,0,0,,0,005,MILVIA,HASTE,0.00,,Y,A,-,N,,,,,,,,,,N,2,0,1,2,A,-,10,21950,A,N,G,B,B,A,H,-,A,A,0,Y,,,,Y,,A,01,1,0,0,0,1,0,0,0,0,"- ","- ",37.864551544189453,-122.2698974609375,ALAMEDA,BERKELEY,-122.26993560791016,37.864585876464844
9629773,2023,2023-10-30,0103,2023-09-11,"859 ",112,,1,5,6,0103,0,0,0,,0,002,HEARST,"SPRUCE ST",117.00,E,N,A,-,N,,,,,,,,,,N,2,0,1,1,A,-,03,22350,,N,E,I,A,A,H,-,A,A,0,,,,,Y,,M,94,1,0,0,0,0,0,0,0,0,"- ","- ",37.874599456787109,-122.26396179199219,ALAMEDA,BERKELEY,-122.26493072509766,37.874305725097656
9635132,2023,2024-03-21,0100,2023-11-26,1519,1867,DUBLI,7,5,4,0198,0,0,0,,0,071,"DEERVALE RD","DEERVALE CT",27.00,N,N,A,-,N,,,,,,,,,,N,2,0,1,2,A,-,09,21804,A,N,D,G,A,A,H,-,A,D,0,,Y,,,Y,,L,04,1,0,0,0,0,0,1,0,0,"- ","- ",37.719528198242188,-121.93888092041016,ALAMEDA,DUBLIN,-121.93881988525391,37.719661712646484
9635596,2023,2024-01-23,0102,2023-11-27,"810 ",PB260162,2,1,5,3,0102,0,0,0,,0,001,"SAN PABLO AV","GARFIELD AV",21.00,N,N,A,-,N,,,,,,,,,,Y,2,0,1,2,A,-,09,21802,A,N,D,C,A,A,H,-,A,D,0,,,,,Y,,A,01,1,0,0,0,0,0,0,0,0,"- ","- ",,,ALAMEDA,ALBANY,-122.30050659179688,37.895126342773438
9636127,2023,2024-03-05,0102,2023-12-03,1204,SW0618,4,7,5,3,0102,0,0,0,,0,002,MARIN,"KEY ROUTE BL",0.00,,Y,A,-,N,,,,,,,,,,N,2,0,1,2,D,-,00,,,N,H,G,A,A,H,-,A,A,0,,Y,,,Y,,-,"- ",1,0,0,0,0,0,1,0,0,"- ","- ",37.887859344482422,-122.29206848144531,ALAMEDA,ALBANY,-122.29206848144531,37.887866973876953
9637375,2023,2024-02-23,0103,2023-10-05,1349,112,,4,5,6,0103,0,0,0,,0,009,"TELEGRAPH AV","RT 13",0.00,,Y,A,-,Y,ALA,4,13,-,-,11.610,I,5,S,N,2,0,1,2,A,-,09,21801,A,N,D,C,A,A,H,-,A,A,0,,,Y,,Y,,A,07,1,0,0,0,0,0,0,0,1,"- ","- ",37.856189727783203,-122.25966644287109,ALAMEDA,BERKELEY,-122.25969696044922,37.856155395507812
9637532,2023,2024-09-23,0112,2023-11-09,1723,384,,4,5,5,0112,0,0,0,,0,001,"RT 185","BELLEVIEW DR",0.00,,Y,A,-,Y,,,,,,,,,,N,1,1,0,2,A,-,10,21950,A,N,G,B,B,A,H,-,C,A,0,Y,,,,Y,,-,,0,0,0,1,0,0,0,0,0,"- ","- ",,,ALAMEDA,"SAN LEANDRO",-122.16245269775391,37.733524322509766
9639907,2023,2023-11-21,0109,2023-07-30,1601,10022,2,7,5,7,0109,0,0,0,,0,34X,"HOLLY ST","83RD AV",15.00,E,N,A,-,N,,,,,,,,,,N,2,0,1,2,A,-,05,21650,1,N,H,G,A,A,H,-,A,C,0,,Y,,,Y,,L,04,1,0,0,0,0,0,1,0,0,"- ","- ",,,ALAMEDA,OAKLAND,-122.17687225341797,37.755886077880859
9640012,2023,2023-12-05,0109,2023-07-03,1859,8483,2,1,5,7,0109,0,0,0,,0,27X,"45TH AV","BANCROFT AV",0.00,,Y,A,-,N,,,,,,,,,,N,1,1,2,3,A,-,12,22450,A,F,D,C,A,A,H,-,A,A,0,,,,,Y,,A,01,1,0,1,0,0,0,0,0,0,"- ","- ",,,ALAMEDA,OAKLAND,-122.21198272705078,37.772632598876953
9640051,2022,2023-11-30,0109,2022-09-03,1212,9570,1,6,5,7,0109,0,0,0,,0,19X,"DENNISON ST",EMBARCADERO,315.00,N,N,A,-,N,,,,,,,,,,Y,1,1,2,2,A,-,01,23152,F,N,C,E,A,A,H,-,A,D,0,,,,Y,Y,,A,01,0,2,0,0,0,0,0,0,0,"- ","- ",,,ALAMEDA,OAKLAND,-122.24148559570312,37.779434204101562
9640063,2023,2025-07-22,0109,2023-07-01,1457,8463,2,6,5,7,0109,0,0,0,,0,34X,"90TH AV","PLYMOUTH AV",0.00,,Y,A,-,N,,,,,,,,,,Y,1,1,0,2,A,-,01,23152,F,N,D,C,A,A,A,-,A,A,0,,,Y,,Y,Y,C,02,0,0,0,0,0,0,0,1,0,"- ","- ",,,ALAMEDA,OAKLAND,-122.17115020751953,37.751075744628906
9640081,2023,2024-02-07,0109,2023-03-08,1213,8259,1,3,5,7,0109,0,0,0,,0,13X,"BUENA VISTA AV","ACACIA AV",300.00,E,N,A,-,N,,,,,,,,,,Y,1,1,0,1,A,-,01,23152,E,N,E,I,A,A,H,-,A,D,0,,,,,Y,,A,01,0,0,0,0,0,0,0,0,0,"- ","- ",,,ALAMEDA,OAKLAND,-122.23461151123047,37.845840454101562
9640116,2022,2024-01-09,0109,2022-09-16,1552,8483,1,5,5,7,0109,0,0,0,,0,08X,"24TH ST","NORTHGATE AV",0.00,,Y,A,-,N,,,,,,,,,,Y,1,1,0,2,A,-,01,23152,F,N,E,I,A,A,H,-,A,A,0,,,Y,,Y,,C,02,0,0,0,0,0,0,0,1,0,"- ","- ",,,ALAMEDA,OAKLAND,-122.27059936523438,37.813796997070312
9640206,2023,2024-04-03,0113,2023-11-09,1203,4823,C271,4,5,5,0113,0,0,0,,0,005,"DYER ST","COURTHOUSE DR",45.00,S,N,A,-,N,,,,,,,,,,Y,2,0,2,2,A,-,11,21954,A,N,G,B,D,A,H,-,A,A,0,Y,,,,Y,,N,60,1,1,0,0,1,0,0,0,0,"- ","- ",,,ALAMEDA,"UNION CITY",-122.06971740722656,37.602718353271484
9640308,2023,2025-06-24,0106,2023-02-19,1928,405,,7,5,6,0106,0,0,0,,0,00D,"WEST WINTON AV","CLAWITER RD",0.00,,Y,A,-,N,,,,,,,,,,Y,1,1,1,2,A,-,01,23153,A,F,D,C,A,A,H,-,C,A,0,,,,,Y,Y,A,01,0,0,1,0,0,0,0,0,0,"- ","- ",,,ALAMEDA,HAYWARD,-122.1202392578125,37.653129577636719
9640429,2024,2024-05-15,0103,2024-02-12,1329,112,,1,5,6,0103,0,0,0,,0,001,OXFORD,MARIN,0.00,,Y,A,-,N,,,,,,,,,,Y,1,1,1,2,A,-,10,21950,C,N,G,B,B,A,H,-,A,A,0,Y,,,,Y,,A,01,0,0,1,1,0,0,0,0,0,"- ","- ",37.891590118408203,-122.27011871337891,ALAMEDA,BERKELEY,-122.27017974853516,37.891582489013672
9640529,2023,2024-06-05,0112,2023-05-14,"853 ",407,,7,5,5,0112,0,0,0,,0,004,"FAIRWAY DR","AURORA DR",0.00,,Y,A,-,N,,,,,,,,,,Y,1,1,0,1,A,-,08,22107,,N,E,I,A,A,H,-,A,D,0,,,,,Y,,-,,0,0,0,0,0,0,0,0,0,"- ","- ",,,ALAMEDA,"SAN LEANDRO",-122.18196105957031,37.697734832763672
9640533,2023,2024-06-25,0106,2023-03-23,1705,303,,4,5,6,0106,0,0,0,,0,00E,"INDUSTRIAL BL","BAUMBERG AV",198.00,N,N,A,-,N,,,,,,,,,,Y,1,1,1,3,A,-,03,22350,,N,C,C,A,A,H,-,A,A,0,,,,,Y,,A,01,0,0,1,0,0,0,0,0,0,"- ","- ",,,ALAMEDA,HAYWARD,-122.10000610351562,37.621120452880859
9640976,2023,2024-10-07,0109,2023-10-25,2226,9689,2,3,5,7,0109,0,0,0,,0,23X,"INTERNATIONAL BL","42ND AV",200.00,E,N,A,-,N,,,,,,,,,,Y,1,1,1,5,A,-,03,22350,,F,C,C,E,A,H,-,C,A,0,Y,,,,Y,,A,01,0,0,1,1,0,0,0,0,0,"- ","- ",,,ALAMEDA,OAKLAND,-122.21566009521484,37.772735595703125
9640982,2024,2025-05-29,0112,2024-05-05,2314,330,,7,5,5,0112,0,0,0,,0,005,"E 14TH ST/RT 185","150TH AV",0.00,,Y,A,-,Y,ALA,4,185,-,-,3.690,I,5,S,Y,1,1,0,2,A,-,01,23153,A,N,D,C,A,A,H,-,C,A,0,,,,,Y,Y,A,01,0,0,0,0,0,0,0,0,0,"- ","- ",,,ALAMEDA,"SAN LEANDRO",-122.12937164306641,37.705753326416016