CASE_ID,ACCIDENT_YEAR,PROC_DATE,JURIS,COLLISION_DATE,COLLISION_TIME,OFFICER_ID,REPORTING_DISTRICT,DAY_OF_WEEK,CHP_SHIFT,POPULATION,CNTY_CITY_LOC,SPECIAL_COND,BEAT_TYPE,CHP_BEAT_TYPE,CITY_DIVISION_LAPD,CHP_BEAT_CLASS,BEAT_NUMBER,PRIMARY_RD,SECONDARY_RD,DISTANCE,DIRECTION,INTERSECTION,WEATHER_1,WEATHER_2,STATE_HWY_IND,CALTRANS_COUNTY,CALTRANS_DISTRICT,STATE_ROUTE,ROUTE_SUFFIX,POSTMILE_PREFIX,POSTMILE,LOCATION_TYPE,RAMP_INTERSECTION,SIDE_OF_HWY,TOW_AWAY,COLLISION_SEVERITY,NUMBER_KILLED,NUMBER_INJURED,PARTY_COUNT,PRIMARY_COLL_FACTOR,PCF_CODE_OF_VIOL,PCF_VIOL_CATEGORY,PCF_VIOLATION,PCF_VIOL_SUBSECTION,HIT_AND_RUN,TYPE_OF_COLLISION,MVIW,PED_ACTION,ROAD_SURFACE,ROAD_COND_1,ROAD_COND_2,LIGHTING,CONTROL_DEVICE,CHP_ROAD_TYPE,PEDESTRIAN_ACCIDENT,BICYCLE_ACCIDENT,MOTORCYCLE_ACCIDENT,TRUCK_ACCIDENT,NOT_PRIVATE_PROPERTY,ALCOHOL_INVOLVED,STWD_VEHTYPE_AT_FAULT,CHP_VEHTYPE_AT_FAULT,COUNT_SEVERE_INJ,COUNT_VISIBLE_INJ,COUNT_COMPLAINT_PAIN,COUNT_PED_KILLED,COUNT_PED_INJURED,COUNT_BICYCLIST_KILLED,COUNT_BICYCLIST_INJURED,COUNT_MC_KILLED,COUNT_MC_INJURED,PRIMARY_RAMP,SECONDARY_RAMP,LATITUDE,LONGITUDE,COUNTY,CITY,POINT_X,POINT_Y
9640983,2024,2024-10-02,0112,2024-06-06,1016,389,,4,5,5,0112,0,0,0,,0,005,"WASHINGTON AV","HALCYON DR",0.00,,Y,A,-,N,,,,,,,,,,Y,1,3,0,1,D,-,00,,,N,E,I,A,A,H,-,A,A,0,,,,,Y,,-,"- ",0,0,0,0,0,0,0,0,0,"- ","- ",37.701690673828125,-122.14086151123047,ALAMEDA,"SAN LEANDRO",-122.14116668701172,37.701892852783203
9641389,2023,2023-12-30,0103,2023-10-26,"816 ",112,,4,5,6,0103,0,0,0,,0,009,"MILVIA ST","STUART ST",0.00,,Y,A,-,N,,,,,,,,,,N,2,0,1,2,A,-,12,22450,A,N,D,G,A,A,H,-,A,A,0,,Y,,,Y,,L,04,1,0,0,0,0,0,1,0,0,"- ","- ",37.858219146728516,-122.26923370361328,ALAMEDA,BERKELEY,-122.26924133300781,37.858211517333984
9641409,2023,2023-12-12,0103,2023-10-02,1905,57,,1,5,6,0103,0,0,0,,0,009,ADELINE,STUART,0.00,,Y,A,-,N,,,,,,,,,,N,2,0,2,2,A,-,09,21802,A,N,D,C,A,A,H,-,C,A,0,,,Y,,Y,,A,01,1,1,0,0,0,0,0,0,2,"- ","- ",37.858421325683594,-122.26773071289062,ALAMEDA,BERKELEY,-122.26789855957031,37.858390808105469
9641410,2023,2023-12-12,0103,2023-10-07,1106,13,,6,5,6,0103,0,0,0,,0,010,ADELINE,OREGON,0.00,,Y,A,-,N,,,,,,,,,,,2,0,2,2,A,-,12,21453,A,N,F,C,A,A,H,-,A,A,0,,,,,Y,,A,07,2,0,0,0,0,0,0,0,0,"- ","- ",37.857460021972656,-122.26808929443359,ALAMEDA,BERKELEY,-122.26827239990234,37.857421875
9641473,2023,2023-12-07,0109,2023-09-24,1800,9881,1,7,5,7,0109,0,0,0,,0,13Y,"MOUNTAIN BL","FLORENCE TER",330.00,W,N,A,-,N,,,,,,,,,,N,2,0,1,3,A,-,08,22107,,N,G,B,E,A,H,-,A,D,0,Y,,,,Y,,A,07,1,0,0,0,1,0,0,0,0,"- ","- ",,,ALAMEDA,OAKLAND,-122.21849822998047,37.837356567382812
9642165,2023,2023-12-13,0109,2023-05-24,2110,8994,1,3,5,7,0109,0,0,0,,0,12X,"TELEGRAPH AV","48TH ST",0.00,,Y,A,-,N,,,,,,,,,,N,2,0,1,2,A,-,10,21950,A,N,G,B,B,A,H,-,C,A,0,Y,,,,Y,,A,01,1,0,0,0,1,0,0,0,0,"- ","- ",,,ALAMEDA,OAKLAND,-122.26294708251953,37.834732055664062
9642166,2023,2023-12-13,0109,2023-05-12,1908,9167,2,5,5,7,0109,0,0,0,,0,25X,"BUELL ST","CALAVERAS AV",0.00,,Y,A,-,N,,,,,,,,,,N,2,0,1,2,A,-,12,22450,A,F,D,C,A,A,H,-,B,D,0,,,Y,,Y,,A,01,1,0,0,0,0,0,0,0,1,"- ","- ",,,ALAMEDA,OAKLAND,-122.18759155273438,37.784538269042969
9643071,2023,2023-11-21,0112,2023-10-10,"947 ",309,,2,5,5,0112,0,0,0,,0,006,"FAIRWAY DR","CATALINA ST",750.00,E,N,A,-,N,,,,,,,,,,N,2,0,1,2,A,-,06,21750,,N,D,C,A,A,H,-,A,D,0,,,Y,,Y,,C,02,1,0,0,0,0,0,0,0,1,"- ","- ",,,ALAMEDA,"SAN LEANDRO",-122.17313385009766,37.701366424560547
9643072,2023,2023-12-27,0112,2023-10-12,1808,397,,4,5,5,0112,0,0,0,,0,007,"WILLIAMS ST","ORCHARD AV",0.00,,Y,A,-,N,,,,,,,,,,N,2,0,1,2,A,-,06,21951,,N,G,B,D,A,H,-,A,D,0,Y,,,,Y,,A,07,1,0,0,0,1,0,0,0,0,"- ","- ",,,ALAMEDA,"SAN LEANDRO",-122.16225433349609,37.716625213623047
9643261,2023,2023-12-06,0111,2023-10-12,"747 ",224,,4,5,5,0111,0,0,0,,0,005,"VINEYARD AV","ADAMS WY",14.00,E,N,A,-,N,,,,,,,,,,Y,2,0,1,2,A,-,03,22350,,N,G,B,B,A,H,-,A,D,0,Y,,,,Y,,A,07,1,0,0,0,1,0,0,0,0,"- ","- ",,,ALAMEDA,PLEASANTON,-121.86349487304688,37.662979125976562
9644361,2023,2023-12-13,0106,2023-10-04,1318,432,,3,5,6,0106,0,0,0,,0,,"WHITMAN ST","CODY RD",0.00,,Y,A,-,N,,,,,,,,,,Y,2,0,3,5,A,-,09,21801,A,N,B,C,A,A,H,-,A,D,0,,Y,,,Y,,A,07,1,2,0,0,0,0,1,0,0,"- ","- ",37.652900695800781,-122.07216644287109,ALAMEDA,HAYWARD,-122.07217407226562,37.652931213378906
9647689,2023,2023-12-16,0108,2023-10-28,1734,12427,19,6,5,4,0108,0,0,0,,0,002,"NEWARK BL","CIVIC TERRACE AV",328.00,N,N,A,-,N,,,,,,,,,,N,2,0,1,2,A,-,08,22107,,N,H,G,A,A,H,-,A,D,0,,Y,,,Y,,L,04,1,0,0,0,0,0,1,0,0,"- ","- ",37.536869049072266,-122.03073883056641,ALAMEDA,NEWARK,-122.02976989746094,37.536373138427734
9648732,2023,2024-01-29,0111,2023-11-18,1451,307,,6,5,5,0111,0,0,0,,0,005,"AUGUSTINE ST","W ANGELEA ST",116.00,S,N,A,-,N,,,,,,,,,,N,2,0,1,2,A,-,21,22106,,N,C,C,A,B,H,-,A,D,0,,,,,Y,,A,01,1,0,0,0,0,0,0,0,0,"- ","- ",,,ALAMEDA,PLEASANTON,-121.87902069091797,37.659996032714844
9649822,2023,2023-12-30,0109,2023-05-26,1918,10020,2,5,5,7,0109,0,0,0,,0,26X,"70TH AV","HAWLEY ST",0.00,,Y,A,-,N,,,,,,,,,,N,2,0,2,3,A,-,12,22450,A,N,A,C,A,A,H,-,A,A,0,,,,,Y,,A,01,1,0,1,0,0,0,0,0,0,"- ","- ",,,ALAMEDA,OAKLAND,-122.19593048095703,37.756168365478516
9650000,2023,2024-01-10,0109,2023-07-26,2120,10052,2,3,5,7,0109,0,0,0,,0,30X,"73RD AV","BANCROFT AV",0.00,,Y,A,-,N,,,,,,,,,,N,2,0,1,2,A,-,03,22350,,F,A,B,B,A,H,-,B,A,0,Y,,,,Y,,A,07,1,0,0,0,1,0,0,0,0,"- ","- ",,,ALAMEDA,OAKLAND,-122.17720794677734,37.765819549560547
9650829,2023,2024-01-13,0103,2023-11-07,1249,146,,2,5,6,0103,0,0,0,,0,006,BLAKE,"FULTON ST",180.00,E,N,A,-,N,,,,,,,,,,N,2,0,1,2,A,-,09,21804,A,N,A,G,A,A,H,-,A,D,0,,Y,,,Y,,L,04,1,0,0,0,0,0,1,0,0,"- ","- ",37.86370849609375,-122.26441192626953,ALAMEDA,BERKELEY,-122.26443481445312,37.863433837890625
9650844,2023,2024-01-13,0103,2023-11-30,1728,112,,4,5,6,0103,0,0,0,,0,008,SHATTUCK,WOOLSEY,0.00,,Y,B,-,N,,,,,,,,,,N,2,0,1,2,A,-,10,21950,A,N,G,B,B,A,H,-,C,A,0,Y,,,,Y,,A,01,1,0,0,0,1,0,0,0,0,"- ","- ",37.852378845214844,-122.26612091064453,ALAMEDA,BERKELEY,-122.26615142822266,37.852363586425781
9650846,2023,2024-01-13,0103,2023-11-30,1000,112,,4,5,6,0103,0,0,0,,0,009,ALCATRAZ,ADELINE,0.00,,Y,A,-,N,,,,,,,,,,N,2,0,1,2,A,-,10,21950,A,F,G,B,B,A,H,-,A,A,0,Y,,,,Y,,A,01,1,0,0,0,1,0,0,0,0,"- ","- ",37.848751068115234,-122.27144622802734,ALAMEDA,BERKELEY,-122.27153015136719,37.848724365234375
9650856,2023,2024-01-13,0103,2023-11-17,1618,28,,5,5,6,0103,0,0,0,,0,002,HOPKINS,ALBINA,0.00,,Y,C,-,N,,,,,,,,,,,2,0,1,2,A,-,09,21801,A,N,D,G,A,B,H,-,A,A,0,,Y,,,Y,,A,01,1,0,0,0,0,0,1,0,0,"- ","- ",37.880428314208984,-122.2843017578125,ALAMEDA,BERKELEY,-122.28431701660156,37.880443572998047
9654997,2023,2024-01-16,0109,2023-09-21,2122,10023,2,4,5,7,0109,0,0,0,,0,26X,"SPENCER ST","71ST AV",0.00,,Y,A,-,N,,,,,,,,,,N,2,0,1,2,A,-,03,22350,,M,G,C,E,A,-,-,E,A,0,Y,,,,Y,,-,99,1,0,0,0,1,0,0,0,0,"- ","- ",,,ALAMEDA,OAKLAND,-122.19361114501953,37.756782531738281
9656313,2023,2024-01-25,0103,2023-11-19,1733,15,,7,5,6,0103,0,0,0,,0,011,"SAN PABLO","DWIGHT WY",110.00,N,N,A,-,Y,ALA,4,123,-,-,2.590,H,-,N,N,2,0,1,1,C,-,18,,,N,H,J,A,A,A,-,C,D,0,,Y,,,Y,,-,"- ",1,0,0,0,0,0,1,0,0,"- ","- ",37.861900329589844,-122.2901611328125,ALAMEDA,BERKELEY,-122.28961944580078,37.861408233642578
9659426,2023,2024-02-12,0113,2023-12-08,1814,4915,0113,5,5,5,0113,0,0,0,,0,005,"ALVARADO NILES RD","DYER ST",0.00,,Y,A,-,N,,,,,,,,,,N,2,0,1,2,A,-,11,21456,,N,A,B,B,A,H,-,C,A,0,Y,,,,Y,,A,01,1,0,0,0,1,0,0,0,0,"- ","- ",,,ALAMEDA,"UNION CITY",-122.07110595703125,37.597042083740234
9665440,2024,2024-03-08,0103,2024-01-26,"59  ",10,21,5,5,6,0103,0,0,0,,0,012,10TH,UNIVERSITY,0.00,,Y,A,-,N,,,,,,,,,,N,2,0,1,2,A,-,10,21950,A,N,G,B,B,A,H,-,B,D,0,Y,,,,Y,,D,22,1,0,0,0,1,0,0,0,0,"- ","- ",37.868869781494141,-122.29328918457031,ALAMEDA,BERKELEY,-122.2933349609375,37.868930816650391
9665658,2024,2024-04-15,0103,2024-02-28,1459,S14,20,3,5,6,0103,0,0,0,,0,011,7TH,HEINZ,0.00,,Y,A,-,N,,,,,,,,,,N,2,0,1,2,A,-,10,21950,A,N,G,B,B,A,H,-,A,A,0,Y,,,,Y,,A,01,1,0,0,0,1,0,0,0,0,"- ","- ",37.853481292724609,-122.29189300537109,ALAMEDA,BERKELEY,-122.29190826416016,37.853469848632812
9666799,2024,2024-03-14,0106,2024-01-07,"127 ",471,,7,5,6,0106,0,0,0,,0,00A,"FOOTHILL BL","FLETCHER LN",889.00,N,N,A,-,N,,,,,,,,,,Y,2,0,1,1,A,-,01,23152,A,N,E,I,A,A,H,-,C,A,0,,,,,Y,Y,A,01,1,0,0,0,0,0,0,0,0,"- ","- ",37.668731689453125,-122.08081817626953,ALAMEDA,HAYWARD,,
9666800,2024,2024-03-14,0106,2024-01-18,1415,,,4,5,6,0106,0,0,0,,0,00C,"GRAND ST","CLAIRE ST",120.00,S,N,A,-,N,,,,,,,,,,Y,2,0,2,2,A,-,01,23153,A,N,A,D,A,A,H,-,A,D,0,,,,,Y,Y,A,01,2,0,0,0,0,0,0,0,0,"- ","- ",37.6668701171875,-122.08709716796875,ALAMEDA,HAYWARD,-122.08760070800781,37.667625427246094
9667490,2023,2024-02-23,0109,2023-12-25,2148,10043,2,1,5,7,0109,0,0,0,,0,26X,"INTERNATIONAL BL",57TH,0.00,,Y,A,-,N,,,,,,,,,,N,2,0,1,4,A,-,01,23152,A,N,G,B,E,A,H,-,C,D,0,Y,,,,Y,Y,A,01,1,0,0,0,1,0,0,0,0,"- ","- ",,,ALAMEDA,OAKLAND,-122.20160675048828,37.766098022460938
9668115,2024,2024-03-05,0109,2024-01-27,2209,9248,1,6,5,7,0109,0,0,0,,0,08X,"TELEGRAPH AVE","33RD ST",0.00,,Y,A,-,N,,,,,,,,,,Y,2,0,1,2,-,-,"- ",,,F,A,C,A,A,H,-,C,D,0,,,Y,,Y,,A,01,1,0,0,0,0,0,0,0,1,"- ","- ",,,ALAMEDA,OAKLAND,-122.2664794921875,37.821628570556641
9668437,2024,2024-04-26,0111,2024-02-23,2112,335,,5,5,5,0111,0,0,0,,0,005,"W RUBY HILL DR","BAROLO CT",300.00,N,N,A,-,N,,,,,,,,,,Y,2,0,1,1,A,-,03,22350,1,N,E,I,A,A,H,-,C,D,0,,,,,Y,,A,01,1,0,0,0,0,0,0,0,0,"- ","- ",,,ALAMEDA,PLEASANTON,-121.81504058837891,37.652759552001953
9670556,2024,2024-08-27,0109,2024-02-28,1730,8217,1,3,5,7,0109,0,0,0,,0,17X,"PARK BL","CLEVELAND AV",13.00,N,N,A,-,N,,,,,,,,,,N,1,1,0,2,A,-,10,21950,A,N,G,B,B,A,H,-,A,A,0,Y,,,,Y,,A,01,0,0,0,1,0,0,0,0,0,"- ","- ",,,ALAMEDA,OAKLAND,-122.23976898193359,37.802577972412109
9675366,2023,2024-03-09,0113,2023-11-08,1936,4916,R129,3,5,5,0113,0,0,0,,0,005,"WHIPPLE RD","DYER ST",0.00,,Y,A,-,N,,,,,,,,,,N,2,0,1,2,A,-,10,21950,A,N,G,B,C,A,H,-,C,A,0,Y,,,,Y,,A,08,1,0,0,0,1,0,0,0,0,"- ","- ",,,ALAMEDA,"UNION CITY",-122.06879425048828,37.605697631835938
9675507,2023,2024-02-29,0109,2023-10-13,1300,10059,1,5,5,7,0109,0,0,0,,0,17X,"E 21ST ST","14TH AV",20.00,S,N,A,-,N,,,,,,,,,,N,2,0,1,2,A,-,08,22107,,F,C,C,A,A,H,-,C,A,0,,,,,Y,,A,01,1,0,0,0,0,0,0,0,0,"- ","- ",,,ALAMEDA,OAKLAND,-122.24005126953125,37.793827056884766
9678594,2023,2024-08-12,0109,2023-12-15,2137,9350,2,5,5,7,0109,0,0,0,,0,20X,"29TH AV","E 12TH ST",150.00,S,N,A,-,N,,,,,,,,,,N,2,0,1,2,A,-,12,22451,A,N,D,F,A,A,H,-,C,A,0,,,,,Y,,A,01,1,0,0,0,0,0,0,0,0,"- ","- ",,,ALAMEDA,OAKLAND,-122.23059844970703,37.777725219726562
9679480,2023,2024-03-25,0109,2023-07-01,2214,9926,2,6,5,7,0109,0,0,0,,0,27X,"BANCROFT AV","FAIRFAX AV",20.00,N,N,A,-,N,,,,,,,,,,Y,2,0,3,4,A,-,03,22350,,N,B,E,A,A,-,-,C,A,0,,,,,Y,,A,01,2,1,0,0,0,0,0,0,0,"- ","- ",,,ALAMEDA,OAKLAND,-122.20078277587891,37.771759033203125
9681314,2024,2024-04-04,0106,2024-02-01,1918,475,,4,5,6,0106,0,0,0,,0,00E,"INDUSTRIAL BL","ARF AV",823.00,N,N,A,-,N,,,,,,,,,,Y,2,0,2,2,A,-,09,21804,A,N,D,C,A,A,H,-,B,A,0,,,,,Y,,A,01,2,0,0,0,0,0,0,0,0,"- ","- ",37.623661041259766,-122.10346984863281,ALAMEDA,HAYWARD,-122.10345458984375,37.624118804931641
9681320,2024,2024-04-04,0106,2024-02-14,1757,413,,3,5,6,0106,0,0,0,,0,00A,"2ND ST","WALPERT ST",9.00,S,N,C,-,N,,,,,,,,,,Y,2,0,1,2,A,-,10,21950,A,F,G,B,B,B,H,-,C,A,0,Y,,,,Y,,A,01,1,0,0,0,1,0,0,0,0,"- ","- ",37.668159484863281,-122.07707214355469,ALAMEDA,HAYWARD,-122.07232666015625,37.67022705078125
9684266,2024,2024-04-17,0109,2024-01-26,"12  ",9511,2,5,5,7,0109,0,0,0,,0,32X,"98TH AV","ARMSTRONG DR",0.00,,Y,A,-,N,,,,,,,,,,Y,2,0,1,1,A,-,08,22107,,N,A,I,A,A,H,-,C,A,0,,,,,Y,,A,08,1,0,0,0,0,0,0,0,0,"- ","- ",,,ALAMEDA,OAKLAND,-122.17765808105469,37.740772247314453
9685360,2024,2024-04-30,0109,2024-01-05,1701,9950,2,5,5,7,0109,0,0,0,,0,24X,"CONGRESS AV","HIGH ST",0.00,,Y,A,-,N,,,,,,,,,,N,2,0,1,2,A,-,08,22107,,N,A,C,A,A,H,-,B,A,0,,,Y,,Y,,C,03,1,0,0,0,0,0,0,0,1,"- ","- ",,,ALAMEDA,OAKLAND,-122.20635223388672,37.780208587646484
9685792,2024,2024-07-03,0112,2024-05-18,2220,408,,6,5,5,0112,0,0,0,,0,001,"BANCROFT AV","GLEN DR",0.00,,Y,A,-,N,,,,,,,,,,Y,2,0,5,2,A,-,09,21802,A,F,D,C,A,A,H,-,C,A,0,,,,,Y,,-,,4,0,1,0,0,0,0,0,0,"- ","- ",,,ALAMEDA,"SAN LEANDRO",-122.14971160888672,37.731483459472656
9688002,2024,2024-06-19,0102,2024-04-02,1515,MD236619,2,2,5,3,0102,0,0,0,,0,001,WASHINGTON,MASONIC,0.00,,Y,A,-,N,,,,,,,,,,N,2,0,1,2,A,-,10,21950,A,N,D,B,C,A,H,-,A,D,0,Y,,,,Y,,A,01,1,0,0,0,1,0,0,0,0,"- ","- ",37.891059875488281,-122.29402160644531,ALAMEDA,ALBANY,-122.29429626464844,37.892887115478516
9690359,2024,2024-05-10,0103,2024-03-23,1025,12,,6,5,6,0103,0,0,0,,0,009,SACRAMENTO,ALCATRAZ,0.00,,Y,C,-,N,,,,,,,,,,Y,2,0,2,2,A,-,12,21453,A,F,D,D,A,B,H,-,A,A,0,,,,,Y,,A,01,2,0,0,0,0,0,0,0,0,"- ","- ",37.847900390625,-122.27774047851562,ALAMEDA,BERKELEY,-122.27783966064453,37.847915649414062
9690377,2024,2024-05-10,0103,2024-03-09,1245,54,,6,5,6,0103,0,0,0,,0,007,"TUNNEL 13","OAK RIDGE",0.00,,Y,A,-,N,,,,,,,,,,N,2,0,1,1,A,-,03,22350,,N,H,I,A,A,H,-,A,D,0,,Y,,,Y,,L,04,1,0,0,0,0,0,1,0,0,"- ","- ",37.857120513916016,-122.24143218994141,ALAMEDA,BERKELEY,-122.24150848388672,37.856853485107422
9691329,2024,2024-04-13,0112,2024-03-19,"830 ",418,,2,5,5,0112,0,0,0,,0,003,"ROSE DR","139TH AV",0.00,,Y,A,B,N,,,,,,,,,,N,2,0,1,2,A,-,05,21651,A,N,A,C,A,A,H,-,A,A,0,,,,,Y,,-,,1,0,0,0,0,0,0,0,0,"- ","- ",,,ALAMEDA,"SAN LEANDRO",-122.14234161376953,37.711647033691406
9695886,2024,2024-05-07,0106,2024-02-24,1721,476,,6,5,6,0106,0,0,0,,0,00H,"INDUSTRIAL PKWY W","HUNTWOOD AV",16.00,W,N,A,-,N,,,,,,,,,,Y,2,0,1,2,A,-,11,21456,B,N,G,B,D,A,H,-,B,A,0,Y,,,,Y,Y,N,60,1,0,0,0,1,0,0,0,0,"- ","- ",37.621719360351562,-122.05690765380859,ALAMEDA,HAYWARD,-122.05703735351562,37.621730804443359
9699812,2024,2024-06-07,0108,2024-04-04,1345,12775,26,4,5,4,0108,0,0,0,,0,002,"ENTERPRISE DR","FILBERT ST",2608.00,W,N,A,-,N,,,,,,,,,,N,2,0,1,2,A,-,03,22350,,N,C,E,A,A,H,-,A,D,0,,Y,,,Y,,L,04,1,0,0,0,0,0,1,0,0,"- ","- ",37.521049499511719,-122.04389953613281,ALAMEDA,NEWARK,-122.04440307617188,37.521831512451172
9700616,2024,2024-06-13,0103,2024-03-17,2239,1,27,7,5,6,0103,0,0,0,,0,014,"SAN PABLO",GILMAN,0.00,,Y,A,-,N,,,,,,,,,,Y,2,0,1,2,A,-,05,21651,A,N,A,C,A,A,H,-,C,D,0,,,Y,,Y,,C,02,1,0,0,0,0,0,0,0,1,"- ","- ",37.880470275878906,-122.29579925537109,ALAMEDA,BERKELEY,-122.29576110839844,37.880496978759766
9700617,2024,2024-06-11,0103,2024-03-17,1231,121,,7,5,6,0103,0,0,0,,0,009,OREGON,"MARTIN LUTHER KING JR WY",92.00,E,N,A,-,N,,,,,,,,,,N,2,0,1,2,A,-,11,21954,A,N,G,B,D,A,H,-,A,D,0,Y,,,,Y,,N,60,1,0,0,0,1,0,0,0,0,"- ","- ",37.859310150146484,-122.27082061767578,ALAMEDA,BERKELEY,-122.2711181640625,37.857067108154297
9700956,2024,2024-07-22,0108,2024-05-08,1706,12258,3,3,5,4,0108,0,0,0,,0,001,"CEDAR BL","NEWARK BL",0.00,,Y,A,-,N,,,,,,,,,,Y,2,0,3,2,A,-,12,21453,A,N,D,C,A,A,H,-,A,A,0,,,,,Y,,A,01,2,0,1,0,0,0,0,0,0,"- ","- ",37.548061370849609,-122.04434204101562,ALAMEDA,NEWARK,-122.04459381103516,37.548027038574219
9700967,2024,2024-06-03,0106,2024-03-29,1200,319,,5,5,6,0106,0,0,0,,0,00D,"HESPERIAN BL","CHABOT CT",0.00,,Y,B,C,N,,,,,,,,,,N,2,0,1,2,A,-,09,21802,A,N,D,C,A,B,H,-,A,D,0,,,Y,,Y,,A,01,1,0,0,0,0,0,0,0,1,"- ","- ",37.643669128417969,-122.10452270507812,ALAMEDA,HAYWARD,-122.10459899902344,37.643661499023438
9703677,2024,2024-08-02,0100,2024-05-28,1700,2330,DUBLI,2,5,4,0198,0,0,0,,0,074,"DUBLIN BL","KAISER DR",0.00,,Y,A,-,N,,,,,,,,,,N,2,0,1,2,A,-,17,21462,,N,D,G,A,A,H,-,A,A,0,,Y,,,Y,,L,04,1,0,0,0,0,0,1,0,0,"- ","- ",,,ALAMEDA,DUBLIN,,
9705638,2024,2024-10-04,0108,2024-06-21,1743,12427,42,5,5,4,0108,0,0,0,,0,002,"EUREKA DR","STEVENSON BL",705.00,N,N,A,-,N,,,,,,,,,,Y,2,0,1,2,A,-,09,21801,A,N,A,C,A,A,H,-,A,D,0,,,,,Y,,A,01,1,0,0,0,0,0,0,0,0,"- ","- ",37.507801055908203,-122.00051879882812,ALAMEDA,NEWARK,-121.99911499023438,37.507537841796875
9706663,2024,2024-07-29,0112,2024-06-05,1347,341,,3,5,5,0112,0,0,0,,0,001,"RT 185","BEST AV",0.00,,Y,A,-,Y,ALA,4,185,-,-,6.130,I,5,N,Y,2,0,3,4,A,-,12,21453,A,F,D,C,A,A,H,-,A,A,0,,,,,Y,,-,,1,2,0,0,0,0,0,0,0,"- ","- ",,,ALAMEDA,"SAN LEANDRO",-122.16043853759766,37.7308349609375
9713657,2024,2024-07-16,0109,2024-04-17,2200,10130,2,3,5,7,0109,0,0,0,,0,26X,"INTERNATIONAL BL","50TH AV",0.00,,Y,A,-,N,,,,,,,,,,N,2,0,1,2,A,-,12,21453,A,F,A,C,A,A,H,-,C,A,0,,,Y,,Y,,A,01,1,0,0,0,0,0,0,0,1,"- ","- ",,,ALAMEDA,OAKLAND,-122.20885467529297,37.769416809082031
9715533,2023,2024-08-19,0109,2023-03-18,2000,9977,1,6,5,7,0109,0,0,0,,0,02X,"34TH ST","MANDELA PKWY",30.00,W,N,A,-,N,,,,,,,,,,N,2,0,1,2,A,-,12,22450,,N,A,-,A,A,H,-,B,B,0,,Y,,,Y,,-,"- ",1,0,0,0,0,0,1,0,0,"- ","- ",,,ALAMEDA,OAKLAND,-122.28946685791016,37.824798583984375
9715922,2024,2024-07-12,0109,2024-02-25,2302,10084,1,7,5,7,0109,0,0,0,,0,04X,"19TH ST",BROADWAY,38.00,W,N,A,-,N,,,,,,,,,,N,2,0,2,5,A,-,03,22350,,F,G,B,E,A,H,-,C,A,0,Y,,,,Y,,A,01,1,0,1,0,2,0,0,0,0,"- ","- ",,,ALAMEDA,OAKLAND,-122.26914978027344,37.807830810546875
9716392,2024,2024-08-08,0109,2024-02-09,1540,10104,1,5,5,7,0109,0,0,0,,0,26X,"48TH AVE","INTERNATIONAL BL",5.00,N,N,A,-,N,,,,,,,,,,N,2,0,1,2,A,-,10,21950,A,N,G,B,B,A,H,-,A,D,0,Y,,,,Y,Y,D,22,1,0,0,0,1,0,0,0,0,"- ","- ",,,ALAMEDA,OAKLAND,-122.21025848388672,37.77008056640625
9720217,2024,2025-06-27,0112,2024-07-15,"156 ",399,,1,5,5,0112,0,0,0,,0,002,"14TH ST","SAN LEANDRO BL",127.00,N,N,B,-,Y,ALA,4,185,-,-,4.720,H,-,N,Y,1,1,0,2,A,-,07,21658,A,N,C,E,A,A,H,-,C,D,0,,,Y,,Y,,C,02,0,0,0,0,0,0,0,1,0,"- ","- ",,,ALAMEDA,"SAN LEANDRO",-122.14332580566406,37.715705871582031
9720290,2024,2024-10-03,0111,2024-07-24,1357,224,,3,5,5,0111,0,0,0,,0,001,"STONERIDGE DR","RT 680",0.00,,Y,A,-,Y,ALA,4,680,-,R,19.511,R,4,S,Y,2,0,2,2,A,-,12,21453,A,N,D,C,A,A,H,-,A,A,0,,,,,Y,,A,07,1,0,1,0,0,0,0,0,0,"- ",SF,,,ALAMEDA,PLEASANTON,-121.91991424560547,37.693431854248047
9721476,2024,2024-08-27,0108,2024-07-14,2105,12554,10,7,5,4,0108,0,0,0,,0,001,"FIRESTONE CT","WENTWORTH PL",35.00,N,N,A,-,N,,,,,,,,,,N,2,0,1,1,A,-,08,22107,,N,E,I,A,A,H,-,C,D,0,,,,,Y,,M,91,1,0,0,0,0,0,0,0,0,"- ","- ",37.537040710449219,-122.05859375,ALAMEDA,NEWARK,-122.05868530273438,37.537055969238281
9724431,2024,2024-08-21,0112,2024-07-18,1530,424,,4,5,5,0112,0,0,0,,0,003,"MARINA BL",TEAGARDEN,0.00,,Y,A,-,N,,,,,,,,,,Y,2,0,1,2,A,-,12,21453,,N,B,C,A,A,H,-,A,A,0,,,,,Y,,-,"- ",1,0,0,0,0,0,0,0,0,"- ","- ",,,ALAMEDA,"SAN LEANDRO",-122.16252899169922,37.712089538574219
9725612,2024,2024-08-27,0109,2024-05-31,1354,9370,1,5,5,7,0109,0,0,0,,0,35X,"90TH AV","BANCROFT AV",0.00,,Y,A,-,N,,,,,,,,,,Y,2,0,1,3,A,-,12,21453,A,F,D,C,A,A,H,-,A,A,0,,,,,Y,,A,01,1,0,0,0,0,0,0,0,0,"- ","- ",,,ALAMEDA,OAKLAND,-122.16580963134766,37.753559112548828
9726850,2024,2024-10-11,0103,2024-08-12,"943 ",104,,1,5,6,0103,0,0,0,,0,014,"SAN PABLO AV","GILMAN ST",0.00,,Y,A,-,Y,,,,,,,,,,N,2,0,2,2,A,-,03,22350,,F,C,C,A,A,H,-,A,A,0,,,,,Y,,A,01,1,1,0,0,0,0,0,0,0,"- ","- ",37.8780517578125,-122.29863739013672,ALAMEDA,BERKELEY,-122.29576110839844,37.880496978759766