CASE_ID,ACCIDENT_YEAR,PROC_DATE,JURIS,COLLISION_DATE,COLLISION_TIME,OFFICER_ID,REPORTING_DISTRICT,DAY_OF_WEEK,CHP_SHIFT,POPULATION,CNTY_CITY_LOC,SPECIAL_COND,BEAT_TYPE,CHP_BEAT_TYPE,CITY_DIVISION_LAPD,CHP_BEAT_CLASS,BEAT_NUMBER,PRIMARY_RD,SECONDARY_RD,DISTANCE,DIRECTION,INTERSECTION,WEATHER_1,WEATHER_2,STATE_HWY_IND,CALTRANS_COUNTY,CALTRANS_DISTRICT,STATE_ROUTE,ROUTE_SUFFIX,POSTMILE_PREFIX,POSTMILE,LOCATION_TYPE,RAMP_INTERSECTION,SIDE_OF_HWY,TOW_AWAY,COLLISION_SEVERITY,NUMBER_KILLED,NUMBER_INJURED,PARTY_COUNT,PRIMARY_COLL_FACTOR,PCF_CODE_OF_VIOL,PCF_VIOL_CATEGORY,PCF_VIOLATION,PCF_VIOL_SUBSECTION,HIT_AND_RUN,TYPE_OF_COLLISION,MVIW,PED_ACTION,ROAD_SURFACE,ROAD_COND_1,ROAD_COND_2,LIGHTING,CONTROL_DEVICE,CHP_ROAD_TYPE,PEDESTRIAN_ACCIDENT,BICYCLE_ACCIDENT,MOTORCYCLE_ACCIDENT,TRUCK_ACCIDENT,NOT_PRIVATE_PROPERTY,ALCOHOL_INVOLVED,STWD_VEHTYPE_AT_FAULT,CHP_VEHTYPE_AT_FAULT,COUNT_SEVERE_INJ,COUNT_VISIBLE_INJ,COUNT_COMPLAINT_PAIN,COUNT_PED_KILLED,COUNT_PED_INJURED,COUNT_BICYCLIST_KILLED,COUNT_BICYCLIST_INJURED,COUNT_MC_KILLED,COUNT_MC_INJURED,PRIMARY_RAMP,SECONDARY_RAMP,LATITUDE,LONGITUDE,COUNTY,CITY,POINT_X,POINT_Y
6401938,2014,2014-06-05,9375,2014-02-10,1600,018938,,1,2,9,0100,1,2,4,,1,020,"ASHLAND AV","LEWELLING BL",364.00,N,N,B,-,N,,,,,,,,,,N,2,0,1,3,A,-,11,21954,A,N,G,B,D,A,H,-,A,D,0,Y,,,,Y,,N,60,1,0,0,0,1,0,0,0,0,"- ","- ",37.687750000000001,-122.11901,ALAMEDA,UNINCORPORATED,-122.11902001,37.68767965
6408711,2014,2014-06-16,0109,2014-01-01,1041,8096,1,3,5,7,0109,0,0,0,,0,18X,"14TH AV","E 31ST ST",0.00,,Y,A,-,N,,,,,,,,,,Y,2,0,1,2,A,-,12,21453,A,N,H,G,A,A,H,-,A,A,0,,Y,Y,,Y,,L,04,1,0,0,0,0,0,0,0,1,"- ","- ",,,ALAMEDA,OAKLAND,-122.22949993,37.79893989
6424686,2014,2015-11-20,9370,2014-02-05,2305,19160,,3,3,7,0109,0,1,1,,2,177,"RT 880","16TH AV",1842.00,N,N,C,-,Y,ALA,4,880,-,-,30.040,H,-,S,Y,2,0,1,3,A,-,03,22350,,F,C,C,A,B,H,-,C,D,1,,,,,Y,,A,01,1,0,0,0,0,0,0,0,0,"- ","- ",37.787959999999998,-122.24984000000001,ALAMEDA,OAKLAND,-122.25006307,37.78807879
6425430,2014,2014-06-28,0105,2014-02-23,2144,2901,668,7,5,6,0105,0,0,0,,0,002,"DUSTERBERRY WY","PERALTA BL",483.00,N,N,A,-,N,,,,,,,,,,Y,2,0,2,1,A,-,12,22451,B,N,H,F,A,A,H,-,C,A,0,,,,,Y,,A,01,1,1,0,0,0,0,0,0,0,"- ","- ",,,ALAMEDA,FREMONT,-122.01085019,37.554230939999997
6428450,2014,2016-03-05,0106,2014-02-09,0249,418,,7,5,6,0106,0,0,0,,0,00F,"MISSION BL","CORINNE AV",25.00,N,N,C,-,Y,ALA,4,238,-,-,8.310,H,-,N,Y,2,0,4,1,A,-,01,23153,A,N,A,I,A,B,H,-,C,A,0,,,,,Y,Y,A,01,1,3,0,0,0,0,0,0,0,"- ","- ",,,ALAMEDA,HAYWARD,-122.03435147,37.618816389999999
6436761,2014,2014-07-01,9375,2014-03-14,2140,019680,,5,2,9,0100,0,3,5,,2,003,"NORBRIDGE AV","REDWOOD RD",30.00,E,N,A,-,N,,,,,,,,,,Y,2,0,2,4,A,-,01,23152,A,N,C,C,B,A,H,-,C,A,0,Y,,,,Y,Y,A,01,2,0,0,0,2,0,0,0,0,"- ","- ",37.692540000000001,-122.07393,ALAMEDA,UNINCORPORATED,-122.07379041,37.692587019999998
6444136,2014,2014-06-26,0109,2014-02-03,1630,8973,2,1,5,7,0109,0,0,0,,0,24X,"35TH AV","BROOKDALE AV",0.00,,Y,A,-,N,,,,,,,,,,N,2,0,1,2,A,-,10,21950,A,N,G,B,B,A,H,-,A,A,0,Y,,,,Y,,A,01,1,0,0,0,1,0,0,0,0,"- ","- ",,,ALAMEDA,OAKLAND,-122.21033,37.78798999
6450860,2014,2014-07-03,0106,2014-03-04,1838,307,,2,5,6,0106,0,0,0,,0,00B,"B ST","ARLETTE AV",10.00,W,N,A,-,N,,,,,,,,,,N,2,0,1,2,A,-,11,21954,A,N,G,B,D,A,H,-,C,D,0,Y,,,,Y,,N,60,1,0,0,0,1,0,0,0,0,"- ","- ",,,ALAMEDA,HAYWARD,-122.06551786,37.682803749999998
6452834,2014,2016-04-13,9345,2014-04-17,1537,019804,,4,2,6,0105,0,1,1,,2,071,"RT 880","PASEO PADRE PKWY",30.00,S,N,A,-,Y,ALA,4,880,-,-,10.920,H,-,N,Y,2,0,8,4,A,-,07,21658,A,N,D,C,A,A,H,-,A,D,1,,,,,Y,,A,07,1,2,5,0,0,0,0,0,0,"- ","- ",37.571010000000001,-122.04541,ALAMEDA,FREMONT,-122.04515195,37.570816389999997
6453169,2014,2014-08-01,0108,2014-04-24,1930,11361,36,4,5,4,0108,0,0,0,,0,,"MOWRY AV","ALPENROSE CT",280.00,E,N,A,-,N,,,,,,,,,,Y,2,0,3,3,A,-,03,22350,,N,C,C,A,A,H,-,B,D,0,,,,,Y,,A,08,1,0,2,0,0,0,0,0,0,"- ","- ",,,ALAMEDA,NEWARK,-122.00589376000001,37.527350079999998
6460614,2014,2014-06-24,0109,2014-01-26,0335,9090,2,7,5,7,0109,0,0,0,,0,23X,"INTERNATIONAL BL","34TH AV",20.00,E,N,A,-,N,,,,,,,,,,N,2,0,1,2,D,-,00,,,F,G,B,D,A,H,-,C,D,0,Y,,,,Y,,-,"- ",1,0,0,0,1,0,0,0,0,"- ","- ",,,ALAMEDA,OAKLAND,-122.22377295,37.776628879999997
6491760,2014,2014-07-08,0111,2014-03-11,1702,270,,2,5,5,0111,0,0,0,,0,002,"STONERIDGE DR","RIALTO WY",165.00,E,N,A,-,N,,,,,,,,,,Y,2,0,1,2,A,-,07,21658,A,F,B,C,A,A,H,-,A,D,0,,,Y,,Y,,-,,1,0,0,0,0,0,0,0,1,"- ","- ",37.690190000000001,-121.88829,ALAMEDA,PLEASANTON,-121.88904209,37.69151154
6491774,2014,2014-07-17,0103,2014-04-30,1947,10,35,3,5,6,0103,0,0,0,,0,010,"STUART ST","MILVIA ST",9.00,W,N,A,-,N,,,,,,,,,,N,2,0,1,1,A,-,"- ",,,N,F,J,A,A,H,-,A,D,0,,Y,,,Y,,L,04,1,0,0,0,0,0,1,0,0,"- ","- ",,,ALAMEDA,BERKELEY,-122.26927089,37.858206610000003
6513877,2014,2016-04-20,9370,2014-04-18,2310,20657,,5,3,7,0109,0,1,1,,2,008,"RT 80","SFOBB TP",10.00,E,N,A,-,Y,ALA,4,80,-,-,1.990,H,-,W,Y,2,0,1,1,A,-,01,23152,A,N,E,I,A,A,H,-,C,D,6,,,,,Y,Y,A,01,1,0,0,0,0,0,0,0,0,"- ","- ",37.49297,-122.18494,ALAMEDA,OAKLAND,-122.31382034000001,37.824850130000002
6524360,2014,2016-04-15,9390,2014-05-20,1115,19285,,2,1,6,0105,0,1,1,,2,064,"RT 680","S MISSION BL",3696.00,N,N,B,-,Y,ALA,4,680,-,M,3.110,H,-,S,Y,2,0,3,2,A,-,03,22350,,N,C,C,A,A,H,-,A,D,1,,,,,Y,,A,01,1,0,2,0,0,0,0,0,0,"- ","- ",,,ALAMEDA,FREMONT,-121.93187585,37.503059319999998
6524822,2014,2014-08-06,9375,2014-05-06,2040,020534,,2,2,9,0100,0,3,5,,2,003,"LAKE CHABOT RD","EDEN MEDICAL CENTER",29.00,S,N,B,-,N,,,,,,,,,,N,2,0,1,2,A,-,11,21954,A,N,G,B,D,A,H,-,C,A,0,Y,,,,Y,Y,N,60,1,0,0,0,1,0,0,0,0,"- ","- ",37.697049999999997,-122.08703,ALAMEDA,UNINCORPORATED,-122.08698570999999,37.697069679999998
6524972,2014,2016-03-29,9370,2014-05-24,0545,20447,,6,3,7,0109,0,1,1,,2,052,"RT 580","HIGH ST",890.00,E,N,A,-,Y,ALA,4,580,-,R,30.910,H,-,E,Y,2,0,2,2,A,-,07,21658,A,N,B,C,A,A,H,-,B,D,0,,,,,Y,,A,07,2,0,0,0,0,0,0,0,0,"- ","- ",37.78548,-122.19347999999999,ALAMEDA,OAKLAND,-122.09877714,37.690467900000002
6532457,2014,2014-08-01,0105,2014-05-31,0201,14083,1121,6,5,6,0105,0,0,0,,0,003,"CUSHING PKWY","AUTO MALL CIR",0.00,,Y,A,-,N,,,,,,,,,,Y,2,0,1,1,A,-,01,23152,E,M,E,I,A,A,H,-,C,D,0,,,,,Y,,A,01,1,0,0,0,0,0,0,0,0,"- ","- ",,,ALAMEDA,FREMONT,-121.97935999000001,37.502379990000001
6533799,2014,2016-03-29,9370,2014-06-23,2120,18864,,1,2,7,0109,0,1,1,,2,053,"RT 580","ARDLEY AV",257.00,W,N,A,-,Y,ALA,4,580,-,R,41.980,H,-,W,Y,2,0,2,2,A,-,03,22350,,N,C,C,A,A,H,-,C,D,1,,,,,Y,Y,A,01,1,1,0,0,0,0,0,0,0,"- ","- ",37.481009999999998,-122.13303999999999,ALAMEDA,OAKLAND,-122.22503163,37.800179030000002
6536773,2014,2014-07-30,0109,2014-05-18,1430,8155,2,7,5,7,0109,0,0,0,,0,24X,"FOOTHILL BL","38TH AV",30.00,E,N,A,-,N,,,,,,,,,,N,2,0,1,2,A,-,05,21650,,F,G,C,A,A,H,-,A,A,0,,,Y,,Y,,C,03,1,0,0,0,0,0,0,0,0,"- ","- ",,,ALAMEDA,OAKLAND,-122.21663063,37.778958680000002
6537493,2014,2014-07-22,0109,2014-04-19,1600,9140,1,6,5,7,0109,0,0,0,,0,20X,"29TH AV","9TH ST",0.00,,Y,A,-,N,,,,,,,,,,N,2,0,1,2,A,-,10,21950,A,F,G,B,B,A,H,-,A,A,0,Y,,,,Y,,A,08,1,0,0,0,1,0,0,0,0,"- ","- ",,,ALAMEDA,OAKLAND,-122.23276995000001,37.775249979999998
6538995,2014,2014-07-01,0109,2014-03-28,1428,8973,1,5,5,7,0109,0,0,0,,0,03X,"13TH ST","OAK ST",0.00,,Y,A,-,N,,,,,,,,,,N,2,0,2,2,A,-,12,21453,A,N,B,C,A,A,H,-,A,A,0,,,Y,,Y,,-,"- ",1,1,0,0,0,0,0,0,2,"- ","- ",,,ALAMEDA,OAKLAND,-122.26329993,37.800379919999997
6547084,2014,2016-04-14,9370,2014-06-22,1955,20508,,7,2,2,0104,0,1,1,,2,080,"RT 80","ASHBY AV",840.00,W,N,A,-,Y,ALA,4,80,-,-,4.290,H,-,W,Y,2,0,1,2,A,-,03,22350,,N,C,C,A,A,H,-,A,D,6,,,Y,,Y,,C,02,1,0,0,0,0,0,0,0,1,"- ","- ",37.84366,-122.29788000000001,ALAMEDA,EMERYVILLE,-122.29817024,37.84524716
6547108,2014,2016-03-29,9370,2014-06-15,1918,20206,,7,2,7,0109,0,1,3,,2,024,"RT 24","TELEGRAPH AV",125.00,E,N,A,-,Y,ALA,4,580,-,-,44.891,R,2,E,Y,2,0,1,1,A,-,01,23152,A,N,E,I,A,A,H,-,A,D,1,,,Y,,Y,Y,C,02,1,0,0,0,0,0,0,0,1,TO,"- ",37.823169999999998,-122.26430000000001,ALAMEDA,OAKLAND,-122.2632744,37.823077310000002
6549103,2014,2014-08-14,0105,2014-06-24,1915,11865,1265,2,5,6,0105,0,0,0,,0,003,"WARM SPRINGS BL","MEADOWFAIR COM",45.00,N,N,A,-,N,,,,,,,,,,Y,2,0,2,2,A,-,05,21651,A,N,E,I,A,A,H,-,A,D,0,,,,,Y,,A,01,1,1,0,0,0,0,0,0,0,"- ","- ",,,ALAMEDA,FREMONT,-121.91321790000001,37.461608159999997
6551403,2014,2014-08-12,0101,2014-06-20,2125,49,425,5,5,5,0101,0,0,0,,0,004,"HARBOR BAY PKWY","S LOOP RD",1778.00,W,N,A,-,N,,,,,,,,,,N,2,0,1,2,A,-,08,22107,,N,H,D,A,A,H,-,C,D,0,,,,Y,Y,,M,94,1,0,0,0,0,0,0,0,0,"- ","- ",,,ALAMEDA,ALAMEDA,-122.24541008999999,37.72641196
6579861,2014,2016-05-28,9375,2014-07-07,2028,19991,,1,2,9,0100,0,1,3,,1,185,"RT 185","165TH AV",0.00,,Y,A,-,Y,ALA,4,185,-,-,2.430,I,5,N,Y,2,0,1,2,A,-,12,21453,A,N,D,C,A,A,H,-,B,A,0,,,Y,,Y,,C,02,1,0,0,0,0,0,0,0,1,"- ","- ",37.693579999999997,-122.11187,ALAMEDA,UNINCORPORATED,-122.11183572,37.693594300000001
6580682,2014,2016-05-14,9370,2014-07-10,1955,19561,,4,2,7,0109,0,1,1,,2,176,"RT 880","98TH AV",600.00,S,N,A,-,Y,ALA,4,880,-,-,24.630,H,-,S,Y,2,0,1,2,A,-,01,23152,A,N,C,C,A,A,H,-,A,D,1,,,Y,,Y,Y,C,02,1,0,0,0,0,0,0,0,1,"- ","- ",37.731920000000002,-122.18859999999999,ALAMEDA,OAKLAND,-122.18764225,37.730300409999998
6580860,2014,2014-08-23,9375,2014-06-28,0230,20534,,6,3,9,0100,0,3,5,,2,002,"LARK ST","150TH AV",24.00,S,N,B,-,N,,,,,,,,,,N,2,0,1,2,A,-,21,22106,,F,G,B,D,A,H,-,C,A,0,Y,,,,Y,,A,01,1,0,0,0,1,0,0,0,0,"- ","- ",37.70778,-122.12631,ALAMEDA,UNINCORPORATED,-122.12638274,37.707962279999997
6582750,2014,2016-01-20,0101,2014-08-01,1012,60,145,5,5,5,0101,0,0,0,,0,001,"RT 260","ATLANTIC AV",313.00,S,N,A,-,N,,,,,,,,,,N,2,0,1,2,A,-,"- ",,,N,H,G,A,A,H,-,A,D,0,,Y,,,Y,,L,04,1,0,0,0,0,0,1,0,0,"- ","- ",,,ALAMEDA,ALAMEDA,-122.27660358,37.778804979999997
6588877,2014,2014-09-02,0105,2014-07-28,1651,12223,784,1,5,6,0105,0,0,0,,0,001,"PASEO PADRE PK","BAYLIS ST",9.00,N,N,A,-,N,,,,,,,,,,Y,2,0,1,2,A,-,11,21950,B,N,G,B,B,A,H,-,A,D,0,Y,,,,Y,,N,60,1,0,0,0,1,0,0,0,0,"- ","- ",,,ALAMEDA,FREMONT,-121.96305408000001,37.543515599999999
6593391,2014,2016-05-21,9345,2014-07-31,1711,020622,,4,2,9,0100,0,1,1,,2,074,"RT 880","HACIENDA AV",1100.00,S,N,A,-,Y,ALA,4,880,-,-,19.060,H,-,S,Y,2,0,3,1,A,-,08,22107,,N,E,I,A,A,H,-,A,D,1,,,,,Y,,A,07,1,2,0,0,0,0,0,0,0,"- ","- ",37.675370000000001,-122.11581,ALAMEDA,UNINCORPORATED,-122.11496984,37.674571870000001
6596099,2014,2016-01-20,0101,2014-08-12,0725,60,113,2,5,5,0101,0,0,0,,0,001,"MAIN ST","RALPH APPEZZATO MEMORIAL PKWY",215.00,S,N,B,-,N,,,,,,,,,,N,2,0,1,2,A,-,11,21955,,N,G,B,D,A,H,-,A,D,0,Y,,,,Y,,N,60,1,0,0,0,1,0,0,0,0,"- ","- ",,,ALAMEDA,ALAMEDA,-122.29129136,37.779409170000001
6597165,2014,2016-04-30,9370,2014-07-19,0201,020279,,6,3,6,0103,0,1,1,,2,081,"RT 80","UNIVERSITY AV",50.00,E,N,A,-,Y,ALA,4,80,-,-,5.850,H,-,W,Y,2,0,1,1,A,-,01,23152,A,N,E,J,A,A,H,-,D,D,6,,,,,Y,Y,A,01,1,0,0,0,0,0,0,0,0,"- ","- ",37.866849999999999,-122.30392999999999,ALAMEDA,BERKELEY,-122.30395387999999,37.866946919999997
6605076,2014,2014-09-06,9375,2014-08-05,1500,019961,,2,2,9,0100,0,2,4,,2,043,"HEYER AV","SOLITAIRE CT",55.00,W,N,A,-,N,,,,,,,,,,N,2,0,1,2,A,-,11,21954,A,N,G,B,D,A,H,-,A,D,0,Y,,,,Y,,N,60,1,0,0,0,1,0,0,0,0,"- ","- ",37.704340000000002,-122.06601999999999,ALAMEDA,UNINCORPORATED,-122.06589904000001,37.704306359999997
6606028,2014,2014-09-15,9370,2014-04-02,0015,19169,,3,3,7,0109,0,1,1,,2,176,"RT 880","HIGH ST",3015.00,S,N,B,-,Y,ALA,4,880,-,-,27.060,H,-,S,N,1,1,0,2,A,-,11,21954,A,N,G,B,E,B,H,-,D,D,1,Y,,,,Y,,N,60,0,0,0,1,0,0,0,0,0,"- ","- ",37.761290000000002,-122.21475,ALAMEDA,OAKLAND,-122.21298476,37.759217909999997
6606233,2014,2014-10-06,9370,2014-07-01,0417,19160,,2,3,7,0109,0,1,1,,2,176,"RT 880","98TH AV",15.00,N,N,A,-,Y,ALA,4,880,-,-,24.740,H,-,N,N,1,1,0,2,A,-,11,21954,A,N,G,B,E,A,H,-,D,D,1,Y,,,Y,Y,,N,60,0,0,0,1,0,0,0,0,0,"- ","- ",37.731999999999999,-122.18855000000001,ALAMEDA,OAKLAND,-122.18851342000001,37.731787959999998
6621760,2014,2014-09-22,0109,2014-04-12,1504,8423,,6,5,7,0109,0,0,0,,0,27Y,"BANCROFT AV","FORTUNE WY",0.00,,Y,A,-,N,,,,,,,,,,Y,2,0,4,2,A,-,12,22450,A,N,D,C,A,A,H,-,A,A,0,,,,,Y,,A,01,3,0,1,0,0,0,0,0,0,"- ","- ",,,ALAMEDA,OAKLAND,-122.19012986,37.770679889999997
6625199,2014,2014-09-23,0109,2014-08-07,1432,8270,1,4,5,7,0109,0,0,0,,0,19X,"8TH AV","E 10TH ST",0.00,,Y,A,-,N,,,,,,,,,,N,2,0,1,2,A,-,12,22450,A,F,H,G,A,A,H,-,A,A,0,,Y,,,Y,,L,04,1,0,0,0,0,0,1,0,0,"- ","- ",,,ALAMEDA,OAKLAND,-122.25413994,37.791539980000003
6630925,2014,2014-11-03,9375,2014-09-04,1750,018818,,4,2,9,0100,0,2,4,,1,045,"CROW CANYON RD","NORRIS CANYON RD",10560.00,N,N,A,B,N,,,,,,,,,,N,2,0,1,1,C,-,18,,,N,E,A,A,A,H,-,A,D,0,,,Y,,Y,,-,"- ",1,0,0,0,0,0,0,0,1,"- ","- ",,,ALAMEDA,UNINCORPORATED,-122.0322694,37.733698279999999
6639748,2014,2016-05-21,9345,2014-09-19,1500,020421,,5,2,6,0105,0,1,1,,2,071,"RT 880","THORTON AV",1000.00,N,N,A,-,Y,ALA,4,880,-,-,9.040,H,-,N,Y,2,0,1,3,A,-,07,21658,A,N,B,C,A,A,H,-,A,D,1,,,Y,,Y,,D,22,1,0,0,0,0,0,0,0,1,"- ","- ",37.549289999999999,-122.02469000000001,ALAMEDA,FREMONT,-122.0246514,37.549349499999998
6645748,2014,2016-05-17,9370,2014-09-20,1221,20506,,6,1,7,0109,0,1,1,,2,055,"RT 580","HOLLIS ST",350.00,W,N,A,-,Y,ALA,4,580,-,-,46.060,H,-,W,N,2,0,1,2,A,-,07,21658,A,N,B,C,A,A,H,-,A,D,1,,,Y,,Y,,A,08,1,0,0,0,0,0,0,0,1,"- ","- ",37.493740000000003,-122.17898,ALAMEDA,OAKLAND,-122.2838862,37.827493959999998
6646098,2014,2016-05-21,9345,2014-09-21,0234,020362,9345,7,3,6,0106,0,1,1,,2,072,"RT 880","WHIPPLE RD",780.00,N,N,A,-,Y,ALA,4,880,-,-,14.100,H,-,N,Y,2,0,3,2,A,-,03,22350,,F,C,C,A,A,H,-,D,D,1,,,,,Y,Y,-,99,2,0,1,0,0,0,0,0,0,"- ","- ",37.611669999999997,-122.06918,ALAMEDA,HAYWARD,-122.07029851999999,37.612149580000001
6646294,2014,2014-10-10,0100,2014-09-17,0954,202219,325,3,5,4,0198,0,0,0,,0,,"LOCUST PL","WINEBERRY WY",336.00,N,N,A,-,N,,,,,,,,,,N,2,0,1,2,A,-,11,21950,B,N,G,B,D,A,H,-,A,D,0,Y,,,,Y,,N,60,1,0,0,0,1,0,0,0,0,"- ","- ",,,ALAMEDA,DUBLIN,-121.92649,37.724359999999997
6647968,2014,2014-10-15,0112,2014-08-30,1630,345,,6,5,5,0112,0,0,0,,0,007,"HAYS ST","ESTUDILLO AV",189.00,N,N,A,-,N,,,,,,,,,,Y,2,0,2,3,A,-,03,22350,,N,C,E,A,A,H,-,A,D,0,,,,,Y,,-,,1,0,1,0,0,0,0,0,0,"- ","- ",,,ALAMEDA,"SAN LEANDRO",-122.15769911,37.724815620000001
6651688,2014,2014-10-29,0106,2014-09-15,1013,316,,1,5,6,0106,0,0,0,,0,00B,"A ST","MONTGOMERY ST",0.00,,Y,A,-,N,,,,,,,,,,Y,2,0,1,2,A,-,12,21453,A,N,D,C,A,A,H,-,A,A,0,,,,,Y,,A,01,1,0,0,0,0,0,0,0,0,"- ","- ",37.671790000000001,-122.08785,ALAMEDA,HAYWARD,-122.08783990000001,37.671779950000001
6653598,2014,2016-05-17,9370,2014-09-22,2239,018864,,1,3,7,0109,0,1,1,,2,055,"RT 580","PIEDMONT AV",450.00,E,N,A,-,Y,ALA,4,580,-,-,44.360,H,-,W,Y,2,0,1,1,A,-,01,23152,A,N,E,I,A,A,H,-,C,D,1,,,,,Y,Y,D,22,1,0,0,0,0,0,0,0,0,"- ","- ",37.491630000000001,-122.15268,ALAMEDA,OAKLAND,-122.25481516000001,37.819794819999998
6664904,2014,2016-05-21,9345,2014-09-13,0502,020649,,6,3,6,0105,0,1,1,,2,071,"RT 880","CENTRAL AV",553.00,N,N,A,-,Y,ALA,4,880,-,-,8.360,H,-,S,Y,2,0,2,1,A,-,08,22107,,N,F,I,A,A,H,-,C,D,1,,,,,Y,Y,A,01,2,0,0,0,0,0,0,0,0,"- ","- ",37.5398,-122.0179,ALAMEDA,FREMONT,-122.01849937999999,37.540541730000001
6672116,2014,2014-11-13,0109,2014-09-23,2036,8903,1,2,5,7,0109,0,0,0,,0,05X,"MANDELA PKWY","14TH ST",0.00,,Y,A,-,N,,,,,,,,,,N,2,0,1,2,A,-,01,23152,A,N,D,C,A,A,H,-,C,A,0,,,,,Y,Y,A,01,1,0,0,0,0,0,0,0,0,"- ","- ",,,ALAMEDA,OAKLAND,-122.29173987999999,37.810849900000001
6678150,2015,2016-02-19,0105,2015-12-22,2255,12636,130,2,5,6,0105,0,0,0,,0,002,"DUMBARTON CIR","CAMPUS CT",2192.00,E,N,A,B,N,,,,,,,,,,Y,1,1,0,2,A,-,03,22350,,N,D,C,A,A,H,-,C,D,0,,,,,Y,Y,A,01,0,0,0,0,0,0,0,0,0,"- ","- ",33.212179999999996,-117.74611,ALAMEDA,FREMONT,-122.0677166,37.544852050000003
6678373,2017,2018-01-23,0106,2017-05-06,1916,406,,6,5,6,0106,0,0,0,,0,00D,"HESPERIAN BL","TURNER CT",0.00,,Y,B,-,N,,,,,,,,,,Y,1,1,2,2,A,-,12,21453,A,N,D,C,A,A,H,-,B,A,0,,,,,Y,,A,01,0,0,2,0,0,0,0,0,0,"- ","- ",37.645240000000001,-122.10499,ALAMEDA,HAYWARD,-122.10529995,37.644829940000001
6681498,2014,2014-12-03,0105,2014-10-15,1254,11566,442,3,5,6,0105,0,0,0,,0,002,"FREMONT BL","ALDER AV",0.00,,Y,A,-,N,,,,,,,,,,Y,2,0,1,2,D,-,00,,,N,B,C,A,A,H,-,A,A,0,,,,Y,Y,,-,"- ",1,0,0,0,0,0,0,0,0,"- ","- ",,,ALAMEDA,FREMONT,-122.01598997000001,37.562699979999998
6682547,2014,2014-12-22,9375,2014-10-07,0820,013905,,2,1,9,0100,0,2,4,,1,031,"CASTRO VALLEY BL","WISTERIA ST",0.00,,Y,A,-,N,,,,,,,,,,N,2,0,1,2,A,-,10,21950,A,N,G,B,B,A,H,-,A,A,0,Y,,,,Y,,A,07,1,0,0,0,1,0,0,0,0,"- ","- ",37.694699999999997,-122.08481999999999,ALAMEDA,UNINCORPORATED,-122.08483991,37.694809900000003
6682551,2014,2014-12-22,9375,2014-10-18,1940,020568,,6,2,9,0100,0,2,4,,1,047,"PALOMARES RD","PALO VERDE RD",26189.00,S,N,A,-,N,,,,,,,,,,Y,2,0,1,1,A,-,08,22107,,N,E,I,A,A,H,-,B,D,0,,,,,Y,,A,01,1,0,0,0,0,0,0,0,0,"- ","- ",37.629010000000001,-122.94562000000001,ALAMEDA,UNINCORPORATED,-121.96808382,37.645924270000002
6703489,2014,2016-02-29,9375,2014-10-22,1845,019961,,3,2,9,0100,0,2,4,,1,020,"LEWELLING BL","HESPERIAN BL",172.00,W,N,B,-,N,,,,,,,,,,N,2,0,1,1,A,-,08,22107,,N,F,A,A,A,H,-,C,D,0,,,Y,,Y,,C,02,1,0,0,0,0,0,0,0,1,"- ","- ",,,ALAMEDA,UNINCORPORATED,-122.13071456,37.686680000000003
6705234,2014,2014-11-20,9370,2014-10-26,0126,020586,,7,3,7,0109,0,1,1,,2,055,"RT 580","HOLLIS ST",197.00,W,N,B,-,Y,,,,,,,,,,Y,2,0,1,2,A,-,08,22107,,N,B,C,A,A,H,-,D,D,0,,,Y,,Y,,A,01,1,0,0,0,0,0,0,0,1,"- ","- ",,,ALAMEDA,OAKLAND,-122.28519000999999,37.82715554
6708574,2014,2014-11-20,0109,2014-09-02,1659,9301,2,2,5,7,0109,0,0,0,,0,31Y,"HEGENBERGER DR","HEGENBERGER LOOP",210.00,N,N,A,-,N,,,,,,,,,,N,2,0,1,2,A,-,08,22107,,N,B,C,A,A,H,-,A,D,0,,,Y,,Y,,A,01,1,0,0,0,0,0,0,0,1,"- ","- ",,,ALAMEDA,OAKLAND,-122.1976774,37.73494376
6714900,2014,2014-12-31,9375,2014-10-08,2140,19142,,3,2,9,0100,0,2,4,,1,020,"ASHLAND AV","GALWAY DR",0.00,,Y,A,-,N,,,,,,,,,,N,2,0,1,2,A,-,08,22107,,N,H,G,A,A,H,-,C,A,0,,Y,,,Y,,A,01,1,0,0,0,0,0,1,0,0,"- ","- ",37.6905,-122.1189,ALAMEDA,UNINCORPORATED,-122.11898988999999,37.690509929999997
6718161,2014,2015-03-11,9390,2014-10-10,1850,19673,,5,2,9,0100,0,1,1,,2,025,"RT 580","SAN JOAQUIN CO LINE",2112.00,W,N,A,-,Y,ALA,4,580,-,-,0.420,H,-,E,Y,1,1,0,2,A,-,07,21658,A,N,B,C,A,A,H,-,B,D,1,,,,,Y,,A,01,0,0,0,0,0,0,0,0,0,"- ","- ",37.741140000000001,-121.56241,ALAMEDA,UNINCORPORATED,-121.56296304999999,37.741066359999998
6718230,2014,2015-03-13,0109,2014-05-22,1939,8217,,4,5,7,0109,0,0,0,,0,31Z,"RUSSET ST","107TH AV",10.00,W,N,A,-,N,,,,,,,,,,Y,1,1,0,2,A,-,09,21802,A,N,A,C,A,A,H,-,A,A,0,,,Y,,Y,,A,01,0,0,0,0,0,0,0,1,0,"- ","- ",,,ALAMEDA,OAKLAND,-122.17397301,37.734260509999999
6718268,2014,2015-03-27,9370,2014-11-09,1720,19815,,7,2,7,0109,0,1,1,,2,052,"RT 580","DAVENPORT AV",185.00,E,N,A,-,Y,ALA,4,580,-,R,39.330,H,-,W,Y,1,1,1,3,A,-,08,22107,,N,C,C,E,A,H,-,B,D,1,Y,,,,Y,,A,01,0,1,0,1,0,0,0,0,0,"- ","- ",37.784100000000002,-122.18016,ALAMEDA,OAKLAND,-122.17993336000001,37.78405996