CASE_ID,ACCIDENT_YEAR,PROC_DATE,JURIS,COLLISION_DATE,COLLISION_TIME,OFFICER_ID,REPORTING_DISTRICT,DAY_OF_WEEK,CHP_SHIFT,POPULATION,CNTY_CITY_LOC,SPECIAL_COND,BEAT_TYPE,CHP_BEAT_TYPE,CITY_DIVISION_LAPD,CHP_BEAT_CLASS,BEAT_NUMBER,PRIMARY_RD,SECONDARY_RD,DISTANCE,DIRECTION,INTERSECTION,WEATHER_1,WEATHER_2,STATE_HWY_IND,CALTRANS_COUNTY,CALTRANS_DISTRICT,STATE_ROUTE,ROUTE_SUFFIX,POSTMILE_PREFIX,POSTMILE,LOCATION_TYPE,RAMP_INTERSECTION,SIDE_OF_HWY,TOW_AWAY,COLLISION_SEVERITY,NUMBER_KILLED,NUMBER_INJURED,PARTY_COUNT,PRIMARY_COLL_FACTOR,PCF_CODE_OF_VIOL,PCF_VIOL_CATEGORY,PCF_VIOLATION,PCF_VIOL_SUBSECTION,HIT_AND_RUN,TYPE_OF_COLLISION,MVIW,PED_ACTION,ROAD_SURFACE,ROAD_COND_1,ROAD_COND_2,LIGHTING,CONTROL_DEVICE,CHP_ROAD_TYPE,PEDESTRIAN_ACCIDENT,BICYCLE_ACCIDENT,MOTORCYCLE_ACCIDENT,TRUCK_ACCIDENT,NOT_PRIVATE_PROPERTY,ALCOHOL_INVOLVED,STWD_VEHTYPE_AT_FAULT,CHP_VEHTYPE_AT_FAULT,COUNT_SEVERE_INJ,COUNT_VISIBLE_INJ,COUNT_COMPLAINT_PAIN,COUNT_PED_KILLED,COUNT_PED_INJURED,COUNT_BICYCLIST_KILLED,COUNT_BICYCLIST_INJURED,COUNT_MC_KILLED,COUNT_MC_INJURED,PRIMARY_RAMP,SECONDARY_RAMP,LATITUDE,LONGITUDE,COUNTY,CITY,POINT_X,POINT_Y
8022725,2016,2016-04-22,0106,2016-03-01,1441,437,,2,5,6,0106,0,0,0,,0,00A,"2ND ST","FAWN MEADOW LN",5.00,N,N,A,-,N,,,,,,,,,,Y,2,0,1,2,A,-,03,22350,,N,D,C,A,A,H,-,A,D,0,,,Y,,Y,,C,02,1,0,0,0,0,0,0,0,1,"- ","- ",37.668379999999999,-122.06752,ALAMEDA,HAYWARD,-122.06734279,37.668631189999999
8031753,2016,2016-05-09,0109,2016-01-31,2149,9233,2,7,5,7,0109,0,0,0,,0,28X,"MONTICELLO AV","BIRDSALL AV",0.00,,Y,A,-,N,,,,,,,,,,Y,2,0,1,2,A,-,01,23152,A,N,G,B,D,A,H,-,C,A,0,Y,,,,Y,Y,A,01,1,0,0,0,1,0,0,0,0,"- ","- ",,,ALAMEDA,OAKLAND,-122.19356987,37.782549969999998
8038919,2016,2016-05-16,0100,2016-04-09,1507,202219,408,6,5,4,0198,0,0,0,,0,,"ARNOLD RD","DUBLIN BL",0.00,,Y,A,-,N,,,,,,,,,,Y,2,0,1,2,A,-,17,21451,A,N,H,G,A,A,H,-,A,A,0,,Y,,,Y,,A,01,1,0,0,0,0,0,1,0,0,"- ","- ",,,ALAMEDA,DUBLIN,-121.89325986,37.706229909999998
8039884,2015,2016-05-16,0109,2015-09-11,1610,9423,1,5,5,7,0109,0,0,0,,0,20X,"INTERNATIONAL BL","24TH AV",15.00,S,N,A,-,N,,,,,,,,,,Y,2,0,1,2,A,-,09,21802,A,N,D,C,A,A,H,-,A,A,0,,,,,Y,,A,01,1,0,0,0,0,0,0,0,0,"- ","- ",,,ALAMEDA,OAKLAND,-122.23437894,37.782474790000002
8039910,2016,2016-05-16,0109,2016-01-19,1902,8881,2,2,5,7,0109,0,0,0,,0,20X,"23RD AV","E 16TH ST",68.00,S,N,B,-,N,,,,,,,,,,N,2,0,1,2,A,-,11,21955,,F,G,B,D,A,H,-,C,A,0,Y,,,,Y,,N,60,1,0,0,0,1,0,0,0,0,"- ","- ",,,ALAMEDA,OAKLAND,-122.23449269,37.784867839999997
8040227,2016,2017-02-11,0112,2016-04-27,0655,370,,3,5,5,0112,0,0,0,,0,002,"ESTUDILLO AV","E 14TH ST",15.00,E,N,B,-,Y,ALA,4,185,-,-,5.650,I,5,N,Y,2,0,1,1,A,-,03,22350,,N,E,I,A,A,H,-,A,A,0,,,,,Y,,A,,1,0,0,0,0,0,0,0,0,"- ","- ",,,ALAMEDA,"SAN LEANDRO",-122.15585342,37.725036770000003
8044100,2016,2016-05-24,0109,2016-03-17,1747,9110,1,4,5,7,0109,0,0,0,,0,02X,"12TH ST","FILBERT ST",15.00,E,N,A,-,N,,,,,,,,,,N,2,0,1,3,A,-,08,22107,,M,B,E,A,A,H,-,A,A,0,,,,,Y,,A,01,1,0,0,0,0,0,0,0,0,"- ","- ",,,ALAMEDA,OAKLAND,-122.28342046,37.807357619999998
8044731,2016,2016-05-31,0109,2016-02-13,1619,9446,1,6,5,7,0109,0,0,0,,0,17X,"E 32ND ST","14TH AV",2.00,W,N,A,-,N,,,,,,,,,,N,2,0,1,2,A,-,05,21202,A,N,H,G,A,A,H,-,A,A,0,,Y,,,Y,,L,04,1,0,0,0,0,0,1,0,0,"- ","- ",,,ALAMEDA,OAKLAND,-122.22853678,37.799541130000001
8051345,2016,2016-06-02,0109,2016-03-11,1510,9566,1,5,5,7,0109,0,0,0,,0,18X,"PARK BL","E 19TH ST",0.00,,Y,B,-,N,,,,,,,,,,N,2,0,1,2,A,-,10,21950,A,N,G,B,B,B,H,-,A,A,0,Y,,,,Y,,A,01,1,0,0,0,1,0,0,0,0,"- ","- ",,,ALAMEDA,OAKLAND,-122.25002992,37.799809940000003
8052536,2016,2016-06-07,0109,2016-02-24,1801,9554,2,3,5,7,0109,0,0,0,,0,35X,"HILLSIDE ST","88TH AV",100.00,W,N,A,-,N,,,,,,,,,,N,2,0,1,3,A,-,09,21801,A,N,D,C,A,A,H,-,B,D,0,,,Y,,Y,,A,07,1,0,0,0,0,0,0,0,1,"- ","- ",,,ALAMEDA,OAKLAND,-122.16378303,37.756692200000003
8053663,2016,2016-06-08,0111,2016-04-10,2030,273,,7,5,5,0111,0,0,0,,0,003,"VINEYARD AV","MACHADO PL",407.00,E,N,A,-,N,,,,,,,,,,Y,2,0,2,1,A,-,01,23153,A,N,E,I,A,A,H,-,D,D,0,,,,,Y,Y,A,01,2,0,0,0,0,0,0,0,0,"- ","- ",,,ALAMEDA,PLEASANTON,-121.82134434,37.65555672
8060636,2015,2016-06-27,0109,2015-03-07,1900,9380,2,6,5,7,0109,0,0,0,,0,32X,"INTERNATIONAL BL","102ND AV",10.00,E,N,A,-,N,,,,,,,,,,N,2,0,1,2,B,-,22,,,F,G,B,F,A,H,-,C,D,0,Y,,,,Y,Y,D,22,1,0,0,0,1,0,0,0,0,"- ","- ",,,ALAMEDA,OAKLAND,-122.1683623,37.741496400000003
8064717,2016,2016-06-17,0109,2016-04-30,2345,9308,1,6,5,7,0109,0,0,0,,0,20X,"E 18TH ST","18TH ST",60.00,E,N,A,-,N,,,,,,,,,,N,2,0,1,2,A,-,01,23153,A,N,B,C,A,A,H,-,C,D,0,,,,,Y,Y,D,22,1,0,0,0,0,0,0,0,0,"- ","- ",,,ALAMEDA,OAKLAND,-122.29543423,37.815932109999999
8066130,2016,2016-06-22,0109,2016-06-13,1604,9555,1,1,5,7,0109,0,0,0,,0,19X,"MILLER AV","INTERNATIONAL BL",30.00,N,N,A,-,N,,,,,,,,,,N,2,0,1,2,A,-,10,21950,A,N,D,G,A,A,H,-,A,A,0,,Y,,,Y,,A,07,1,0,0,0,0,0,1,0,0,"- ","- ",,,ALAMEDA,OAKLAND,-122.23479244000001,37.782818589999998
8069634,2016,2016-06-23,0106,2016-04-09,2348,475,,6,5,6,0106,0,0,0,,0,00B,"B ST",CHESTNUT,45.00,W,N,C,-,N,,,,,,,,,,Y,2,0,1,3,A,-,11,21954,A,F,G,B,D,-,H,-,C,A,0,Y,,,,Y,,N,60,1,0,0,0,1,0,0,0,0,"- ","- ",,,ALAMEDA,HAYWARD,-122.07456698999999,37.678341469999999
8073839,2016,2016-07-11,0103,2016-05-17,0852,146,39,2,5,6,0103,0,0,0,,0,008,"ALCATRAZ AV","COLLEGE AV",88.00,W,N,A,-,N,,,,,,,,,,N,2,0,1,2,A,-,17,22517,,N,E,G,A,A,H,-,A,D,0,,Y,,,Y,,A,01,1,0,0,0,0,0,1,0,0,"- ","- ",,,ALAMEDA,BERKELEY,-122.25277076,37.851230430000001
8083629,2016,2016-07-19,0109,2016-03-05,2234,9387,2,6,5,7,0109,0,0,0,,0,28X,"FLEMING AV","COURTLAND AV",4.00,E,N,C,-,N,,,,,,,,,,N,2,0,1,2,A,-,10,21950,A,N,G,B,B,B,H,-,C,D,0,Y,,,,Y,,A,01,1,0,0,0,1,0,0,0,0,"- ","- ",,,ALAMEDA,OAKLAND,-122.20051085999999,37.782621749999997
8083631,2016,2016-07-18,0111,2016-05-31,1913,299,,2,5,5,0111,0,0,0,,0,001,"DUBLIN CANYON RD","CANYON MEADOWS",108.00,E,N,A,-,N,,,,,,,,,,Y,2,0,2,2,A,-,09,21801,A,N,A,C,A,A,H,-,A,D,0,,,,,Y,,A,01,1,0,1,0,0,0,0,0,0,"- ","- ",,,ALAMEDA,PLEASANTON,-121.94893847,37.694943950000003
8083952,2016,2016-07-19,0106,2016-05-24,1617,313,,2,5,6,0106,0,0,0,,0,00J,"SANTA CLARA ST","CRAVEN CT",80.00,N,N,B,-,N,,,,,,,,,,Y,2,0,1,2,A,-,07,21658,A,N,B,G,A,A,H,-,A,D,0,,Y,,,Y,,L,04,1,0,0,0,0,0,1,0,0,"- ","- ",,,ALAMEDA,HAYWARD,-122.10028504,37.658817059999997
8084390,2016,2016-07-22,0113,2016-05-31,0512,3419,,2,5,5,0113,0,0,0,,0,004,"WHIPPLE RD","HUNTWOOD AV",0.00,,Y,A,-,N,,,,,,,,,,N,2,0,1,2,D,-,00,,,N,G,B,B,A,H,-,B,A,0,Y,,,,Y,,-,"- ",1,0,0,0,1,0,0,0,0,"- ","- ",,,ALAMEDA,"UNION CITY",-122.05481992999999,37.606059909999999
8084444,2016,2016-07-21,0105,2016-07-01,1911,12745,1122,5,5,6,0105,0,0,0,,0,003,"BUNCHE DR","BOSCELL RD",0.00,,Y,A,-,N,,,,,,,,,,Y,2,0,4,2,A,-,09,21801,A,N,A,C,A,A,H,-,A,A,0,,,,,Y,,A,01,1,1,2,0,0,0,0,0,0,"- ","- ",33.164709999999999,-117.65606,ALAMEDA,FREMONT,-121.97046994,37.498819910000002
8096557,2016,2016-08-11,0105,2016-07-17,1712,14175,844,7,5,6,0105,0,0,0,,0,0Z1,"GRIMMER BL","VICTORIA AV",560.00,N,N,A,-,N,,,,,,,,,,Y,2,0,1,1,A,-,01,23152,A,N,E,I,A,A,H,-,A,D,0,,,,,Y,Y,A,01,1,0,0,0,0,0,0,0,0,"- ","- ",33.193779999999997,-117.65494,ALAMEDA,FREMONT,-121.97019382000001,37.529408889999999
8097425,2016,2016-08-18,0106,2016-07-30,2010,336,,6,5,6,0106,0,0,0,,0,00E,"INDUSTRIAL BL","CRYER ST",0.00,,Y,A,-,N,,,,,,,,,,Y,2,0,1,2,A,-,01,23153,A,F,D,C,A,A,H,-,B,A,0,,,,,Y,Y,D,22,1,0,0,0,0,0,0,0,0,"- ","- ",37.632849999999998,-122.11046,ALAMEDA,HAYWARD,-122.11047986,37.632889970000001
8100941,2016,2017-03-01,0107,2016-07-23,2037,O529,C510,6,5,5,0107,0,0,0,,0,00C,"RT 84","E VINEYARD AV",43.00,S,N,A,-,Y,ALA,4,84,-,R,24.700,H,-,N,Y,2,0,1,2,A,-,03,22350,,N,C,C,A,A,H,-,C,A,0,,,Y,,Y,Y,C,02,1,0,0,0,0,0,0,0,1,"- ","- ",,,ALAMEDA,LIVERMORE,-121.8055525,37.652029370000001
8107541,2016,2016-08-22,0109,2016-05-19,1750,8869,1,4,5,7,0109,0,0,0,,0,19X,"23RD AV","E 11TH ST",0.00,,Y,A,-,N,,,,,,,,,,N,2,0,1,2,A,-,12,21453,A,N,D,C,A,A,H,-,A,A,0,,,,,Y,,A,01,1,0,0,0,0,0,0,0,0,"- ","- ",,,ALAMEDA,OAKLAND,-122.23690986,37.780109979999999
8112954,2016,2016-09-07,0103,2016-07-06,1802,99,40,3,5,6,0103,0,0,0,,0,011,"ALCATRAZ AV","KING ST",153.00,W,N,A,-,N,,,,,,,,,,N,2,0,1,2,A,-,06,21755,,N,B,C,A,A,H,-,A,D,0,,,Y,,Y,,C,02,1,0,0,0,0,0,0,0,1,"- ","- ",,,ALAMEDA,BERKELEY,-122.27413305,37.848381959999998
8117124,2016,2017-02-28,0112,2016-08-17,2103,362,,3,5,5,0112,0,0,0,,0,007,"DAVIS ST","RT 880",0.00,,Y,A,-,Y,ALA,4,880,-,-,23.549,R,4,N,N,2,0,1,2,A,-,03,22350,,N,H,G,A,A,D,H,C,A,0,,Y,,,Y,,-,,1,0,0,0,0,0,1,0,0,"- ","- ",,,ALAMEDA,"SAN LEANDRO",-122.17535965,37.717984950000002
8118762,2016,2016-09-14,0101,2016-08-27,2202,18,310,6,5,5,0101,0,0,0,,0,003,"SAN JOSE AV","OAK ST",34.00,W,N,A,-,N,,,,,,,,,,N,2,0,1,2,A,-,10,21950,A,N,G,B,B,A,H,-,C,A,0,Y,,,,Y,,A,01,1,0,0,0,1,0,0,0,0,"- ","- ",,,ALAMEDA,ALAMEDA,-122.24663317,37.761344889999997
8123847,2016,2016-09-19,0109,2016-05-04,1820,9562,1,3,5,7,0109,0,0,0,,0,19X,"18TH AV","FOOTHILL BL",15.00,E,N,A,-,N,,,,,,,,,,Y,2,0,2,2,A,-,09,21802,A,N,B,C,A,A,H,-,A,A,0,,,,,Y,,A,01,1,1,0,0,0,0,0,0,0,"- ","- ",,,ALAMEDA,OAKLAND,-122.2404691,37.788763109999998
8130073,2016,2016-09-26,0109,2016-07-16,1412,9479,1,6,5,7,0109,0,0,0,,0,20X,"FOOTHILL AV","MILLER AV",3.00,N,N,A,-,N,,,,,,,,,,N,2,0,1,2,A,-,17,22517,,N,B,G,A,A,H,-,A,D,0,,Y,,,Y,,A,01,1,0,0,0,0,0,1,0,0,"- ","- ",,,ALAMEDA,OAKLAND,-122.23304038000001,37.784829999999999
8132828,2016,2016-10-21,0109,2016-09-13,0922,9579,2,2,5,7,0109,0,0,0,,0,31X,"RON COWAN PKWY","AIR CARGO WY",0.00,,Y,A,-,N,,,,,,,,,,N,2,0,1,2,A,-,12,21453,A,N,A,C,A,A,H,-,A,A,0,,,,Y,Y,,A,01,1,0,0,0,0,0,0,0,0,"- ","- ",,,ALAMEDA,OAKLAND,-122.21729997,37.723080000000003
81456386,2021,2021-04-22,0107,2021-03-17,2122,39,Liver,3,5,5,0107,0,0,0,,0,002,"CENTRAL AV","EDELWEISS WY",34.00,S,N,A,-,N,,,,,,,,,,Y,2,0,3,2,A,-,09,21804,A,N,D,C,A,A,H,-,C,D,0,,,,,Y,Y,A,07,1,0,2,0,0,0,0,0,0,"- ","- ",37.715419769287109,-121.72678375244141,ALAMEDA,LIVERMORE,-121.72734832763672,37.715248107910156
81465809,2021,2021-05-05,0107,2021-04-03,1053,59,Liver,6,5,5,0107,0,0,0,,0,001,"L ST","THIRD ST",6.00,S,N,A,-,N,,,,,,,,,,N,2,0,1,2,A,-,05,21650,1,F,D,G,A,A,H,-,A,A,0,,Y,,,Y,,L,04,1,0,0,0,0,0,1,0,0,"- ","- ",37.679481506347656,-121.77057647705078,ALAMEDA,LIVERMORE,-121.77055358886719,37.679424285888672
8150863,2016,2016-12-28,0109,2016-09-24,0052,9598,1,6,5,7,0109,0,0,0,,0,02X,"7TH ST","BRUSH ST",85.00,W,N,A,-,N,,,,,,,,,,N,2,0,2,1,A,-,08,22107,,N,E,I,A,A,H,-,C,A,0,,,,,Y,,A,01,1,1,0,0,0,0,0,0,0,"- ","- ",,,ALAMEDA,OAKLAND,-122.28158089999999,37.802398019999998
81525087,2021,2021-07-21,0107,2021-07-09,1007,52,Liver,5,5,5,0107,0,0,0,,0,004,"DE LEON WY","KILLARNEY ST",74.00,W,N,A,-,N,,,,,,,,,,N,2,0,1,2,A,-,03,22350,,N,C,G,A,A,H,-,A,D,0,,Y,,,Y,Y,L,04,1,0,0,0,0,0,1,0,0,"- ","- ",37.666389465332031,-121.7689208984375,ALAMEDA,LIVERMORE,-121.76901245117188,37.666366577148438
8153670,2015,2016-10-26,0109,2015-09-26,0220,8707,1,6,5,7,0109,0,0,0,,0,08X,BROADWAY,"29TH ST",122.00,S,N,A,-,N,,,,,,,,,,Y,2,0,1,2,A,-,01,23153,A,N,H,G,A,A,H,-,C,A,0,,Y,,,Y,Y,A,08,1,0,0,0,0,0,1,0,0,"- ","- ",,,ALAMEDA,OAKLAND,-122.26328373,37.817122169999998
81595944,2021,2021-10-14,0107,2021-08-07,0103,40,Liver,6,5,5,0107,0,0,0,,0,001,"STANLEY BL","S ST",0.00,,Y,A,F,N,,,,,,,,,,Y,1,1,0,1,A,-,01,23152,A,N,E,I,A,A,H,-,C,A,0,,,,,Y,Y,D,22,0,0,0,0,0,0,0,0,0,"- ","- ",37.679500579833984,-121.78035736083984,ALAMEDA,LIVERMORE,-121.78070068359375,37.679454803466797
8167080,2017,2018-03-07,0109,2017-06-25,0317,8549,2,7,5,7,0109,0,0,0,,0,28X,"55TH AV","YUBA AV",12.00,S,N,A,-,N,,,,,,,,,,N,1,1,1,1,A,-,01,23152,A,N,E,I,A,A,H,-,C,D,0,,,,,Y,Y,A,07,1,0,0,0,0,0,0,0,0,"- ","- ",,,ALAMEDA,OAKLAND,-122.19123128,37.775828320000002
8167248,2018,2018-08-21,0113,2018-04-22,1503,4507,R101,7,5,5,0113,0,0,0,,0,004,"MISSION BL","LAFAYETTE AV",0.00,,Y,A,-,Y,ALA,4,238,-,-,7.660,I,5,N,Y,1,2,0,2,A,-,12,21453,A,N,D,C,A,A,H,-,A,A,0,,,,,Y,,I,11,0,0,0,0,0,0,0,0,0,"- ","- ",,,ALAMEDA,"UNION CITY",-122.02615356445312,37.611629486083984
8167553,2018,2018-05-14,0112,2018-01-12,0651,356,,5,5,5,0112,0,0,0,,0,005,"E 14TH ST","FAIRMONT DR",0.00,,Y,E,-,Y,,,,,,,,,,N,1,1,0,2,A,-,11,21955,,N,G,B,D,A,H,-,C,A,0,Y,,,,Y,,N,60,0,0,0,1,0,0,0,0,0,"- ","- ",,,ALAMEDA,"SAN LEANDRO",-122.12606048583984,37.703449249267578
8168185,2017,2019-04-09,0109,2017-03-11,1928,8483,2,6,5,7,0109,0,0,0,,0,27X,"BANCROFT AV","50TH AV",15.00,E,N,A,-,N,,,,,,,,,,N,1,1,0,2,A,-,10,21950,A,F,G,B,B,A,H,-,C,D,0,Y,,,,Y,Y,-,99,0,0,0,1,0,0,0,0,0,"- ","- ",,,ALAMEDA,OAKLAND,-122.20697809000001,37.77178
8176962,2016,2016-12-02,0109,2016-05-18,0945,8339,1,3,5,7,0109,0,0,0,,0,13X,"SHEPHERD CANYON RD","SHELTERWOOD DR",40.00,S,N,A,-,N,,,,,,,,,,N,2,0,1,1,A,-,08,22107,,N,H,A,A,A,H,-,A,D,0,,Y,,,Y,,L,04,1,0,0,0,0,0,1,0,0,"- ","- ",,,ALAMEDA,OAKLAND,-122.1954539,37.831711810000002
81839457,2022,2022-08-15,0105,2022-08-04,1525,16544,885,4,5,6,0105,0,0,0,,0,001,"STEVENSON BLVD","OMAR ST",0.00,,Y,A,-,N,,,,,,,,,,Y,2,0,2,3,A,-,12,21453,A,N,D,C,A,A,H,-,A,A,0,,,,,Y,,A,01,1,1,0,0,0,0,0,0,0,"- ","- ",,,ALAMEDA,FREMONT,-121.98484039306641,37.526050567626953
81850362,2022,2022-08-26,0105,2022-08-11,1717,16059,1265,4,5,6,0105,0,0,0,,0,003,"SCOTT CREEK RD","YAMPA RD",0.00,,Y,A,-,N,,,,,,,,,,Y,2,0,1,2,A,-,09,21802,A,N,D,C,A,A,H,-,A,A,0,,,Y,,Y,,A,01,1,0,0,0,0,0,0,0,1,"- ","- ",,,ALAMEDA,FREMONT,-121.91188812255859,37.464298248291016
81884812,2022,2022-10-07,0105,2022-09-23,0252,16470,1075,5,5,6,0105,0,0,0,,0,003,"AUTO MALL PKWY","TECHNOLOGY DR",369.00,E,N,A,-,N,,,,,,,,,,Y,2,0,1,1,A,-,08,22107,,N,E,I,A,A,H,-,C,D,0,,,,,Y,Y,A,01,1,0,0,0,0,0,0,0,0,"- ","- ",,,ALAMEDA,FREMONT,-121.95364379882812,37.511451721191406
81933129,2022,2022-12-05,0105,2022-11-24,1247,14306,327,4,5,6,0105,0,0,0,,0,001,"SR-238 (MISSION BL)","SULLIVAN UNDERPASS",775.00,N,N,A,-,Y,,,,,,,,,,Y,2,0,1,1,C,-,18,,,N,E,I,A,A,H,-,A,D,0,,,,,Y,,-,"- ",1,0,0,0,0,0,0,0,0,"- ","- ",,,ALAMEDA,FREMONT,-121.98571014404297,37.579357147216797
81934817,2022,2022-12-06,0107,2022-11-29,0826,52,LIVER,2,5,5,0107,0,0,0,,0,003,"EAST AV","CHARLOTTE WY",20.00,N,N,A,-,N,,,,,,,,,,N,2,0,1,2,A,-,17,21451,A,N,G,B,B,A,H,-,A,A,0,Y,,,,Y,,A,07,1,0,0,0,1,0,0,0,0,"- ","- ",37.679908752441406,-121.72638702392578,ALAMEDA,LIVERMORE,-121.726318359375,37.679859161376953
8194818,2016,2017-01-23,0112,2016-12-20,1929,261,,2,5,5,0112,0,0,0,,0,006,"LEWELLING BL","TROPIC CT",199.00,E,N,A,-,N,,,,,,,,,,Y,2,0,1,2,A,-,08,21460,5,N,C,C,A,A,H,-,D,A,0,,,,,Y,,J,48,1,0,0,0,0,0,0,0,0,"- ","- ",,,ALAMEDA,"SAN LEANDRO",-122.13658214,37.6866451
82000924,2022,2023-02-23,0105,2022-10-04,2118,14177,,2,5,6,0105,0,0,0,,0,002,"BLACOW RD","RICHMOND AVE",115.00,S,N,A,-,N,,,,,,,,,,N,2,0,1,1,A,-,03,22350,,N,E,I,A,A,H,-,C,D,0,,,,,Y,Y,A,01,1,0,0,0,0,0,0,0,0,"- ","- ",,,ALAMEDA,FREMONT,-122.00234985351562,37.53857421875
82020658,2022,2023-03-24,0107,2022-09-21,0511,52,LIVER,3,5,5,0107,0,0,0,,0,001,"ISABEL AV","AIRWAY BL",0.00,,Y,A,-,Y,,,,,,,,,,Y,1,1,0,2,A,-,01,23152,A,N,D,C,A,A,H,-,C,A,0,,,Y,,Y,,C,02,0,0,0,0,0,0,0,1,0,"- ","- ",,,ALAMEDA,LIVERMORE,-121.80554962158203,37.696212768554688
8203193,2016,2017-03-02,0102,2016-10-31,1830,LL0615,5,1,5,3,0102,0,0,0,,0,002,"SAN PABLO","MONROE AV",0.00,N,N,C,-,Y,ALA,4,123,-,-,4.300,H,-,N,N,2,0,1,2,A,-,09,21801,A,N,D,G,A,B,H,-,B,D,0,,Y,,,Y,,A,01,1,0,0,0,0,0,1,0,0,"- ","- ",,,ALAMEDA,ALBANY,-122.29722363,37.88491981
82034355,2023,2023-03-31,0105,2023-02-01,"358 ",16201,887,3,5,6,0105,0,0,0,,0,003,"STEVENSON BLVD","FARWELL DR",83.00,W,N,A,-,N,,,,,,,,,,Y,2,0,1,1,A,-,03,22350,,N,E,J,A,A,B,-,C,D,0,,,Y,,Y,,C,02,1,0,0,0,0,0,0,0,1,"- ","- ",,,ALAMEDA,FREMONT,-121.98509979248047,37.525920867919922
82061949,2023,2023-05-08,0107,2023-04-13,"737 ",52,LIVER,4,5,5,0107,0,0,0,,0,001,"JACK LONDON BL","HAGEMANN DR",0.00,,Y,A,-,N,,,,,,,,,,N,2,0,1,2,A,-,12,21453,A,N,G,B,B,A,H,-,A,A,0,Y,,,,Y,,I,11,1,0,0,0,1,0,0,0,0,"- ","- ",,,ALAMEDA,LIVERMORE,-121.80085754394531,37.689128875732422
82089873,2023,2023-06-09,0105,2023-06-04,2125,16172,1083,7,5,6,0105,0,0,0,,0,003,"OLD WARM SPRINGS BLVD","FREMONT BLVD",44.00,E,N,A,-,N,,,,,,,,,,N,2,0,1,1,A,-,08,22107,,N,E,I,A,A,H,-,C,D,0,,,,,Y,Y,A,01,1,0,0,0,0,0,0,0,0,"- ","- ",,,ALAMEDA,FREMONT,-121.94956970214844,37.509078979492188
82163084,2023,2023-09-07,0105,2023-08-30,2330,15735,200,3,5,6,0105,0,0,0,,0,002,"ALVARADO BLVD","LAKE ARROWHEAD AVE",0.00,,Y,A,-,N,,,,,,,,,,Y,2,0,2,2,A,-,01,23152,A,F,C,D,A,A,H,-,C,A,0,,,,,Y,Y,A,01,1,0,1,0,0,0,0,0,0,"- ","- ",,,ALAMEDA,FREMONT,-122.06153869628906,37.585315704345703
82285637,2023,2024-01-15,0107,2023-11-04,1752,79,,6,5,5,0107,0,0,0,,0,001,"FIRST ST","N ST",95.00,W,N,A,-,N,,,,,,,,,,Y,1,1,0,2,A,-,03,22350,,N,G,B,D,A,H,-,A,D,0,Y,,,,Y,,D,22,0,0,0,1,0,0,0,0,0,"- ","- ",37.680149078369141,-121.77375793457031,ALAMEDA,LIVERMORE,-121.77400207519531,37.680072784423828
82313486,2024,2024-02-14,0105,2024-02-03,1252,14853,,6,5,6,0105,0,0,0,,0,001,"BLACOW RD","COCO PALM DR",31.00,S,N,B,-,N,,,,,,,,,,N,2,0,1,1,A,-,03,22350,,N,E,I,A,A,H,-,A,D,0,,,,,Y,,D,22,1,0,0,0,0,0,0,0,0,"- ","- ",,,ALAMEDA,FREMONT,-121.99039459228516,37.531955718994141
82339055,2024,2024-03-15,0105,2024-02-15,1036,12223,,4,5,6,0105,0,0,0,,0,001,"FREMONT BLVD","MOWRY AVE",0.00,,Y,A,-,N,,,,,,,,,,Y,2,0,2,3,B,-,22,,,N,D,C,A,A,H,-,A,A,0,,,,Y,Y,,J,41,1,1,0,0,0,0,0,0,0,"- ","- ",,,ALAMEDA,FREMONT,-121.98838043212891,37.548538208007812
82339869,2024,2024-03-18,0105,2024-02-20,1714,16032,1242,2,5,6,0105,0,0,0,,0,003,"WARM SPRINGS BLVD","WARREN AVE",649.00,N,N,A,-,N,,,,,,,,,,Y,2,0,1,3,A,-,09,21801,A,N,B,C,A,A,H,-,A,A,0,,,,,Y,Y,A,01,1,0,0,0,0,0,0,0,0,"- ","- ",,,ALAMEDA,FREMONT,-121.92893218994141,37.488735198974609
82366175,2024,2024-04-17,0105,2024-03-08,1815,12223,1129,5,5,6,0105,0,0,0,,0,003,"CUSHING PKWY","NORTHPORT LOOP W",1120.00,W,N,B,-,N,,,,,,,,,,Y,2,0,1,2,A,-,06,21750,,N,B,C,A,A,H,-,C,D,0,,,Y,,Y,,C,02,1,0,0,0,0,0,0,0,1,"- ","- ",,,ALAMEDA,FREMONT,-121.959716796875,37.489543914794922
82369473,2022,2024-04-23,0101,2022-01-15,0057,21,105,6,5,5,0101,0,0,0,,0,001,"WEBSTER TUBE, (2227 WEBSTER ST SR 61)","EXIT OF THE WEBSTER TUBE",297.00,N,N,A,-,Y,,,,,,,,,,Y,2,0,1,1,A,-,03,22350,,N,E,I,A,A,A,-,C,D,0,,,Y,,Y,,C,02,1,0,0,0,0,0,0,0,1,"- ","- ",37.788398742675781,-122.27764892578125,ALAMEDA,ALAMEDA,,
82370285,2023,2024-04-22,0101,2023-01-14,"428 ",37,318,6,5,5,0101,0,0,0,,0,003,"SR 61 / BROADWAY","SAN JOSE AV",200.00,N,N,C,-,Y,,,,,,,,,,Y,2,0,3,3,A,-,01,23152,A,F,A,E,A,B,H,-,C,D,0,,,,,Y,Y,A,01,1,1,1,0,0,0,0,0,0,"- ","- ",,,ALAMEDA,ALAMEDA,-122.24166107177734,37.759471893310547
82370846,2023,2024-04-22,0101,2023-11-10,1323,50,142,5,5,5,0101,0,0,0,,0,001,"SANTA CLARA AV","WEBSTER STREET   (SR-61)",175.00,E,N,A,-,Y,,,,,,,,,,N,2,0,1,2,A,-,09,21804,A,N,D,G,A,A,H,-,A,D,0,,Y,,,Y,,A,01,1,0,0,0,0,0,1,0,0,"- ","- ",37.773418426513672,-122.2767333984375,ALAMEDA,ALAMEDA,-122.27618408203125,37.773300170898438