CASE_ID,ACCIDENT_YEAR,PROC_DATE,JURIS,COLLISION_DATE,COLLISION_TIME,OFFICER_ID,REPORTING_DISTRICT,DAY_OF_WEEK,CHP_SHIFT,POPULATION,CNTY_CITY_LOC,SPECIAL_COND,BEAT_TYPE,CHP_BEAT_TYPE,CITY_DIVISION_LAPD,CHP_BEAT_CLASS,BEAT_NUMBER,PRIMARY_RD,SECONDARY_RD,DISTANCE,DIRECTION,INTERSECTION,WEATHER_1,WEATHER_2,STATE_HWY_IND,CALTRANS_COUNTY,CALTRANS_DISTRICT,STATE_ROUTE,ROUTE_SUFFIX,POSTMILE_PREFIX,POSTMILE,LOCATION_TYPE,RAMP_INTERSECTION,SIDE_OF_HWY,TOW_AWAY,COLLISION_SEVERITY,NUMBER_KILLED,NUMBER_INJURED,PARTY_COUNT,PRIMARY_COLL_FACTOR,PCF_CODE_OF_VIOL,PCF_VIOL_CATEGORY,PCF_VIOLATION,PCF_VIOL_SUBSECTION,HIT_AND_RUN,TYPE_OF_COLLISION,MVIW,PED_ACTION,ROAD_SURFACE,ROAD_COND_1,ROAD_COND_2,LIGHTING,CONTROL_DEVICE,CHP_ROAD_TYPE,PEDESTRIAN_ACCIDENT,BICYCLE_ACCIDENT,MOTORCYCLE_ACCIDENT,TRUCK_ACCIDENT,NOT_PRIVATE_PROPERTY,ALCOHOL_INVOLVED,STWD_VEHTYPE_AT_FAULT,CHP_VEHTYPE_AT_FAULT,COUNT_SEVERE_INJ,COUNT_VISIBLE_INJ,COUNT_COMPLAINT_PAIN,COUNT_PED_KILLED,COUNT_PED_INJURED,COUNT_BICYCLIST_KILLED,COUNT_BICYCLIST_INJURED,COUNT_MC_KILLED,COUNT_MC_INJURED,PRIMARY_RAMP,SECONDARY_RAMP,LATITUDE,LONGITUDE,COUNTY,CITY,POINT_X,POINT_Y
8513275,2017,2018-01-12,0102,2017-03-11,1722,AW0629,5,6,5,3,0102,0,0,0,,0,002,"BUCHANAN ST","LIGHT POLE 2694",3.00,S,N,A,-,N,,,,,,,,,,Y,2,0,1,2,A,-,06,21755,A,N,B,C,A,A,H,-,A,D,0,,,Y,,Y,,C,02,1,0,0,0,0,0,0,0,1,"- ","- ",,,ALAMEDA,ALBANY,,
8515726,2017,2017-12-27,0109,2017-08-04,1110,9331,1,5,5,7,0109,0,0,0,,0,07X,"SAN PABLO AV","32ND ST",50.00,S,N,B,-,N,,,,,,,,,,N,2,0,1,2,A,-,11,21956,,N,G,B,E,A,H,-,A,A,0,Y,,,,Y,,N,60,1,0,0,0,1,0,0,0,0,"- ","- ",,,ALAMEDA,OAKLAND,-122.27728574,37.822797209999997
8516462,2017,2017-12-28,0108,2017-11-22,1900,12243,36,3,5,4,0108,0,0,0,,0,002,"CEDAR BL","STATION LINE",126.00,S,N,A,-,N,,,,,,,,,,Y,2,0,1,2,A,-,01,23152,A,N,C,C,A,A,H,-,C,D,0,,,Y,,Y,Y,C,02,1,0,0,0,0,0,0,0,1,"- ","- ",37.530410000000003,-122.00687000000001,ALAMEDA,NEWARK,,
8516938,2017,2017-12-21,0108,2017-11-02,1328,11242,31,4,5,4,0108,0,0,0,,0,002,"CENTRAL AV","SYCAMORE ST",0.00,,Y,B,-,N,,,,,,,,,,Y,2,0,1,2,A,-,09,21802,A,N,D,C,A,A,H,-,A,A,0,,,,,Y,,A,01,1,0,0,0,0,0,0,0,0,"- ","- ",37.525069999999999,-122.02876000000001,ALAMEDA,NEWARK,-122.02872987000001,37.525049950000003
8517770,2017,2018-01-09,0109,2017-09-14,1900,9197,2,4,5,7,0109,0,0,0,,0,26Y,"INTERNATIONAL BL","81ST AV",0.00,,Y,A,-,N,,,,,,,,,,Y,2,0,1,2,A,-,09,21802,A,N,D,C,A,A,H,-,B,D,0,,,Y,,Y,,A,07,1,0,0,0,0,0,0,0,1,"- ","- ",,,ALAMEDA,OAKLAND,-122.18064991999999,37.756119920000003
8518120,2017,2017-12-18,0112,2017-12-01,1456,317,,5,5,5,0112,0,0,0,,0,003,"WASHINGTON AV","ESTABROOK ST",0.00,,Y,A,-,N,,,,,,,,,,N,2,0,1,2,A,-,10,21950,A,N,G,B,-,A,H,-,A,A,0,Y,,,,Y,,A,01,1,0,0,0,1,0,0,0,0,"- ","- ",,,ALAMEDA,"SAN LEANDRO",-122.15160993000001,37.717689909999997
8529775,2017,2018-03-05,0102,2017-09-27,2159,CO0613,5,3,5,3,0102,0,0,0,,0,002,SOLANO,MADISON,13.00,E,N,A,-,N,,,,,,,,,,N,2,0,1,2,D,-,00,,,N,B,C,A,A,H,-,C,D,0,,,Y,,Y,,-,"- ",1,0,0,0,0,0,0,0,1,"- ","- ",,,ALAMEDA,ALBANY,-122.30067604,37.889967849999998
8529827,2017,2018-01-11,0102,2017-05-09,1654,TA0619,1,2,5,3,0102,0,0,0,,0,001,"MADISON ST","SOLANO AV",274.00,N,N,A,-,N,,,,,,,,,,N,2,0,1,2,A,-,11,21954,A,N,G,B,D,A,H,-,A,D,0,Y,,,,Y,,N,60,1,0,0,0,1,0,0,0,0,"- ","- ",,,ALAMEDA,ALBANY,-122.30094789,37.8906907
8536214,2017,2018-01-16,0109,2017-10-27,0856,9463,1,5,5,7,0109,0,0,0,,0,18X,"14TH AV","24TH ST",12.00,W,N,A,-,N,,,,,,,,,,N,2,0,1,2,A,-,10,21950,A,N,G,B,B,A,H,-,A,A,0,Y,,,,Y,,A,01,1,0,0,0,1,0,0,0,0,"- ","- ",,,ALAMEDA,OAKLAND,-122.23678764,37.795376060000002
8547962,2017,2018-02-12,0109,2017-12-17,0200,9614,1,7,5,7,0109,0,0,0,,0,05Z,"ADELINE ST","18TH ST",0.00,,Y,A,-,N,,,,,,,,,,Y,2,0,2,2,A,-,01,23152,A,N,D,C,A,A,H,-,A,A,0,,,,,Y,Y,A,01,1,1,0,0,0,0,0,0,0,"- ","- ",,,ALAMEDA,OAKLAND,-122.28510996,37.812349910000002
8548716,2017,2018-02-14,0109,2017-07-05,2239,8862,1,3,5,7,0109,0,0,0,,0,09X,"40TH ST",BROADWAY,0.00,,Y,A,-,N,,,,,,,,,,Y,2,0,2,2,A,-,01,23153,A,N,D,C,A,A,H,-,C,A,0,,,,,Y,Y,A,01,2,0,0,0,0,0,0,0,0,"- ","- ",,,ALAMEDA,OAKLAND,-122.25667987,37.827569889999999
8550508,2018,2018-02-14,0105,2018-01-30,0924,11621,426,2,5,6,0105,0,0,0,,0,002,"OZARK RIVER WY","TIBURON DR",26.00,N,N,A,-,N,,,,,,,,,,N,2,0,1,2,A,-,03,22350,,N,G,B,D,A,H,-,B,D,0,Y,,,,Y,,D,22,1,0,0,0,1,0,0,0,0,"- ","- ",33.23577880859375,-117.7156982421875,ALAMEDA,FREMONT,-122.0350341796875,37.569049835205078
8551850,2017,2018-06-15,0103,2017-12-18,2332,146,,1,5,6,0103,0,0,0,,0,011,"SAN PABLO","HASKELL ST",0.00,,Y,A,-,Y,ALA,4,123,-,-,1.820,H,-,N,N,2,0,1,2,A,-,10,21950,A,F,G,B,B,A,H,-,C,D,0,Y,,,,Y,Y,D,22,1,0,0,0,1,0,0,0,0,"- ","- ",37.85051,-122.28625,ALAMEDA,BERKELEY,-122.28619589,37.850705230000003
8552287,2017,2018-02-14,0103,2017-12-18,2026,43,,1,5,6,0103,0,0,0,,0,003,UNIVERSITY,MILVIA,0.00,,Y,A,-,N,,,,,,,,,,N,2,0,1,1,B,-,22,,,N,H,-,A,A,H,-,C,A,0,,Y,,,Y,Y,L,04,1,0,0,0,0,0,1,0,0,"- ","- ",37.871850000000002,-122.27067,ALAMEDA,BERKELEY,-122.27075997,37.871899900000003
8554205,2018,2018-08-03,0105,2018-02-11,1239,13916,361,7,5,6,0105,0,0,0,,0,001,"NILES CANYON RD","MISSION BL",6864.00,E,N,A,-,Y,ALA,4,84,-,-,12.090,H,-,N,Y,2,0,1,1,A,-,03,22350,,N,F,A,A,A,H,-,A,D,0,,,Y,,Y,,C,02,1,0,0,0,0,0,0,0,1,"- ","- ",33.242458343505859,-117.65547943115234,ALAMEDA,FREMONT,-121.95762634277344,37.589649200439453
8560408,2017,2018-03-01,0109,2017-12-16,0048,9595,2,6,5,7,0109,0,0,0,,0,34X,"98TH AV","WALNUT ST",103.00,S,N,A,-,N,,,,,,,,,,Y,2,0,1,1,A,-,01,23153,A,N,E,I,A,A,H,-,C,D,0,,,,,Y,Y,D,22,1,0,0,0,0,0,0,0,0,"- ","- ",,,ALAMEDA,OAKLAND,-122.16861634999999,37.745265500000002
8572000,2017,2018-03-14,0109,2017-11-04,1200,9688,1,6,5,7,0109,0,0,0,,0,10X,"55TH ST","SAN PABLO BL",0.00,,Y,A,-,N,,,,,,,,,,N,2,0,1,2,A,-,10,21950,A,N,G,B,B,A,H,-,A,A,0,Y,,,,Y,,A,01,1,0,0,0,1,0,0,0,0,"- ","- ",,,ALAMEDA,OAKLAND,-122.28234988,37.838539990000001
8576989,2017,2018-03-19,0109,2017-10-27,0829,9479,1,5,5,7,0109,0,0,0,,0,08X,"23RD ST","MARTIN LUTHER KING JR WY",100.00,E,N,A,-,N,,,,,,,,,,N,2,0,1,2,A,-,11,21954,A,N,G,B,E,A,H,-,A,A,0,Y,,,,Y,,N,60,1,0,0,0,1,0,0,0,0,"- ","- ",,,ALAMEDA,OAKLAND,-122.27233,37.813229999999997
8580588,2017,2018-03-23,0109,2017-10-06,2237,9614,1,5,5,7,0109,0,0,0,,0,06X,"23RD ST","MARTIN LUTHER KING JR WY",0.00,,Y,A,-,N,,,,,,,,,,N,2,0,1,2,A,-,10,21950,A,F,G,B,B,A,H,-,C,D,0,Y,,,,Y,,A,01,1,0,0,0,1,0,0,0,0,"- ","- ",,,ALAMEDA,OAKLAND,-122.27254986,37.813259889999998
8581744,2018,2018-04-04,0109,2018-02-05,1534,9444,1,1,5,7,0109,0,0,0,,0,05X,"21ST ST","MARKET ST",30.00,W,N,A,-,N,,,,,,,,,,N,2,0,1,2,A,-,11,21955,,N,G,-,D,A,H,-,A,D,0,Y,,,,Y,,N,60,1,0,0,0,1,0,0,0,0,"- ","- ",,,ALAMEDA,OAKLAND,-122.27913665771484,37.813129425048828
8589387,2018,2018-04-06,0109,2018-02-18,1720,8198,1,7,5,7,0109,0,0,0,,0,13Y,"GRIZZLY PEAK BL","CENTENNIAL DR",2112.00,E,N,A,-,N,,,,,,,,,,Y,2,0,1,2,A,-,05,21460,A,N,B,C,A,A,H,-,A,A,0,,,,,Y,,A,01,1,0,0,0,0,0,0,0,0,"- ","- ",,,ALAMEDA,OAKLAND,-122.24116516113281,37.882755279541016
8597599,2018,2018-04-23,0109,2018-03-21,1952,9721,1,3,5,7,0109,0,0,0,,0,022,"MACARTHUR BL","BOSTON AV",6.00,E,N,A,-,N,,,,,,,,,,N,2,0,1,2,A,-,10,21950,A,F,G,B,B,B,H,-,C,D,0,Y,,,,Y,,A,01,1,0,0,0,1,0,0,0,0,"- ","- ",,,ALAMEDA,OAKLAND,-122.2127685546875,37.799514770507812
8612032,2017,2018-05-01,0109,2017-12-07,1817,9014,1,4,5,7,0109,0,0,0,,0,19X,"10TH AV","E 8TH ST",0.00,,Y,A,-,N,,,,,,,,,,N,2,0,1,2,A,-,09,21801,A,N,D,G,A,A,H,-,C,D,0,,Y,,,Y,,A,07,1,0,0,0,0,0,1,0,0,"- ","- ",,,ALAMEDA,OAKLAND,-122.25225994,37.790229959999998
8614756,2018,2018-05-03,0103,2018-01-12,2300,66,,5,5,6,0103,0,0,0,,0,004,"CENTER ST","SHATTUCK AV",0.00,,Y,A,-,N,,,,,,,,,,N,2,0,1,2,A,-,08,22107,,N,B,G,A,A,H,-,C,A,0,,Y,,,Y,,A,01,1,0,0,0,0,0,1,0,0,"- ","- ",37.87030029296875,-122.26804351806641,ALAMEDA,BERKELEY,-122.26805114746094,37.870319366455078
8615914,2018,2018-07-26,0103,2018-01-03,1130,67,,3,5,6,0103,0,0,0,,0,009,"ASHBY AV","MARTIN LUTHER KING JR WY",0.00,,Y,B,C,Y,ALA,4,13,-,-,12.320,I,5,S,,2,0,1,2,A,-,12,21453,A,N,G,G,A,B,H,-,A,A,0,,Y,,,Y,,L,04,1,0,0,0,0,0,1,0,0,"- ","- ",37.854320526123047,-122.27108001708984,ALAMEDA,BERKELEY,-122.27107238769531,37.854290008544922
8619650,2018,2018-06-04,0113,2018-04-30,1353,4484,I413,1,5,5,0113,0,0,0,,0,005,"UNION CITY BL","TARA CT",280.00,S,N,A,-,N,,,,,,,,,,Y,2,0,1,5,A,-,01,23152,E,F,B,C,A,A,H,-,A,A,0,,,,,Y,,-,,1,0,0,0,0,0,0,0,0,"- ","- ",,,ALAMEDA,"UNION CITY",-122.08177947998047,37.599063873291016
8620096,2018,2018-05-24,0101,2018-05-12,1855,40,210,6,5,5,0101,0,0,0,,0,002,"CLEMENT AV","LAFAYETTE ST",1.00,E,N,A,-,N,,,,,,,,,,Y,2,0,2,2,A,-,08,22107,,F,D,G,A,A,H,-,A,D,0,,Y,,,Y,,A,01,1,1,0,0,0,0,2,0,0,"- ","- ",,,ALAMEDA,ALAMEDA,-122.24950408935547,37.774726867675781
8631936,2018,2018-06-07,0106,2018-04-28,1635,365,,6,5,6,0106,0,0,0,,0,00H,"TENNYSON RD","DIXON ST",69.00,E,N,A,-,N,,,,,,,,,,Y,2,0,1,1,A,-,03,22350,,N,F,A,A,A,H,-,A,A,0,,,Y,,Y,,C,02,1,0,0,0,0,0,0,0,1,"- ","- ",37.636001586914062,-122.05642700195312,ALAMEDA,HAYWARD,-122.05620574951172,37.635986328125
8632483,2018,2018-06-20,0106,2018-04-11,1614,341,,3,5,6,0106,0,0,0,,0,00D,"DUNN RD","CLAWITER RD",781.00,W,N,A,-,N,,,,,,,,,,Y,1,1,0,3,C,-,18,,,N,B,C,A,A,H,-,A,D,0,,,,,Y,,-,"- ",0,0,0,0,0,0,0,0,0,"- ","- ",,,ALAMEDA,HAYWARD,-122.12265777587891,37.645000457763672
8634663,2018,2018-06-11,0109,2018-03-17,2137,9663,1,6,5,7,0109,0,0,0,,0,,"GRAND AV","PERKINS ST",0.00,,Y,A,-,N,,,,,,,,,,N,2,0,1,2,A,-,09,21801,A,N,D,-,A,A,H,-,C,A,0,,,Y,,Y,,C,02,1,0,0,0,0,0,0,0,1,"- ","- ",,,ALAMEDA,OAKLAND,-122.25611877441406,37.808948516845703
8645833,2018,2018-07-10,0109,2018-05-11,1443,9165,1,5,5,7,0109,0,0,0,,0,06X,"SYCAMORE ST","WEST ST",0.00,,Y,A,-,N,,,,,,,,,,N,2,0,1,3,A,-,12,22450,A,N,D,C,A,A,H,-,A,A,0,,,,,Y,,A,01,1,0,0,0,0,0,0,0,0,"- ","- ",,,ALAMEDA,OAKLAND,-122.2745361328125,37.816078186035156
8648027,2018,2018-07-27,0107,2018-03-16,0853,S330,C220,5,5,5,0107,0,0,0,,0,00C,"ISABEL AV","E STANLEY BL",1925.00,S,N,B,C,Y,ALA,4,84,-,R,26.000,H,-,N,Y,1,1,3,2,A,-,05,21460,A,N,A,C,A,B,D,H,A,D,0,,,,,Y,,A,01,0,3,0,0,0,0,0,0,0,"- ",CN,37.66094970703125,-121.80561065673828,ALAMEDA,LIVERMORE,-121.80519866943359,37.670845031738281
8648036,2018,2018-07-19,0104,2018-06-10,1521,364,ER9,7,5,2,0104,0,0,0,,0,002,"WEST MACARTHUR BL","PERALTA ST",0.00,,Y,A,-,Y,ALA,4,123,-,-,0.140,I,5,N,Y,1,1,2,2,A,-,12,21453,A,N,B,C,A,A,H,-,A,A,0,,,,,Y,,-,,1,0,1,0,0,0,0,0,0,"- ","- ",,,ALAMEDA,EMERYVILLE,-122.28049468994141,37.828243255615234
8648117,2018,2018-09-26,0105,2018-07-08,1038,14175,273,7,5,6,0105,0,0,0,,0,0Z2,"DECOTO RD","MT PALOMAR CT",59.00,E,N,A,-,N,,,,,,,,,,Y,1,1,0,2,A,-,11,21954,A,N,G,B,D,A,H,-,A,D,0,Y,,,,Y,,A,01,0,0,0,1,0,0,0,0,0,"- ","- ",33.239101409912109,-117.71182250976562,ALAMEDA,FREMONT,-122.03092193603516,37.572563171386719
8648140,2018,2018-10-29,0112,2018-07-30,2256,356,,1,5,5,0112,0,0,0,,0,001,"SAN LEANDRO BL","LORRANINE ST",0.00,,Y,A,-,N,,,,,,,,,,Y,1,1,1,2,A,-,08,22107,,N,A,C,A,A,H,-,C,A,0,,,,,Y,Y,-,"- ",0,1,0,0,0,0,0,0,0,"- ","- ",,,ALAMEDA,"SAN LEANDRO",-122.16365999999999,37.727179999999997
8648323,2018,2018-11-14,0109,2018-03-14,1854,9235,2,3,5,7,0109,0,0,0,,0,35X,"GOLF LINKS RD","BLANDON RD",33.00,S,N,B,-,N,,,,,,,,,,Y,1,1,0,1,A,-,08,22107,,N,E,I,A,A,H,-,B,D,0,,,Y,,Y,,C,06,0,0,0,0,0,0,0,1,0,"- ","- ",,,ALAMEDA,OAKLAND,-122.15732574462891,37.760452270507812
8648338,2018,2018-11-14,0103,2018-08-17,2040,129,,5,5,6,0103,0,0,0,,0,001,"THE ALAMEDA","MARIN AV",46.00,S,N,A,-,N,,,,,,,,,,Y,1,1,0,2,A,-,11,21954,A,N,G,B,D,A,H,-,C,A,0,Y,,,,Y,,N,60,0,0,0,1,0,0,0,0,0,"- ","- ",37.888851165771484,-122.27657318115234,ALAMEDA,BERKELEY,-122.27651977539062,37.888755798339844
8648826,2018,2018-08-17,0103,2018-04-13,0843,150,3601,5,5,6,0103,0,0,0,,0,008,ASHBY,HILLEGASS,0.00,,Y,A,-,Y,ALA,4,13,-,-,11.370,I,5,S,N,2,0,1,2,A,-,09,21802,A,N,H,G,A,A,H,-,A,B,0,,Y,,,Y,,L,04,1,0,0,0,0,0,1,0,0,"- ","- ",37.856731414794922,-122.25547790527344,ALAMEDA,BERKELEY,-122.25544738769531,37.856712341308594
8655212,2018,2018-07-23,0109,2018-05-16,1103,9278,2,3,5,7,0109,0,0,0,,0,33X,"INTERNATIONAL BL","84TH AV",0.00,,Y,A,-,N,,,,,,,,,,N,2,0,1,2,A,-,11,21950,B,N,G,B,B,A,D,-,A,D,0,Y,,,,Y,Y,N,60,1,0,0,0,1,0,0,0,0,"- ","- ",,,ALAMEDA,OAKLAND,-122.17798614501953,37.754371643066406
8655827,2018,2018-07-12,0109,2018-04-22,2242,9251,2,7,5,7,0109,0,0,0,,0,34X,"86TH AV","BANCROFT AV",0.00,,Y,A,-,N,,,,,,,,,,Y,2,0,4,2,A,-,09,21801,A,N,D,D,A,A,H,-,D,D,0,,,,,Y,Y,A,01,1,0,3,0,0,0,0,0,0,"- ","- ",,,ALAMEDA,OAKLAND,-122.16825866699219,37.756851196289062
8663658,2018,2018-07-18,0109,2018-05-15,0213,9401,2,2,5,7,0109,0,0,0,,0,31X,"ZHONE WY",OAKPORT,0.00,,Y,A,-,N,,,,,,,,,,Y,2,0,1,1,A,-,01,23152,A,N,E,I,A,A,H,-,C,A,0,,,,,Y,Y,A,01,1,0,0,0,0,0,0,0,0,"- ","- ",,,ALAMEDA,OAKLAND,-122.21060180664062,37.752891540527344
8669082,2018,2018-08-02,0109,2018-06-18,0034,9409,2,1,5,7,0109,0,0,0,,0,29X,"HILLMONT DR","GARDENIA PL",50.00,E,N,A,-,N,,,,,,,,,,Y,2,0,1,1,A,-,08,22107,,N,E,I,A,A,H,-,C,D,0,,,,,Y,Y,A,01,1,0,0,0,0,0,0,0,0,"- ","- ",,,ALAMEDA,OAKLAND,-122.17131805419922,37.776985168457031
8675135,2018,2018-08-17,0106,2018-06-13,2348,325,,3,5,6,0106,0,0,0,,0,00G,"WEST TENNYSON RD","MANNON AV",18.00,E,N,A,-,N,,,,,,,,,,N,2,0,1,2,A,-,17,21461,,N,G,B,D,-,H,-,-,A,0,Y,,,,Y,,N,60,1,0,0,0,1,0,0,0,0,"- ","- ",37.632999420166016,-122.06616973876953,ALAMEDA,HAYWARD,-122.06613922119141,37.633094787597656
8679258,2018,2018-10-05,0112,2018-08-07,0121,281,,2,5,5,0112,0,0,0,,0,001,"MACARTHUR BL","MACARTHUR BL 560",0.00,,-,A,-,N,,,,,,,,,,Y,2,0,3,1,A,-,01,23152,A,N,E,I,A,A,H,-,C,D,0,,,,,Y,Y,-,"- ",1,0,2,0,0,0,0,0,0,"- ","- ",,,ALAMEDA,"SAN LEANDRO",-122.14435899999999,37.738818999999999
8689028,2018,2018-10-24,0112,2018-08-22,0359,330,,3,5,5,0112,0,0,0,,0,005,"RT 185","HESPERIAN BL",717.00,N,N,A,-,Y,ALA,4,185,-,-,3.890,H,-,S,Y,2,0,1,3,A,-,08,22107,,N,E,E,A,A,H,-,C,D,0,,,,,Y,,A,01,1,0,0,0,0,0,0,0,0,"- ","- ",,,ALAMEDA,"SAN LEANDRO",-122.13202667236328,37.707622528076172
8689817,2018,2018-09-07,0109,2018-06-28,1849,9609,1,4,5,7,0109,0,0,0,,0,12Y,"CLAREMONT AV","HUDSON ST",0.00,,Y,A,-,N,,,,,,,,,,N,2,0,1,2,A,-,11,21456,B,N,G,B,B,A,H,-,A,A,0,Y,,,,Y,,N,60,1,0,0,0,1,0,0,0,0,"- ","- ",,,ALAMEDA,OAKLAND,-122.25762176513672,37.842910766601562
8690070,2018,2018-09-19,0109,2018-08-01,1651,8914,2,3,5,7,0109,0,0,0,,0,30Y,"FOOTHILL BL","CHURCH ST",200.00,E,N,A,-,N,,,,,,,,,,N,2,0,1,2,A,-,11,21950,B,N,G,B,E,A,H,-,A,A,0,Y,,,,Y,,N,60,1,0,0,0,1,0,0,0,0,"- ","- ",,,ALAMEDA,OAKLAND,-122.17671966552734,37.769775390625
8694339,2018,2018-09-14,0113,2018-08-05,1946,4390,C156,7,5,5,0113,0,0,0,,0,004,"DECOTO RD","ALVARADO NILES RD",0.00,,Y,A,-,N,,,,,,,,,,N,2,0,1,2,A,-,09,21453,B,N,G,B,B,A,H,-,A,A,0,Y,,,,Y,,D,22,1,0,0,0,1,0,0,0,0,"- ","- ",,,ALAMEDA,"UNION CITY",-122.02169036865234,37.58721923828125
8695269,2018,2018-09-20,0109,2018-06-16,2355,8483,1,6,5,7,0109,0,0,0,,0,14X,"GRAND AV","EL EMBARCADERO",5.00,N,N,A,-,N,,,,,,,,,,Y,2,0,2,1,A,-,01,23152,A,N,E,I,A,A,H,-,C,A,0,,,,,Y,Y,A,01,2,0,0,0,0,0,0,0,0,"- ","- ",,,ALAMEDA,OAKLAND,-122.24965667724609,37.809341430664062
8698427,2018,2018-10-01,0101,2018-08-09,0830,95,252,4,5,5,0101,0,0,0,,0,002,"ATLANTIC AV","TRIUMPH DR",0.00,,Y,F,-,N,,,,,,,,,,N,2,0,1,2,D,-,00,,,N,D,G,A,A,H,-,A,D,0,,Y,,,Y,,-,"- ",1,0,0,0,0,0,1,0,0,"- ","- ",,,ALAMEDA,ALAMEDA,-122.26541137695312,37.780670166015625
8699604,2018,2018-10-10,0106,2018-08-16,0218,442,,4,5,6,0106,0,0,0,,0,00J,"HESPERIAN BL","W A ST",81.00,S,N,A,-,N,,,,,,,,,,Y,2,0,1,1,A,-,01,23152,A,N,E,I,A,A,H,-,C,D,0,,,,,Y,Y,A,01,1,0,0,0,0,0,0,0,0,"- ","- ",37.66558837890625,-122.1180419921875,ALAMEDA,HAYWARD,-122.11798095703125,37.665359497070312
8700680,2018,2019-01-16,0105,2018-09-13,1126,2909,367,4,5,6,0105,0,0,0,,0,001,"RT 84","OLD CANYON RD",2500.00,E,N,A,-,Y,ALA,4,84,-,-,11.460,H,-,N,Y,2,0,1,1,A,-,05,21650,,N,E,I,A,A,H,-,A,D,0,,,Y,,Y,,C,02,1,0,0,0,0,0,0,0,1,"- ","- ",33.243850708007812,-117.65387725830078,ALAMEDA,FREMONT,-121.9644775390625,37.582733154296875
8700847,2018,2018-10-09,0106,2018-07-13,2304,336,,5,5,6,0106,0,0,0,,0,00H,"MISSION BL","CALHOUN ST",0.00,,Y,A,-,N,,,,,,,,,,Y,2,0,1,1,B,-,22,,,N,H,A,A,A,H,-,C,A,0,,,Y,,Y,,-,"- ",1,0,0,0,0,0,0,0,1,"- ","- ",37.638778686523438,-122.05696868896484,ALAMEDA,HAYWARD,-122.05975341796875,37.641918182373047
8705137,2018,2018-10-03,0103,2018-06-18,2144,9,28,1,5,6,0103,0,0,0,,0,006,DURANT,DANA,0.00,,Y,B,-,N,,,,,,,,,,Y,2,0,1,2,A,-,01,23153,A,N,A,B,B,A,H,-,C,A,0,Y,,,,Y,Y,A,01,1,0,0,0,1,0,0,0,0,"- ","- ",,,ALAMEDA,BERKELEY,-122.26126098632812,37.867538452148438
8706652,2018,2018-10-15,0106,2018-07-25,2333,485,,3,5,6,0106,0,0,0,,0,00E,"BOLERO AV","BARCELONA AV",45.00,E,N,A,-,N,,,,,,,,,,N,2,0,1,2,A,-,"- ",,,N,G,B,D,A,H,-,C,D,0,Y,,,,Y,,-,"- ",1,0,0,0,1,0,0,0,0,"- ","- ",37.6297607421875,-122.0906982421875,ALAMEDA,HAYWARD,-122.09053802490234,37.6297607421875
8715220,2018,2018-11-19,0109,2018-07-21,1658,9460,2,6,5,7,0109,0,0,0,,0,30X,"73RD AV","BANCROFT AV",0.00,,Y,A,-,N,,,,,,,,,,N,2,0,1,2,A,-,12,21453,A,N,D,C,A,A,H,-,A,A,0,,,Y,,Y,,C,02,1,0,0,0,0,0,0,0,1,"- ","- ",,,ALAMEDA,OAKLAND,-122.17720794677734,37.765819549560547
8715544,2018,2018-11-28,0109,2018-08-18,0150,9591,2,6,5,7,0109,0,0,0,,0,27X,"FOOTHILL BL",FAIRFAX,0.00,,-,A,-,N,,,,,,,,,,N,2,0,1,2,D,-,00,,,F,G,B,B,A,H,-,C,D,0,Y,,,,Y,,-,"- ",1,0,0,0,1,0,0,0,0,"- ","- ",,,ALAMEDA,OAKLAND,-122.20075988769531,37.772640228271484
8736266,2018,2018-11-28,0109,2018-07-29,0128,9591,2,7,5,7,0109,0,0,0,,0,26X,"75TH AV","HAMILTON AV",80.00,N,N,A,-,N,,,,,,,,,,N,2,0,1,3,A,-,08,22107,,F,G,B,D,A,H,-,C,D,0,Y,,,,Y,,A,07,1,0,0,0,1,0,0,0,0,"- ","- ",,,ALAMEDA,OAKLAND,-122.18950653076172,37.755966186523438
8737047,2018,2018-12-28,0103,2018-07-01,1021,119,,7,5,6,0103,0,0,0,,0,011,"RT 13","SACRAMENTO ST",0.00,,Y,B,-,Y,ALA,4,13,-,-,12.760,H,-,N,Y,2,0,2,2,A,-,09,21801,A,N,A,C,A,A,H,-,A,A,0,,,,,Y,,A,01,1,1,0,0,0,0,0,0,0,"- ","- ",37.853279113769531,-122.27900695800781,ALAMEDA,BERKELEY,-122.279052734375,37.853302001953125
8737481,2018,2018-11-20,0109,2018-08-19,0252,9390,2,7,5,7,0109,0,0,0,,0,32X,"98TH AV","BIRCH ST",0.00,,Y,A,-,N,,,,,,,,,,Y,2,0,1,2,A,-,03,22350,,F,G,B,B,A,H,-,C,A,0,Y,,,,Y,Y,A,01,1,0,0,0,1,0,0,0,0,"- ","- ",,,ALAMEDA,OAKLAND,-122.16507720947266,37.746921539306641
8740747,2018,2018-11-20,0109,2018-08-18,1255,9618,2,6,5,7,0109,0,0,0,,0,28X,"SEMINARY AV","OUTLOOK AV",5.00,N,N,A,-,N,,,,,,,,,,N,2,0,1,2,A,-,08,22107,,F,B,C,A,A,H,-,B,A,0,,,,,Y,Y,A,01,1,0,0,0,0,0,0,0,0,"- ","- ",,,ALAMEDA,OAKLAND,-122.18060302734375,37.779666900634766
8740779,2018,2018-11-20,0109,2018-08-05,2050,9607,2,7,5,7,0109,0,0,0,,0,32Y,"106TH AV","MACARTHUR BL",0.00,,Y,A,-,N,,,,,,,,,,N,2,0,1,2,A,-,09,21801,A,N,A,C,A,A,H,-,C,A,0,,,Y,,Y,,A,01,1,0,0,0,0,0,0,0,1,"- ","- ",,,ALAMEDA,OAKLAND,-122.15248870849609,37.742969512939453
8741746,2018,2019-01-11,0112,2018-10-27,0117,377,,6,5,5,0112,0,0,0,,0,002,"BANCROFT AV","BLOSSOM AV",311.00,S,N,A,-,N,,,,,,,,,,Y,2,0,1,2,A,-,03,22350,,N,C,E,A,A,H,-,C,D,0,,,,,Y,Y,-,"- ",1,0,0,0,0,0,0,0,0,"- ","- ",37.718040466308594,-122.14376831054688,ALAMEDA,"SAN LEANDRO",-122.14369201660156,37.717937469482422