CASE_ID,ACCIDENT_YEAR,PROC_DATE,JURIS,COLLISION_DATE,COLLISION_TIME,OFFICER_ID,REPORTING_DISTRICT,DAY_OF_WEEK,CHP_SHIFT,POPULATION,CNTY_CITY_LOC,SPECIAL_COND,BEAT_TYPE,CHP_BEAT_TYPE,CITY_DIVISION_LAPD,CHP_BEAT_CLASS,BEAT_NUMBER,PRIMARY_RD,SECONDARY_RD,DISTANCE,DIRECTION,INTERSECTION,WEATHER_1,WEATHER_2,STATE_HWY_IND,CALTRANS_COUNTY,CALTRANS_DISTRICT,STATE_ROUTE,ROUTE_SUFFIX,POSTMILE_PREFIX,POSTMILE,LOCATION_TYPE,RAMP_INTERSECTION,SIDE_OF_HWY,TOW_AWAY,COLLISION_SEVERITY,NUMBER_KILLED,NUMBER_INJURED,PARTY_COUNT,PRIMARY_COLL_FACTOR,PCF_CODE_OF_VIOL,PCF_VIOL_CATEGORY,PCF_VIOLATION,PCF_VIOL_SUBSECTION,HIT_AND_RUN,TYPE_OF_COLLISION,MVIW,PED_ACTION,ROAD_SURFACE,ROAD_COND_1,ROAD_COND_2,LIGHTING,CONTROL_DEVICE,CHP_ROAD_TYPE,PEDESTRIAN_ACCIDENT,BICYCLE_ACCIDENT,MOTORCYCLE_ACCIDENT,TRUCK_ACCIDENT,NOT_PRIVATE_PROPERTY,ALCOHOL_INVOLVED,STWD_VEHTYPE_AT_FAULT,CHP_VEHTYPE_AT_FAULT,COUNT_SEVERE_INJ,COUNT_VISIBLE_INJ,COUNT_COMPLAINT_PAIN,COUNT_PED_KILLED,COUNT_PED_INJURED,COUNT_BICYCLIST_KILLED,COUNT_BICYCLIST_INJURED,COUNT_MC_KILLED,COUNT_MC_INJURED,PRIMARY_RAMP,SECONDARY_RAMP,LATITUDE,LONGITUDE,COUNTY,CITY,POINT_X,POINT_Y
90423016,2017,2017-05-02,9345,2017-03-22,0500,021239,,3,3,6,0105,0,1,1,,2,070,"I-880 SOUTHBOUND","STEVENSON BLVD",1501.00,S,N,C,-,Y,,,880,,,,,,S,Y,2,0,1,1,C,-,18,,,N,E,J,A,B,H,-,C,D,0,,,,,Y,,-,"- ",1,0,0,0,0,0,0,0,0,"- ","- ",37.519979999999997,-121.98327999999999,ALAMEDA,FREMONT,-121.98330925,37.519942579999999
9043053,2020,2020-02-20,0109,2020-01-24,2215,9598,1,5,5,7,0109,0,0,0,,0,07X,"32ND ST","MAGNOLIA ST",100.00,E,N,A,-,N,,,,,,,,,,N,2,0,1,2,A,-,05,21650,,N,A,G,A,A,H,-,C,A,0,,Y,,,Y,,A,01,1,0,0,0,0,0,1,0,0,"- ","- ",,,ALAMEDA,OAKLAND,-122.28173828125,37.823909759521484
90432341,2017,2017-04-12,9345,2017-04-04,2200,021203,,2,3,6,0106,0,1,1,,2,074,"I-880 SOUTHBOUND (NIMITZ FREEWAY)","WASHINGTON AVENUE",55.00,N,N,A,-,Y,,,,,,,,,,Y,2,0,4,2,A,-,08,22107,,N,C,C,A,A,H,-,D,D,0,,,,Y,Y,,A,07,1,1,2,0,0,0,0,0,0,"- ","- ",37.691079999999999,-122.13923,ALAMEDA,HAYWARD,-122.13898356999999,37.691319049999997
90440130,2017,2017-04-24,9370,2017-04-15,0010,021046,,6,3,7,0109,0,1,1,,2,055,"I-580 E/B","WEST STREET",370.00,W,N,A,-,Y,,,580,,,,,,E,Y,2,0,5,1,A,-,08,22107,,N,E,I,A,A,H,-,C,D,0,,,,,Y,,A,01,3,1,1,0,0,0,0,0,0,"- ","- ",37.82535,-122.27365,ALAMEDA,OAKLAND,-122.27362361,37.825470039999999
90441524,2017,2017-05-04,9390,2017-03-25,0304,021287,,6,3,5,0111,0,1,1,,2,067,"I-680 NORTHBOUND","W. LAS POSITAS BLVD",2905.00,S,N,B,-,Y,,,680,,,,,,N,Y,1,1,0,1,A,-,08,22107,,N,E,I,A,B,H,-,C,D,0,,,,,Y,,A,01,0,0,0,0,0,0,0,0,0,"- ","- ",37.670299999999997,-121.91070000000001,ALAMEDA,PLEASANTON,-121.91053097,37.670367900000002
90443302,2017,2017-04-27,9375,2017-04-19,1935,020858,,3,2,9,0100,0,1,3,,1,185,"SR-185 (MISSION BLVD)","MEDFORD AVE",7.00,N,N,A,-,Y,,,185,,,,,,,Y,2,0,1,2,A,-,17,21451,A,F,G,B,B,A,H,-,B,A,0,Y,,,,Y,,A,01,1,0,0,0,1,0,0,0,0,"- ","- ",37.684510000000003,-122.09918999999999,ALAMEDA,UNINCORPORATED,-122.09916731,37.684537560000003
90448390,2017,2017-05-03,9375,2017-04-24,1720,020568,,1,2,9,0100,0,3,5,,2,004,"GREENRIDGE RD","MOUNTAIN LN",53.00,S,N,A,-,N,,,,,,,,,,Y,2,0,1,1,A,-,01,23152,A,N,G,B,A,A,H,-,A,D,0,,,,,Y,Y,A,07,1,0,0,0,0,0,0,0,0,"- ","- ",37.716180000000001,-122.0458,ALAMEDA,UNINCORPORATED,-122.04580561,37.716162060000002
90451640,2017,2017-05-09,9370,2017-04-27,2233,020206,,4,3,7,0109,0,1,3,,2,013,"SR-13 S/B","MORAGA AVENUE",417.00,S,N,A,-,Y,,,13,,,,,,S,Y,2,0,1,2,A,-,01,23152,A,N,C,C,A,A,H,-,C,D,0,,,Y,,Y,Y,C,02,1,0,0,0,0,0,0,0,1,"- ","- ",37.831380000000003,-122.21588,ALAMEDA,OAKLAND,-122.21589948,37.831358029999997
90451864,2016,2017-05-10,9370,2016-11-14,0422,021164,,1,3,3,0102,0,1,1,,2,057,"I-580 W/B FROM I-80 E/B","I-80 W/B OVERCROSSING",297.00,W,N,B,-,Y,,,580,,,,R,,W,N,1,1,0,6,A,-,11,21956,,F,G,B,E,A,H,-,D,D,0,Y,,,,Y,Y,N,60,0,0,0,1,0,0,0,0,0,"- ","- ",37.891820000000003,-122.30889000000001,ALAMEDA,ALBANY,-122.30889000000001,37.891820000000003
90455140,2017,2017-05-15,9345,2017-05-04,2255,021681,,4,3,6,0105,0,1,1,,2,071,"I-880 SOUTHBOUND","THORNTON AVENUE",2803.00,N,N,A,-,Y,,,880,,,,,,S,Y,2,0,2,2,A,-,01,23152,A,N,E,I,A,A,H,-,C,D,0,,,,,Y,Y,A,01,1,1,0,0,0,0,0,0,0,"- ","- ",37.550879999999999,-122.02618,ALAMEDA,FREMONT,-122.02623014,37.55084162
90458789,2017,2017-05-18,9345,2017-05-08,1755,020802,,1,2,6,0105,0,1,1,,2,071,"I-880 S/B","DECOTO RD",4290.00,S,N,A,-,Y,,,880,,,,,,S,Y,2,0,1,2,A,-,03,22350,,N,C,C,A,A,H,-,A,D,0,,,Y,,Y,,C,02,1,0,0,0,0,0,0,0,1,"- ","- ",37.554389999999998,-122.02914,ALAMEDA,FREMONT,-122.02908905,37.554438589999997
90461091,2017,2017-05-22,9375,2017-05-13,1501,021428,,6,2,9,0100,0,3,5,,2,003,"HANNAH DR.","166TH AVE.",576.00,N,N,A,-,N,,,,,,,,,,Y,2,0,1,1,A,-,03,22350,,N,F,A,A,A,H,-,A,D,0,,,,,Y,,A,01,1,0,0,0,0,0,0,0,0,"- ","- ",37.699219999999997,-122.10453,ALAMEDA,UNINCORPORATED,-122.10446587,37.698944099999999
90466557,2017,2017-05-30,9370,2017-05-23,0353,019577,,2,3,7,0109,0,1,1,,2,176,"I-880 S/B TO FRUITVALE AVENUE","DERBY AVE",110.00,N,N,B,-,Y,,,,,,,,,,Y,2,0,1,1,A,-,08,22107,,N,E,I,A,A,H,-,D,D,0,,,,,Y,,D,22,1,0,0,0,0,0,0,0,0,"- ","- ",37.46264,-122.13523000000001,ALAMEDA,OAKLAND,,
90476595,2017,2017-06-14,9345,2017-02-10,1410,021066,,5,2,6,0106,0,1,1,,2,072,"I-880 SOUTHBOUND (NIMITZ FREEWAY)","TENNYSON ROAD",415.00,S,N,B,-,Y,,,880,,,,,,S,Y,1,1,1,2,A,-,07,21658,A,F,C,C,A,A,H,-,A,D,0,,,,,Y,,-,99,0,1,0,0,0,0,0,0,0,"- ","- ",37.630429999999997,-122.08371,ALAMEDA,HAYWARD,-122.08377523999999,37.630383879999997
90476633,2017,2017-06-13,9345,2017-06-05,0535,021351,,1,3,9,0100,0,1,1,,2,074,"I-880 S/B TO A"" STREET ""","A"" STREET""",111.00,N,N,A,-,Y,,,880,,,,R,,S,Y,2,0,1,1,C,-,18,,,N,E,I,A,A,H,-,A,D,0,,,,,Y,,-,"- ",1,0,0,0,0,0,0,0,0,"- ","- ",37.666460000000001,-122.10834,ALAMEDA,UNINCORPORATED,-122.10834,37.666460000000001
90482979,2017,2017-06-21,9345,2017-06-13,1920,021681,,2,2,6,0105,0,1,1,,2,070,"I-880 SB","SOUTH FREMONT BLVD.",400.00,N,N,A,-,Y,,,880,,,,,,S,Y,2,0,1,1,A,-,08,22107,,N,E,I,A,A,H,-,A,D,0,,,,,Y,,A,01,1,0,0,0,0,0,0,0,0,"- ","- ",37.493009999999998,-121.94929999999999,ALAMEDA,FREMONT,-121.94928012,37.49303784
90488142,2017,2017-06-26,9375,2017-06-16,1227,014726,,5,1,9,0100,0,2,4,,1,010,"BOCKMAN RD","HESPERIAN BLVD",840.00,W,N,A,-,Y,,,,,,,,,,N,2,0,1,2,A,-,11,21954,A,N,G,B,D,A,H,-,A,D,0,Y,,,,Y,,N,60,1,0,0,0,1,0,0,0,0,"- ","- ",,,ALAMEDA,UNINCORPORATED,-122.12465032,37.671159770000003
90490192,2017,2017-06-29,9370,2017-06-26,1840,021164,,1,2,7,0109,0,1,1,,2,176,"I-880 S/B","FRUITVALE AVE",490.00,S,N,A,-,Y,,,880,,,,,,S,Y,2,0,1,2,A,-,01,23153,A,N,B,C,A,A,H,-,A,D,0,,,,Y,Y,Y,A,01,1,0,0,0,0,0,0,0,0,"- ","- ",37.772550000000003,-122.22636,ALAMEDA,OAKLAND,-122.22635841,37.77255478
90504724,2017,2017-07-20,9375,2017-07-11,1610,020414,,2,2,9,0100,0,1,1,,2,581,"I-580 E/B","EDEN CANYON RD",901.00,W,N,A,-,Y,,,580,,,,,,E,Y,2,0,1,4,A,-,07,21658,A,N,B,C,A,A,H,-,A,D,0,,,Y,,Y,,A,01,1,0,0,0,0,0,0,0,1,"- ","- ",37.700769999999999,-122.02585999999999,ALAMEDA,UNINCORPORATED,-122.02586413,37.700718739999999
90511412,2017,2017-07-28,9345,2017-07-25,0115,021057,,2,3,6,0106,0,2,S,,2,901,"CORPORATE AVENUE AT ARDEN ROAD","ARDEN ROAD",16.00,N,N,A,-,N,,,,,,,,,,Y,2,0,2,1,A,-,01,23152,F,N,E,I,A,A,H,-,C,D,0,,,,,Y,,A,01,1,1,0,0,0,0,0,0,0,"- ","- ",37.621809999999996,-122.11190999999999,ALAMEDA,HAYWARD,-122.11201183999999,37.621561509999999
90514957,2017,2017-08-02,9375,2017-07-25,1050,015147,,2,1,9,0100,0,2,4,,2,035,"LAKE CHABOT RD","FAIRMONT DR",1100.00,E,N,A,-,N,,,,,,,,,,N,2,0,1,1,A,-,08,22107,,N,F,A,A,A,H,-,A,D,0,,Y,,,Y,,L,04,1,0,0,0,0,0,1,0,0,"- ","- ",37.71743,-122.10701,ALAMEDA,UNINCORPORATED,-122.10126941999999,37.714075350000002
90521062,2017,2017-08-10,9390,2017-07-07,1600,020685,,5,2,6,0105,0,1,1,,2,064,"I-680 N/B","WASHINGTON BOULEVARD",340.00,N,N,A,-,Y,,,680,,,,,,N,Y,2,0,1,4,A,-,07,21658,A,N,B,C,A,A,H,-,A,D,0,,,Y,,Y,,A,01,1,0,0,0,0,0,0,0,1,"- ","- ",37.531689999999998,-121.94032,ALAMEDA,FREMONT,-121.94031776,37.531685869999997
90524690,2017,2017-08-16,9390,2017-08-07,0600,019156,,1,1,9,0100,0,1,1,,2,065,"I-680 SOUTHBOUND","PALOMA WAY",600.00,S,N,A,-,Y,,,680,,,,,,S,Y,2,0,1,3,A,-,07,21658,A,F,B,C,A,A,H,-,A,D,0,,,Y,,Y,,-,99,1,0,0,0,0,0,0,0,1,"- ","- ",37.587530000000001,-121.87156,ALAMEDA,UNINCORPORATED,-121.87166241,37.58758417
90524741,2017,2017-08-16,9390,2017-07-10,1405,019917,,1,2,9,0100,0,1,1,,2,050,"I-580 WESTBOUND","EDEN CANYON RD U/C",2640.00,E,N,A,-,Y,,,,,,,,,,Y,2,0,1,1,A,-,08,22107,,N,E,I,A,A,H,-,A,D,0,,,,,Y,,A,01,1,0,0,0,0,0,0,0,0,"- ","- ",,,ALAMEDA,UNINCORPORATED,-122.01246882,37.703230140000002
9052719,2020,2020-02-28,0109,2020-01-12,2052,9838,1,7,5,7,0109,0,0,0,,0,20X,"INTERNATIONAL BL","MITCHELL ST",0.00,,Y,B,-,N,,,,,,,,,,Y,2,0,1,2,A,-,09,21802,A,F,D,C,A,A,H,-,C,A,0,,,,,Y,,D,22,1,0,0,0,0,0,0,0,0,"- ","- ",,,ALAMEDA,OAKLAND,-122.23076629638672,37.780330657958984
90542459,2017,2017-09-07,9390,2017-08-26,0940,021624,,6,1,9,0100,0,2,4,,2,440,"MINES RD E/B","DEL PUERTO CANYON RD",47520.00,W,N,A,-,N,,,,,,,,,,Y,2,0,1,1,A,-,08,22107,,N,F,A,A,A,H,-,A,D,0,,,,,Y,,A,01,1,0,0,0,0,0,0,0,0,"- ","- ",37.490400000000001,-121.5342,ALAMEDA,UNINCORPORATED,-121.5342,37.490400000000001
90546058,2017,2017-09-12,9375,2017-02-14,0655,014726,,2,1,9,0100,0,2,4,,1,022,"HAMPTON RD","BOSTON RD",0.00,,Y,A,-,Y,,,,,,,,,,N,1,1,0,2,A,-,11,21954,A,N,G,B,D,A,H,-,B,D,0,Y,,,,Y,,N,60,0,0,0,1,0,0,0,0,0,"- ","- ",37.683840000000004,-122.11356000000001,ALAMEDA,UNINCORPORATED,-122.11347996000001,37.683799980000003
9055134,2019,2020-03-02,0109,2019-12-21,0043,9828,2,6,5,7,0109,0,0,0,,0,33X,"85TH AV","BLAINE ST",50.00,S,N,A,-,N,,,,,,,,,,Y,2,0,1,3,A,-,01,23152,A,M,B,E,A,B,H,-,C,D,0,,,,,Y,Y,A,01,1,0,0,0,0,0,0,0,0,"- ","- ",,,ALAMEDA,OAKLAND,-122.18726348876953,37.748176574707031
9055158,2019,2020-03-02,0109,2019-12-29,1258,9390,2,7,5,7,0109,0,0,0,,0,33X,"81ST AV","SAN LEANDRO ST",0.00,,Y,A,-,N,,,,,,,,,,Y,2,0,3,4,A,-,09,21801,A,N,A,C,A,A,H,-,A,A,0,,,,,Y,,A,01,1,0,2,0,0,0,0,0,0,"- ","- ",,,ALAMEDA,OAKLAND,-122.19235992431641,37.749759674072266
90558219,2017,2017-09-28,9375,2017-09-23,0633,021726,,6,1,9,0100,0,1,3,,1,185,"SR-185 (E.14TH STREET)","KENT AVE",0.00,,Y,A,-,Y,,,,,,,,,,N,2,0,1,2,A,-,11,21950,B,N,G,B,B,A,H,-,B,A,0,Y,,,,Y,,N,60,1,0,0,0,1,0,0,0,0,"- ","- ",37.694679999999998,-122.11360999999999,ALAMEDA,UNINCORPORATED,,
90561061,2017,2017-10-02,9345,2017-09-25,1645,021653,,1,2,9,0100,0,1,1,,2,074,"I-880 SOUTHBOUND","HACIENDA AVENUE",50.00,N,N,A,-,Y,,,880,,,,,,S,Y,2,0,1,2,A,-,03,22350,,N,C,C,A,A,H,-,A,D,0,,,Y,,Y,,C,02,1,0,0,0,0,0,0,0,1,"- ","- ",37.676729999999999,-122.11763999999999,ALAMEDA,UNINCORPORATED,-122.11771752,37.676607519999997
90567748,2017,2017-10-11,9370,2017-10-04,1315,020173,,3,1,7,0109,0,1,1,,2,179,"I-880 N/B TO I-80 E/B","POWELL ST",2000.00,S,N,A,-,Y,,,880,,,,R,,N,Y,2,0,3,2,A,-,08,22107,,N,B,C,A,A,H,-,A,D,0,,,,Y,Y,,G,27,1,0,2,0,0,0,0,0,0,"- ","- ",37.824539999999999,-122.2908,ALAMEDA,OAKLAND,-122.2908,37.824539999999999
90573406,2017,2017-10-18,9390,2017-10-03,2210,019863,,2,3,5,0107,0,2,4,,2,226,"NORTH LIVERMORE AVENUE (4000 BLOCK)","I-580 WESTBOUND",4224.00,N,N,A,-,N,,,,,,,,,,Y,2,0,1,1,A,-,03,22350,,N,F,I,A,A,H,-,D,D,0,,,Y,,Y,,C,02,1,0,0,0,0,0,0,0,1,"- ","- ",37.711399999999998,-121.7701,ALAMEDA,LIVERMORE,-121.77370000000001,37.701000000000001
9057783,2020,2020-07-07,0105,2020-02-09,0150,14563,875,7,5,6,0105,0,0,0,,0,001,"MOWRY AV","FARWELL DR",0.00,,Y,A,-,N,,,,,,,,,,Y,2,0,2,3,A,-,12,21453,A,F,D,C,A,A,H,-,C,A,0,,,,,Y,,A,01,1,1,0,0,0,0,0,0,0,"- ","- ",,,ALAMEDA,FREMONT,-122.00089263916016,37.533489227294922
90581822,2017,2017-10-30,9345,2017-10-22,0455,020909,,7,3,6,0106,0,1,1,,2,073,"I-880 N/B","WINTON AVE",1100.00,N,N,A,-,Y,,,880,,,,,,N,Y,2,0,1,2,A,-,01,23152,A,N,C,C,A,A,H,-,C,D,0,,,,Y,Y,Y,A,01,1,0,0,0,0,0,0,0,0,"- ","- ",37.660710000000002,-122.10381,ALAMEDA,HAYWARD,-122.10388275,37.66066738
90585454,2017,2017-11-02,9370,2017-10-26,1625,020475,,4,2,6,0103,0,1,1,,2,081,"I-80 W/B","GILMAN ST",2153.00,W,N,A,-,Y,,,,,,,,,,Y,2,0,2,3,A,-,07,21658,A,N,B,C,A,A,H,-,A,D,0,,,,,Y,,A,01,1,1,0,0,0,0,0,0,0,"- ","- ",37.522060000000003,-122.18192999999999,ALAMEDA,BERKELEY,,
90585626,2017,2017-11-02,9375,2017-10-24,1710,020534,,2,2,9,0100,0,2,4,,2,035,"FAIRMONT DR","LAKE CHABOT RD",1000.00,W,N,B,-,N,,,,,,,,,,Y,2,0,1,2,A,-,09,21801,A,N,C,C,A,A,H,-,A,D,0,,,Y,,Y,,C,02,1,0,0,0,0,0,0,0,1,"- ","- ",37.713160000000002,-122.10852,ALAMEDA,UNINCORPORATED,-122.10770362,37.713534299999999
90590676,2017,2017-11-08,9375,2017-11-07,0650,020414,,2,1,9,0100,0,3,5,,2,004,"NORBRIDGE AVE","REDWOOD ROAD",358.00,E,N,A,-,N,,,,,,,,,,Y,2,0,1,1,A,-,08,22107,,N,E,I,A,A,H,-,A,D,0,,,Y,,Y,,C,02,1,0,0,0,0,0,0,0,1,"- ","- ",37.69265,-122.0729,ALAMEDA,UNINCORPORATED,-122.07265834,37.692575089999998
90593671,2017,2017-11-14,9375,2017-11-06,1805,021846,,1,2,9,0100,0,2,4,,2,032,"STANTON AVE","SAN CARLOS AVE",5.00,N,N,A,-,N,,,,,,,,,,N,2,0,1,2,A,-,10,21950,A,N,G,B,B,A,H,-,C,D,0,Y,,,,Y,,A,01,1,0,0,0,1,0,0,0,0,"- ","- ",37.69406,-122.09014000000001,ALAMEDA,UNINCORPORATED,-122.09008392,37.694243380000003
90603857,2017,2017-11-28,9390,2017-11-25,0740,018544,,6,1,4,0198,0,1,1,,2,067,"I-680 SOUTHBOUND","I-580 WESTBOUND",2112.00,N,N,A,-,Y,,,680,,,,,,S,Y,2,0,5,2,A,-,01,23152,A,N,C,C,A,A,H,-,A,D,0,,,,,Y,Y,A,01,2,0,3,0,0,0,0,0,0,"- ","- ",37.706330000000001,-121.92606000000001,ALAMEDA,DUBLIN,-121.92611171999999,37.706285610000002
90609021,2017,2017-12-04,9370,2017-11-26,0304,021426,,7,3,7,0109,0,1,1,,2,052,"I-580 WESTBOUND","HIGH STREET",125.00,E,N,A,-,Y,,,,,,,,,,Y,2,0,1,1,A,-,08,22107,,N,E,I,A,A,H,-,D,D,0,,,,,Y,,A,07,1,0,0,0,0,0,0,0,0,"- ","- ",37.471200000000003,-122.11427,ALAMEDA,OAKLAND,-122.19545571,37.786654720000001
90609434,2017,2017-12-04,9375,2017-11-30,1045,019309,,4,1,9,0100,0,1,1,,2,581,"I-580 W/B","LAKE CHABOT RD PEDESTRIAN OVERCROSS",1481.00,E,N,A,-,Y,,,580,,,,,,W,Y,2,0,1,3,A,-,03,22350,,N,C,C,A,A,H,-,A,D,0,,,,,Y,,A,01,1,0,0,0,0,0,0,0,0,"- ","- ",37.690989999999999,-122.07886000000001,ALAMEDA,UNINCORPORATED,-122.07885917999999,37.6909031
90619758,2017,2017-12-18,9345,2017-12-11,1730,021369,,1,2,6,0106,0,1,1,,2,073,"I-880 NORTHBOUND (NIMITZ FREEWAY)","TENNYSON ROAD",528.00,S,N,A,-,Y,,,880,,,,,,N,Y,2,0,1,2,A,-,07,21658,A,N,B,C,A,A,H,-,C,D,0,,,Y,,Y,,A,01,1,0,0,0,0,0,0,0,1,"- ","- ",37.62462,-122.07928,ALAMEDA,HAYWARD,-122.07920726,37.6246717
90626448,2017,2018-02-01,9390,2017-05-29,0232,020494,,1,3,5,0107,0,1,1,,2,052,"I-580 EASTBOUND (ARTHUR H. BREED FWY)","FIRST STREET",2112.00,W,N,B,-,Y,,,580,,,,,,E,Y,1,1,1,2,A,-,03,22350,,N,D,C,A,A,H,-,C,D,0,,,,,Y,,A,01,0,1,0,0,0,0,0,0,0,"- ","- ",37.702440000000003,-121.74827999999999,ALAMEDA,LIVERMORE,-121.74828042,37.702430049999997
90630146,2017,2018-01-01,9375,2017-12-24,0855,021846,,7,1,9,0100,0,2,4,,1,045,"CROW CANYON ROAD","CULL CANYON ROAD",0.00,,Y,B,-,N,,,,,,,,,,Y,2,0,2,2,A,-,12,21453,A,N,D,C,A,A,H,-,A,A,0,,,,,Y,,D,22,2,0,0,0,0,0,0,0,0,"- ","- ",37.702170000000002,-122.05345,ALAMEDA,UNINCORPORATED,-122.05345986,37.702229959999997
90632362,2017,2018-01-03,9390,2017-08-28,1008,019156,,1,1,5,0107,0,1,1,,2,052,"I-580 WESTBOUND","AIRWAY BOULEVARD",3270.00,W,N,A,-,Y,,,580,,,,,,W,Y,1,1,0,2,A,-,03,22350,,N,C,C,A,A,H,-,A,D,0,,,,,Y,,A,07,0,0,0,0,0,0,0,0,0,"- ","- ",37.701239999999999,-121.82923,ALAMEDA,LIVERMORE,-121.82923040999999,37.701184910000002
90634407,2017,2018-01-08,9370,2017-10-19,1350,020961,,4,1,7,0109,0,1,1,,2,080,"I-80 W/B","POWELL STREET",3315.00,W,N,B,-,Y,,,80,,,,,,W,Y,1,1,0,2,A,-,03,22350,,N,C,C,A,A,H,-,A,D,0,,,Y,,Y,,C,02,0,0,0,0,0,0,0,1,0,"- ","- ",37.828569999999999,-122.29465,ALAMEDA,OAKLAND,-122.29467757,37.82859612
90641866,2018,2018-01-17,9390,2018-01-16,1535,020139,,2,2,9,0100,0,2,4,,2,220,"DUBLIN CANYON ROAD (27000 BLOCK)","SCHAEFER RANCH ROAD",0.00,,Y,B,-,N,,,,,,,,,,Y,2,0,3,2,A,-,09,21801,A,N,D,C,A,A,H,-,A,D,0,,,,,Y,,A,01,1,0,2,0,0,0,0,0,0,"- ","- ",37.698101043701172,-121.97969818115234,ALAMEDA,UNINCORPORATED,-121.97965240478516,37.698051452636719
90645324,2018,2018-01-23,9330,2018-01-06,0115,020770,,6,3,6,0106,0,1,3,,1,037,"SR-92 E/B","TOLL PLAZA",166.00,E,N,A,-,Y,,,92,,,,,,E,Y,2,0,1,1,A,-,08,22107,,N,F,I,A,B,H,-,D,D,0,,,,,Y,,A,01,1,0,0,0,0,0,0,0,0,"- ","- ",37.617568969726562,-122.15210723876953,ALAMEDA,HAYWARD,-122.15213012695312,37.617637634277344
90651812,2018,2018-01-31,9345,2018-01-21,0015,021797,,7,3,6,0106,0,1,1,,2,073,"I-880 S/B (NIMITZ FREEWAY)","WINTON AVENUE",300.00,N,N,A,-,Y,,,880,,,,,,S,Y,2,0,1,1,A,-,01,23152,A,N,E,I,A,A,H,-,D,D,0,,,,,Y,Y,A,01,1,0,0,0,0,0,0,0,0,"- ","- ",37.656909942626953,-122.10301208496094,ALAMEDA,HAYWARD,-122.102294921875,37.657360076904297
90656873,2018,2018-02-07,9375,2018-01-30,1435,021936,,2,2,5,0112,0,1,1,,2,580,"I-580 E/B","ESTUDILLO AVE.",390.00,W,N,A,-,Y,,,580,,,,,,E,Y,2,0,1,2,A,-,07,21658,A,N,B,C,A,A,H,-,A,D,0,,,,Y,Y,,F,26,1,0,0,0,0,0,0,0,0,"- ","- ",37.730781555175781,-122.13900756835938,ALAMEDA,"SAN LEANDRO",-122.13894653320312,37.730796813964844
9065842,2020,2020-11-07,0109,2020-05-06,1714,9325,2,3,5,7,0109,0,0,0,,0,30X,"INTERNATIONAL BL","69TH AV",0.00,,Y,A,-,N,,,,,,,,,,N,2,0,2,2,A,-,06,21750,,N,D,C,A,-,H,-,A,A,0,,,Y,,Y,,C,02,1,1,0,0,0,0,0,0,1,"- ","- ",,,ALAMEDA,OAKLAND,-122.19029998779297,37.760730743408203
90659711,2018,2018-02-12,9345,2018-02-09,1711,021379,,5,2,6,0105,0,1,1,,2,071,"I-880 S/B","DECOTO RD",100.00,N,N,A,-,Y,,,880,,,,,,S,Y,2,0,1,1,A,-,08,22107,,N,F,C,A,A,H,-,B,A,0,,,Y,,Y,,C,02,1,0,0,0,0,0,0,0,1,"- ","- ",37.563648223876953,-122.03900146484375,ALAMEDA,FREMONT,-122.0389404296875,37.563709259033203
90661113,2018,2018-04-04,9390,2018-02-06,1456,020368,,2,2,5,0107,0,1,1,,2,052,"I-580 EASTBOUND","NORTH LIVERMORE AVENUE",1584.00,E,N,A,-,Y,,,580,,,,,,E,Y,2,0,1,4,A,-,03,22350,,N,C,C,A,A,H,-,A,D,0,,,,,Y,,A,01,1,0,0,0,0,0,0,0,0,"- ","- ",37.701679229736328,-121.76789093017578,ALAMEDA,LIVERMORE,-121.76789855957031,37.70172119140625
90663501,2018,2018-02-19,9375,2018-02-11,0950,022029,,7,1,9,0100,0,3,5,,2,004,"CAMPUS DR","SECOND ST",471.00,S,N,B,-,N,,,,,,,,,,Y,2,0,1,1,A,-,08,22107,,N,E,I,A,A,H,-,A,D,0,,,,,Y,,A,01,1,0,0,0,0,0,0,0,0,"- ","- ",37.666458129882812,-122.05940246582031,ALAMEDA,UNINCORPORATED,-122.05988311767578,37.666496276855469
90663933,2018,2018-02-19,9370,2018-02-08,2155,021674,,4,2,7,0109,0,1,3,,2,024,"SR-24 W/B TO I-580","W. MACARTHUR BLVD",830.00,E,N,A,-,Y,,,24,,,,R,,W,Y,2,0,2,3,A,-,03,22350,,F,C,C,A,A,H,-,D,D,0,,,,,Y,,A,01,1,1,0,0,0,0,0,0,0,"- ","- ",37.829349517822266,-122.26756286621094,ALAMEDA,OAKLAND,-122.26756286621094,37.829349517822266
90668881,2017,2018-02-28,9370,2017-11-26,0938,021281,,7,1,2,0104,0,1,1,,2,008,"I-80 E/B","I-80 WESTBOUND TO I-880 SOUTHBOUND",450.00,W,N,C,-,Y,,,,,,,,,,Y,1,1,1,2,A,-,03,22350,,N,E,I,A,B,H,-,A,D,0,,,,,Y,,A,01,0,1,0,0,0,0,0,0,0,"- ","- ",37.827910000000003,-122.29468,ALAMEDA,EMERYVILLE,,