CASE_ID,ACCIDENT_YEAR,PROC_DATE,JURIS,COLLISION_DATE,COLLISION_TIME,OFFICER_ID,REPORTING_DISTRICT,DAY_OF_WEEK,CHP_SHIFT,POPULATION,CNTY_CITY_LOC,SPECIAL_COND,BEAT_TYPE,CHP_BEAT_TYPE,CITY_DIVISION_LAPD,CHP_BEAT_CLASS,BEAT_NUMBER,PRIMARY_RD,SECONDARY_RD,DISTANCE,DIRECTION,INTERSECTION,WEATHER_1,WEATHER_2,STATE_HWY_IND,CALTRANS_COUNTY,CALTRANS_DISTRICT,STATE_ROUTE,ROUTE_SUFFIX,POSTMILE_PREFIX,POSTMILE,LOCATION_TYPE,RAMP_INTERSECTION,SIDE_OF_HWY,TOW_AWAY,COLLISION_SEVERITY,NUMBER_KILLED,NUMBER_INJURED,PARTY_COUNT,PRIMARY_COLL_FACTOR,PCF_CODE_OF_VIOL,PCF_VIOL_CATEGORY,PCF_VIOLATION,PCF_VIOL_SUBSECTION,HIT_AND_RUN,TYPE_OF_COLLISION,MVIW,PED_ACTION,ROAD_SURFACE,ROAD_COND_1,ROAD_COND_2,LIGHTING,CONTROL_DEVICE,CHP_ROAD_TYPE,PEDESTRIAN_ACCIDENT,BICYCLE_ACCIDENT,MOTORCYCLE_ACCIDENT,TRUCK_ACCIDENT,NOT_PRIVATE_PROPERTY,ALCOHOL_INVOLVED,STWD_VEHTYPE_AT_FAULT,CHP_VEHTYPE_AT_FAULT,COUNT_SEVERE_INJ,COUNT_VISIBLE_INJ,COUNT_COMPLAINT_PAIN,COUNT_PED_KILLED,COUNT_PED_INJURED,COUNT_BICYCLIST_KILLED,COUNT_BICYCLIST_INJURED,COUNT_MC_KILLED,COUNT_MC_INJURED,PRIMARY_RAMP,SECONDARY_RAMP,LATITUDE,LONGITUDE,COUNTY,CITY,POINT_X,POINT_Y
91604777,2021,2022-02-25,9370,2021-10-17,0250,022430,,7,3,7,0109,0,1,1,,2,177,"INTERSTATE 880 SOUTHBOUND","23RD AVENUE O/C",410.00,N,N,A,-,Y,,,880,,,,,,S,Y,1,1,0,1,A,-,01,23152,A,N,E,I,A,A,H,-,C,D,0,,,,,Y,Y,B,01,0,0,0,0,0,0,0,0,0,"- ","- ",37.778800964355469,-122.23784637451172,ALAMEDA,OAKLAND,-122.23789215087891,37.778778076171875
91606665,2021,2021-10-26,9345,2021-10-15,1950,021961,,5,2,6,0105,0,1,1,,2,071,"I-880 S/B (NIMITZ FREEWAY)","CENTRAL AVENUE",150.00,N,N,A,-,Y,,,880,,,,,,S,Y,2,0,1,2,A,-,07,21658,A,N,B,2,A,A,H,-,D,D,0,,,Y,,Y,,A,07,1,0,0,0,0,0,0,0,1,"- ","- ",37.540229797363281,-122.01811218261719,ALAMEDA,FREMONT,-122.01821136474609,37.540153503417969
9161416,2020,2021-01-21,0100,2020-09-07,0001,202964,300,1,5,4,0198,0,0,0,,0,"NO VAL","DOUGHERTY RD","WILDWOOD RD",618.00,S,N,B,-,N,,,,,,,,,,Y,2,0,2,1,A,-,08,22107,,N,E,I,A,A,H,-,C,D,0,,,,,Y,,A,07,1,1,0,0,0,0,0,0,0,"- ","- ",,,ALAMEDA,DUBLIN,-121.91018676757812,37.722202301025391
91614460,2021,2021-11-03,9345,2021-10-22,1305,019124,,5,1,6,0105,0,1,1,,2,070,"I-880 N/B","STEVENSON BLVD",1056.00,N,N,A,-,Y,,,880,,,,,,N,N,2,0,1,1,A,-,03,22350,,N,H,A,A,B,H,-,A,A,0,,,Y,,Y,,C,02,1,0,0,0,0,0,0,0,1,"- ","- ",37.526058197021484,-121.99481964111328,ALAMEDA,FREMONT,-121.99477386474609,37.526149749755859
9161631,2020,2020-10-22,0103,2020-08-21,2124,58,32,5,5,6,0103,0,0,0,,0,014,10TH,"UNIVERSITY AV",0.00,,Y,A,-,N,,,,,,,,,,N,2,0,1,2,A,-,10,21950,A,F,G,B,B,A,H,-,C,D,0,Y,,,,Y,,A,01,1,0,0,0,1,0,0,0,0,"- ","- ",37.868869781494141,-122.29329681396484,ALAMEDA,BERKELEY,-122.29332733154297,37.868930816650391
9161737,2020,2020-10-05,0106,2020-07-22,1954,390,,3,5,6,0106,0,0,0,,0,00C,"MISSION BL","FLETCHER LN",0.00,,Y,-,-,N,,,,,,,,,,Y,2,0,1,2,A,-,12,21453,A,N,D,C,A,A,H,-,A,A,0,,,Y,,Y,,C,02,1,0,0,0,0,0,0,0,1,"- ","- ",37.666618347167969,-122.07907104492188,ALAMEDA,HAYWARD,-122.07913208007812,37.666580200195312
91617421,2021,2021-11-05,9345,2021-10-28,1613,022705,,4,2,6,0106,0,1,1,,2,072,"I-880 SOUTHBOUND (NIMITZ FREEWAY)","INDUSTRIAL PARKWAY",165.00,S,N,A,-,Y,,,880,,,,,,S,Y,2,0,1,1,C,-,18,,,N,A,8,A,A,H,-,A,D,0,,,,,Y,,-,"- ",1,0,0,0,0,0,0,0,0,"- ","- ",37.618148803710938,-122.07572174072266,ALAMEDA,HAYWARD,-122.07527160644531,37.61846923828125
91632990,2021,2021-11-23,9375,2021-10-11,2115,021726,,1,2,9,0100,0,3,5,,2,004,"REDWOOD ROAD","PINEHURST ROAD",3696.00,S,N,A,-,N,,,,,,,,,,Y,1,1,0,1,A,-,08,22107,,N,E,I,A,A,H,-,D,D,0,,,,,Y,,A,01,0,0,0,0,0,0,0,0,0,"- ","- ",37.791210174560547,-122.13230133056641,ALAMEDA,UNINCORPORATED,-122.13214874267578,37.791759490966797
91633760,2021,2021-11-24,9375,2021-11-15,2245,018625,,1,3,9,0100,0,1,1,,2,580,"I-580 E/B","159TH AVE",927.00,W,N,A,-,Y,,,,,,,,,,Y,2,0,1,1,A,-,08,22107,,N,F,I,A,A,H,-,D,D,0,,,,,Y,,A,01,1,0,0,0,0,0,0,0,0,"- ","- ",37.422000885009766,-122.07050323486328,ALAMEDA,UNINCORPORATED,-122.11692810058594,37.705230712890625
91633949,2021,2021-11-24,9375,2021-11-19,0645,016802,,5,1,9,0100,0,2,4,,1,010,"GRANT AVE","NIELSON AVE",420.00,E,N,B,-,N,,,,,,,,,,N,2,0,1,2,A,-,08,22107,,N,G,B,F,A,H,-,C,D,0,Y,,,,Y,,D,22,1,0,0,0,1,0,0,0,0,"- ","- ",32.678951263427734,-122.13889312744141,ALAMEDA,UNINCORPORATED,-122.13870239257812,37.678867340087891
91634899,2021,2021-11-25,9370,2021-11-21,0515,020718,,7,3,7,0109,0,1,1,,2,054,"I-580 W/B","GRAND AVE",30.00,E,N,A,-,Y,,,580,,,,,,W,Y,2,0,2,2,A,-,01,23152,A,N,E,I,A,A,H,-,D,D,0,,,,,Y,Y,A,01,1,1,0,0,0,0,0,0,0,"- ","- ",37.810379028320312,-122.24830627441406,ALAMEDA,OAKLAND,-122.24831390380859,37.810379028320312
91638041,2021,2021-11-30,9390,2021-11-25,1919,020206,,4,2,9,0100,0,1,1,,2,054,"I-580 E/B","STONE CUT",3740.00,W,N,A,-,Y,,,580,,,,,,E,Y,2,0,1,1,A,-,01,23152,A,N,E,I,A,A,H,-,D,D,0,,,,,Y,Y,A,07,1,0,0,0,0,0,0,0,0,"- ","- ",37.725940704345703,-121.63992309570312,ALAMEDA,UNINCORPORATED,-121.63986968994141,37.725776672363281
91646125,2021,2021-12-08,9345,2021-07-30,0233,022352,,5,3,6,0106,0,1,1,,2,073,"INTERSTATE 880 SOUTHBOUND (NIMITZ FREEWAY)","WINTON AVENUE",1261.00,N,N,A,-,Y,,,880,,,,,,S,Y,1,1,0,3,A,-,03,22350,,F,G,1,E,A,H,-,C,D,0,Y,,,,Y,,A,01,0,0,0,1,0,0,0,0,0,"- ","- ",37.659660339355469,-122.10363006591797,ALAMEDA,HAYWARD,-122.10368347167969,37.659626007080078
91648256,2021,2021-12-09,9370,2021-12-02,1715,020864,,4,2,7,0109,0,1,1,,2,176,"I-880 S/B","HIGH ST",1432.00,S,N,A,-,Y,,,880,,,,,,S,Y,2,0,3,3,A,-,03,22350,,N,C,C,A,A,H,-,D,D,0,,,,,Y,,A,01,1,2,0,0,0,0,0,0,0,"- ","- ",37.766929626464844,-122.21965789794922,ALAMEDA,OAKLAND,-122.21949005126953,37.767051696777344
91655449,2021,2021-12-20,9375,2021-12-15,1455,022163,,3,2,9,0100,0,2,4,,1,045,"CULL CANYON RD","HEYER AVE",23.00,N,N,B,C,N,,,,,,,,,,Y,2,0,2,2,A,-,08,22107,,N,D,C,A,B,H,-,A,A,0,,,,,Y,,A,01,1,0,1,0,0,0,0,0,0,"- ","- ",37.705898284912109,-122.05431365966797,ALAMEDA,UNINCORPORATED,-122.05498504638672,37.703853607177734
91660240,2021,2021-12-23,9370,2021-11-20,2500,019091,,6,4,7,0109,0,1,1,,2,176,"I-880 S/B TO HEGENBERGER ROAD","HEGENBERGER ROAD",1026.00,N,N,A,-,Y,,,880,,,,R,,S,N,1,1,0,2,A,-,11,21954,A,F,G,B,E,A,H,-,C,D,0,Y,,,,Y,,-,99,0,0,0,1,0,0,0,0,0,"- ","- ",37.742839813232422,-122.19873046875,ALAMEDA,OAKLAND,-122.19873046875,37.742839813232422
91667281,2021,2021-12-31,9345,2021-12-23,0900,022366,,4,1,6,0105,0,1,1,,2,071,"I-880 N/B TO THORNTON AVENUE","THRONTON AVENUE",240.00,S,N,B,C,Y,,,880,,,,R,,N,Y,2,0,1,2,A,-,01,23152,A,M,E,I,A,B,H,-,A,D,0,,,,,Y,Y,A,01,1,0,0,0,0,0,0,0,0,"- ","- ",37.547080993652344,-122.02140808105469,ALAMEDA,FREMONT,-122.02140808105469,37.547080993652344
91668690,2021,2022-01-03,9390,2021-12-13,2225,019863,,1,3,5,0111,0,1,1,,2,051,"I-580 WESTBOUND","SANTA RITA RD",100.00,W,N,B,C,Y,,,580,,,,,,W,Y,2,0,1,1,A,-,08,22107,,N,E,I,A,B,H,-,D,D,0,,,,,Y,,A,01,1,0,0,0,0,0,0,0,0,"- ","- ",37.701141357421875,-121.87359619140625,ALAMEDA,PLEASANTON,-121.87359619140625,37.701602935791016
91669941,2021,2022-01-04,9370,2021-12-21,1145,019091,,2,1,7,0109,0,1,1,,2,178,"I-880 N/B","7TH STREET",2112.00,N,N,A,-,Y,,,880,,,,,,N,Y,2,0,2,2,A,-,08,22107,,N,D,C,A,A,H,-,A,D,0,,,,,Y,,A,08,2,0,0,0,0,0,0,0,0,"- ","- ",37.813209533691406,-122.30216979980469,ALAMEDA,OAKLAND,-122.30216217041016,37.813198089599609
91680562,2022,2022-01-19,9375,2022-01-11,0425,020568,,2,3,9,0100,0,1,1,,2,581,"I-580 E/B","STROBRIDGE AVENUE",335.00,E,N,A,-,Y,ALA,,580,,,30.272,H,,L,Y,2,0,2,3,C,-,18,,,N,D,C,E,A,H,-,D,D,0,Y,,,Y,Y,Y,-,"- ",2,0,0,0,1,0,0,0,0,"- ","- ",37.690410614013672,-122.08714294433594,ALAMEDA,UNINCORPORATED,-122.08714294433594,37.690509796142578
91688421,2022,2022-01-28,9375,2022-01-26,0845,015147,,3,1,9,0100,0,3,5,,2,001,"WORTHLEY DR.","BAUMANN AVE.",400.00,S,N,A,-,N,,,,,,,,,,N,2,0,1,2,A,-,21,22106,,N,E,J,A,A,H,-,A,D,0,,,,Y,Y,,G,25,1,0,0,0,0,0,0,0,0,"- ","- ",37.668209075927734,-122.15071105957031,ALAMEDA,UNINCORPORATED,-122.15068054199219,37.668220520019531
91696745,2022,2022-02-09,9375,2022-01-30,1520,022530,,7,2,9,0100,0,3,5,,2,004,"REDWOOD RD","SKYLINE BLVD",2640.00,S,N,A,-,N,,,,,,,,,,Y,2,0,1,1,A,-,08,22107,,N,F,J,A,B,H,-,A,D,0,,,Y,,Y,,C,02,1,0,0,0,0,0,0,0,1,"- ","- ",37.806419372558594,-122.16797637939453,ALAMEDA,UNINCORPORATED,-122.17542266845703,37.795951843261719
91703227,2022,2022-02-17,9375,2022-02-05,2100,022213,,6,2,9,0100,0,1,1,,2,581,"I-580 W/B","GROVE WAY",600.00,W,N,A,-,Y,,,,,,,,,,N,2,0,3,2,A,-,01,23152,A,N,C,C,A,A,H,-,C,D,0,,,,,Y,Y,A,01,1,0,2,0,0,0,0,0,0,"- ","- ",37.693538665771484,-122.07222747802734,ALAMEDA,UNINCORPORATED,-122.05899047851562,37.693794250488281
91703286,2022,2022-02-17,9370,2022-02-10,2240,021573,,4,3,7,0109,0,1,1,,2,098,"I-980 E/B","23RD STREET",155.00,E,N,A,-,Y,,,,,,,,,,Y,2,0,1,1,A,-,01,23152,F,N,E,8,A,A,H,-,C,D,0,,,,,Y,,A,01,1,0,0,0,0,0,0,0,0,"- ","- ",37.484889984130859,-122.16187286376953,ALAMEDA,OAKLAND,-122.27198028564453,37.813556671142578
91705023,2022,2022-02-21,9345,2022-02-13,0025,022563,,7,3,6,0106,0,1,1,,2,072,"I-880 SOUTHBOUND","WHIPPLE ROAD",200.00,N,N,A,-,Y,ALA,,880,,,13.695,H,,L,N,2,0,1,2,A,-,03,22350,,N,C,2,A,A,H,-,C,D,0,,,Y,,Y,,C,02,1,0,0,0,0,0,0,0,1,"- ","- ",37.606861114501953,-122.0670166015625,ALAMEDA,HAYWARD,-122.06691741943359,37.606906890869141
91718916,2022,2022-03-09,9375,2022-02-25,1615,022163,,5,2,9,0100,0,2,4,,1,042,"REDWOOD RD","GROVE WAY",277.00,N,N,A,-,N,,,,,,,,,,N,2,0,1,2,A,-,11,21954,A,N,G,B,D,A,H,-,A,A,0,Y,,,,Y,,N,60,1,0,0,0,1,0,0,0,0,"- ","- ",37.685009002685547,-122.0736083984375,ALAMEDA,UNINCORPORATED,-122.07354736328125,37.684982299804688
91722882,2022,2022-03-15,9370,2022-03-06,0455,022818,,7,3,7,0109,0,1,1,,2,177,"I-880 N/B","16TH AVE",1660.00,N,N,A,-,Y,ALA,,880,,,29.923,H,,R,N,2,0,2,1,A,-,08,22107,,F,E,I,A,A,H,-,C,D,0,,,,,Y,,A,01,1,0,1,0,0,0,0,0,0,"- ","- ",37.787490844726562,-122.24848937988281,ALAMEDA,OAKLAND,-122.24837493896484,37.787689208984375
91726510,2022,2022-03-18,9375,2022-03-10,0910,018844,,4,1,9,0100,0,2,4,,1,040,"GROVE WAY","REDWOOD ROAD",558.00,E,N,A,-,N,,,,,,,,,,N,2,0,1,2,A,-,03,22350,,N,G,B,D,A,H,-,A,D,0,Y,,,,Y,,D,22,1,0,0,0,1,0,0,0,0,"- ","- ",37.693508148193359,-122.07235717773438,ALAMEDA,UNINCORPORATED,-122.07189178466797,37.685039520263672
91726798,2022,2022-03-18,9345,2022-03-13,0545,022094,,7,3,6,0105,0,1,1,,2,070,"I-880 SOUTHBOUND (NIMITZ FREEWAY)","AUTO MALL PARKWAY",3168.00,S,N,A,-,Y,ALA,,880,,,4.114,H,,L,Y,2,0,1,2,A,-,03,22350,,N,C,2,A,A,H,-,D,D,0,,,,,Y,,A,07,1,0,0,0,0,0,0,0,0,"- ","- ",37.501171112060547,-121.95980072021484,ALAMEDA,FREMONT,-121.95983123779297,37.501144409179688
91727916,2022,2022-04-19,9375,2022-03-14,1200,022229,,1,1,9,0100,0,2,4,,2,032,"SOMERSET AVENUE","SANTA MARIA AVENUE",5.00,E,N,A,-,N,,,,,,,,,,N,2,0,1,2,A,-,10,21950,A,N,G,B,B,A,H,-,A,D,0,Y,,,,Y,,A,07,1,0,0,0,1,0,0,0,0,"- ","- ",37.701778411865234,-122.07845306396484,ALAMEDA,UNINCORPORATED,-122.07850646972656,37.701801300048828
91728226,2022,2022-03-21,9390,2022-03-13,1250,020395,,7,1,9,0100,0,1,1,,2,050,"INTERSTATE 580 (EASTBOUND)","GREENVILLE ROAD",1584.00,E,N,A,-,Y,ALA,,580,,R,7.964,H,,L,Y,2,0,1,1,A,-,01,23152,A,N,F,C,A,A,H,-,A,D,0,,,,,Y,Y,A,07,1,0,0,0,0,0,0,0,0,"- ","- ",37.718841552734375,-121.69483947753906,ALAMEDA,UNINCORPORATED,-121.69486999511719,37.718921661376953
91741072,2022,2022-04-05,9375,2022-03-24,1105,022773,,4,1,9,0100,0,2,4,,1,045,"CROW CANYON RD","CROW CREEK RD",30.00,N,N,A,-,N,,,,,,,,,,Y,2,0,2,2,A,-,03,22350,,N,C,C,A,A,H,-,A,A,0,,,,,Y,,A,07,1,0,1,0,0,0,0,0,0,"- ","- ",37.702930450439453,-122.05023193359375,ALAMEDA,UNINCORPORATED,-122.05054473876953,37.702854156494141
91742927,2022,2022-04-07,9375,2022-03-25,1920,022470,,5,2,9,0100,0,2,4,,1,048,"PALOMARES ROAD","PALO LANE",6336.00,S,N,A,-,N,,,,,,,,,,N,2,0,2,3,A,-,05,21460,A,N,E,I,A,A,H,-,B,D,0,,,Y,,Y,,A,07,1,1,0,0,0,0,0,0,2,"- ","- ",37.664089202880859,-121.99418640136719,ALAMEDA,UNINCORPORATED,,
91743449,2021,2023-03-03,9390,2021-08-27,2305,021850,,5,3,9,0100,0,2,4,,2,440,"DEL VALLE ROAD (11700 BLOCK)","MINES ROAD",2640.00,S,N,A,-,N,,,,,,,,,,Y,1,1,5,1,A,-,03,22350,,N,E,I,A,A,H,-,D,D,0,,,,,Y,,D,22,3,2,0,0,0,0,0,0,0,"- ","- ",37.613430023193359,-121.69966888427734,ALAMEDA,UNINCORPORATED,-121.70016479492188,37.615345001220703
91750890,2022,2022-04-19,9375,2022-02-25,1315,021939,,5,1,5,0112,0,1,1,,2,580,"I-580 EASTBOUND","GRAND AVENUE OVER-CROSSING",320.00,W,N,A,-,Y,ALA,,580,,R,34.031,H,,L,Y,1,1,1,4,A,-,03,22350,,N,F,A,A,A,H,-,A,D,0,,,Y,,Y,,C,02,1,0,0,0,0,0,0,1,1,"- ","- ",37.723270416259766,-122.13675689697266,ALAMEDA,"SAN LEANDRO",-122.13667297363281,37.723308563232422
91756946,2022,2022-04-26,9330,2022-02-14,1809,020646,,1,2,6,0106,0,1,3,,2,031,"SR-92 E/B","CLAWITTER RD",4224.00,W,N,B,-,Y,,,,,,,,,,Y,2,0,1,5,A,-,08,22107,,N,C,C,A,A,H,-,C,D,0,,,,Y,Y,,F,26,1,0,0,0,0,0,0,0,0,"- ","- ",37.623329162597656,-121.13516998291016,ALAMEDA,HAYWARD,-122.13433837890625,37.623649597167969
91760849,2022,2022-04-29,9390,2022-04-22,2105,021947,,5,2,9,0100,0,1,1,,2,050,"I-580 EASTBOUND","FOOTHILL ROAD",5808.00,W,N,A,-,Y,ALA,,580,,R,22.566,H,,L,Y,2,0,4,2,A,-,03,22350,,N,D,2,A,A,H,-,D,D,0,,,,,Y,,A,01,1,1,2,0,0,0,0,0,0,"- ","- ",37.698249816894531,-121.95587158203125,ALAMEDA,UNINCORPORATED,-121.95587158203125,37.698299407958984
91762976,2022,2022-05-03,9335,2022-04-17,2205,022486,,7,3,7,0109,0,1,1,,1,082,"I-80 W/B","SFOBB TOLL PLAZA METERING LIGHTS",44.00,E,N,A,-,Y,ALA,,80,,,1.802,H,,L,Y,2,0,1,2,A,-,01,23152,A,N,C,C,A,A,H,-,C,D,0,,,,,Y,Y,A,01,1,0,0,0,0,0,0,0,0,"- ","- ",37.82421875,-122.31722259521484,ALAMEDA,OAKLAND,-122.31720733642578,37.824176788330078
91767958,2022,2022-05-09,9375,2022-04-30,1213,022029,,6,1,9,0100,0,3,5,,2,004,"OMEGA AVE","FOREST AVE",84.00,E,N,A,-,N,,,,,,,,,,Y,2,0,1,6,C,-,18,,,N,B,C,A,A,H,-,A,D,0,,,,,Y,,-,"- ",1,0,0,0,0,0,0,0,0,"- ","- ",37.699089050292969,-122.06865692138672,ALAMEDA,UNINCORPORATED,-122.06871032714844,37.699092864990234
91770533,2022,2022-05-12,9390,2022-05-07,2310,021947,,6,3,4,0198,0,1,1,,2,067,"I-680 SOUTHBOUND TO I-580 WESTBOUND",I-580,75.00,N,N,A,-,Y,ALA,,580,,,20.824,H,,R,Y,2,0,1,1,A,-,01,23152,A,N,E,J,A,A,H,-,C,D,0,,,,,Y,Y,A,01,1,0,0,0,0,0,0,0,0,"- ","- ",37.700958251953125,-121.92471313476562,ALAMEDA,DUBLIN,-121.92462158203125,37.700706481933594
91771622,2022,2022-05-13,9345,2022-05-06,2205,022236,,5,3,5,0113,0,1,1,,2,072,"I-880 S/B","ALVARADO BLVD",0.70,N,N,A,-,Y,ALA,,880,,,12.265,H,,L,Y,2,0,2,2,A,-,03,22350,,N,C,C,A,A,H,-,C,D,0,,,,,Y,,A,01,1,0,1,0,0,0,0,0,0,"- ","- ",37.588829040527344,-122.05403900146484,ALAMEDA,"UNION CITY",-122.05402374267578,37.588836669921875
91771746,2021,2022-05-13,9390,2021-02-14,0444,022035,,7,3,9,0100,0,1,1,,2,050,"INTERSTATE 580 WESTBOUND","SAN RAMON ROAD",6917.00,W,N,A,-,Y,,,580,,,,,,W,Y,1,1,1,1,A,-,01,23152,G,F,E,I,A,A,H,-,D,D,0,,,,,Y,Y,A,01,0,1,0,0,0,0,0,0,0,"- ","- ",37.698410034179688,-121.95968627929688,ALAMEDA,UNINCORPORATED,-121.95967864990234,37.6983642578125
91779326,2022,2022-06-21,9375,2022-03-26,2220,022530,,6,3,9,0100,0,1,1,,2,581,"INTERSTATE 580 WESTBOUND","CASTRO VALLEY BOULEVARD",799.50,W,N,A,-,Y,ALA,,580,,R,30.734,H,,R,Y,1,1,3,1,A,-,01,23152,A,F,E,I,A,A,H,-,C,D,0,,,,,Y,Y,A,01,3,0,0,0,0,0,0,0,0,"- ","- ",37.690650939941406,-122.09577178955078,ALAMEDA,UNINCORPORATED,-122.09577178955078,37.690723419189453
91798179,2022,2022-06-20,9375,2022-06-08,1020,022773,,3,1,9,0100,0,1,1,,2,581,"I-580 W/B","FIVE CANYONS PARKWAY",1015.00,W,N,A,-,Y,ALA,,580,,R,27.773,H,,L,Y,2,0,1,1,A,-,08,22107,,N,F,A,A,A,A,-,A,D,0,,,Y,,Y,,-,"- ",1,0,0,0,0,0,0,0,1,"- ","- ",37.69512939453125,-122.0460205078125,ALAMEDA,UNINCORPORATED,-122.04582214355469,37.694915771484375
91799650,2022,2022-06-21,9345,2022-06-12,1855,022705,,7,2,5,0112,0,1,1,,2,075,"I-880 NORTHBOUND (NIMITZ FREEWAY)","MARINA BOULEVARD",1056.00,S,N,B,-,Y,ALA,,880,,,22.625,H,,R,Y,2,0,6,2,A,-,07,21658,A,N,D,C,A,A,H,-,A,D,0,,,,,Y,Y,A,01,2,1,3,0,0,0,0,0,0,"- ","- ",37.708560943603516,-122.1636962890625,ALAMEDA,"SAN LEANDRO",-122.16363525390625,37.7086181640625
91801660,2022,2022-06-23,9345,2022-06-22,2155,022662,,3,2,6,0105,0,1,1,,2,071,"I-880 NORTHBOUND (NIMITZ FREEWAY)","ALVARADO BOULEVARD",1320.00,S,N,A,-,Y,ALA,,880,,,11.161,H,,R,Y,2,0,1,3,A,-,01,23152,A,N,C,C,A,A,H,-,C,D,0,,,,,Y,Y,A,01,1,0,0,0,0,0,0,0,0,"- ","- ",37.574649810791016,-122.0467529296875,ALAMEDA,FREMONT,-122.0467529296875,37.574649810791016
91808968,2022,2022-07-01,9370,2022-06-07,1858,019059,,2,2,7,0109,0,1,1,,2,176,"I-880 S/B","98TH AVENUE",2312.00,S,N,A,-,Y,ALA,,880,,,24.443,H,,L,N,2,0,1,1,A,-,03,22350,,N,E,J,A,A,H,-,A,D,0,,,Y,,Y,,C,02,1,0,0,0,0,0,0,0,1,"- ","- ",37.728168487548828,-122.18572998046875,ALAMEDA,OAKLAND,-122.18563079833984,37.728225708007812
91811250,2022,2022-07-06,9375,2022-06-26,2005,022638,,7,2,9,0100,0,1,3,,1,185,"SR-185 (E. 14TH ST.)","164TH AVE.",172.00,N,N,A,-,Y,,,,,,,,,,N,2,0,1,2,A,-,11,21954,A,N,G,B,D,A,H,-,B,D,0,Y,,,,Y,,N,60,1,0,0,0,1,0,0,0,0,"- ","- ",37.695171356201172,-122.11421203613281,ALAMEDA,UNINCORPORATED,-122.11423492431641,37.695133209228516
91812669,2021,2022-07-08,9370,2021-09-12,0141,021997,,7,3,6,0103,0,1,1,,2,081,"I-80 E/B","ASHBY AVENUE OVERCROSSING",3637.00,E,N,A,-,Y,,,80,,,,,,E,Y,1,2,2,7,C,-,18,,,N,G,B,E,A,H,-,D,D,0,Y,,,,Y,,-,"- ",0,1,1,2,1,0,0,0,0,"- ","- ",37.858848571777344,-122.30149078369141,ALAMEDA,BERKELEY,-122.30142211914062,37.858867645263672
91813111,2022,2022-07-08,9390,2022-06-15,1655,020206,,3,2,9,0100,0,2,4,,2,441,"TESLA ROAD","MM 9.53",7.00,E,N,A,-,N,,,,,,,,,,N,1,1,0,1,A,-,08,22107,,N,F,A,A,A,H,-,A,D,0,,,Y,,Y,,C,02,0,0,0,0,0,0,0,1,0,"- ","- ",37.646560668945312,-121.59870147705078,ALAMEDA,UNINCORPORATED,,
91813347,2022,2022-07-08,9370,2022-05-01,2005,022358,,7,2,7,0109,0,1,3,,2,013,"SR-13 S/B","PARK BLVD.",1515.00,S,N,A,-,Y,ALA,,13,,,7.103,H,,L,Y,1,1,0,1,A,-,08,22107,,N,E,I,A,A,H,-,B,D,0,,,,,Y,,A,01,0,0,0,0,0,0,0,0,0,"- ","- ",37.817970275878906,-122.20451354980469,ALAMEDA,OAKLAND,-122.20443725585938,37.818008422851562
91814914,2022,2022-07-12,9370,2022-03-15,1305,021281,,2,1,7,0109,0,1,1,,2,053,"I-580 E/B","14TH AVENUE",3.00,W,N,A,-,Y,,,,,,,,,,Y,1,1,0,2,A,-,03,22350,,N,C,E,A,A,H,-,A,D,0,,,Y,,Y,,C,02,0,0,0,0,0,0,0,1,0,"- ","- ",37.482341766357422,-122.13363647460938,ALAMEDA,OAKLAND,-122.22721099853516,37.800449371337891
91815519,2022,2022-07-12,9370,2022-02-14,2152,022358,,1,2,7,0109,0,1,1,,2,053,"I-580 W/B","PARK BLVD",246.00,E,N,A,-,Y,ALA,,580,,,42.624,H,,L,Y,1,1,0,4,A,-,11,21954,A,N,G,B,E,A,H,-,D,D,0,Y,,,,Y,,N,60,0,0,0,1,0,0,0,0,0,"- ","- ",37.803749084472656,-122.23265838623047,ALAMEDA,OAKLAND,-122.23279571533203,37.803646087646484
91823908,2022,2022-07-25,9345,2022-06-11,1940,022259,,6,2,6,0105,0,1,1,,2,070,"I-880 NORTHBOUND (NIMITZ FREEWAY)","AUTO MALL PARKWAY",450.00,N,N,A,-,Y,ALA,,880,,,4.812,H,,R,N,2,0,1,2,A,-,07,21658,A,F,B,C,A,A,H,-,B,D,0,,,Y,,Y,,-,99,1,0,0,0,0,0,0,0,1,"- ","- ",37.508430480957031,-121.96859741210938,ALAMEDA,FREMONT,-121.96854400634766,37.508472442626953