CASE_ID,ACCIDENT_YEAR,PROC_DATE,JURIS,COLLISION_DATE,COLLISION_TIME,OFFICER_ID,REPORTING_DISTRICT,DAY_OF_WEEK,CHP_SHIFT,POPULATION,CNTY_CITY_LOC,SPECIAL_COND,BEAT_TYPE,CHP_BEAT_TYPE,CITY_DIVISION_LAPD,CHP_BEAT_CLASS,BEAT_NUMBER,PRIMARY_RD,SECONDARY_RD,DISTANCE,DIRECTION,INTERSECTION,WEATHER_1,WEATHER_2,STATE_HWY_IND,CALTRANS_COUNTY,CALTRANS_DISTRICT,STATE_ROUTE,ROUTE_SUFFIX,POSTMILE_PREFIX,POSTMILE,LOCATION_TYPE,RAMP_INTERSECTION,SIDE_OF_HWY,TOW_AWAY,COLLISION_SEVERITY,NUMBER_KILLED,NUMBER_INJURED,PARTY_COUNT,PRIMARY_COLL_FACTOR,PCF_CODE_OF_VIOL,PCF_VIOL_CATEGORY,PCF_VIOLATION,PCF_VIOL_SUBSECTION,HIT_AND_RUN,TYPE_OF_COLLISION,MVIW,PED_ACTION,ROAD_SURFACE,ROAD_COND_1,ROAD_COND_2,LIGHTING,CONTROL_DEVICE,CHP_ROAD_TYPE,PEDESTRIAN_ACCIDENT,BICYCLE_ACCIDENT,MOTORCYCLE_ACCIDENT,TRUCK_ACCIDENT,NOT_PRIVATE_PROPERTY,ALCOHOL_INVOLVED,STWD_VEHTYPE_AT_FAULT,CHP_VEHTYPE_AT_FAULT,COUNT_SEVERE_INJ,COUNT_VISIBLE_INJ,COUNT_COMPLAINT_PAIN,COUNT_PED_KILLED,COUNT_PED_INJURED,COUNT_BICYCLIST_KILLED,COUNT_BICYCLIST_INJURED,COUNT_MC_KILLED,COUNT_MC_INJURED,PRIMARY_RAMP,SECONDARY_RAMP,LATITUDE,LONGITUDE,COUNTY,CITY,POINT_X,POINT_Y
9182454,2020,2020-11-18,0109,2020-08-13,2254,9851,2,4,5,7,0109,0,0,0,,0,23X,"FOOTHILL BL","38TH AV",25.00,E,N,A,-,N,,,,,,,,,,N,2,0,3,1,A,-,08,22107,,N,E,I,A,A,H,-,C,A,0,,,,,Y,,A,01,1,1,1,0,0,0,0,0,0,"- ","- ",,,ALAMEDA,OAKLAND,-122.21664428710938,37.778968811035156
9183114,2019,2021-02-09,0109,2019-01-02,1220,8137,2,3,5,7,0109,0,0,0,,0,23X,"35TH AV","E 12TH ST",297.00,S,N,A,-,N,,,,,,,,,,N,2,0,1,2,A,-,09,21804,A,F,H,G,A,A,H,-,A,D,0,,Y,,,Y,,L,04,1,0,0,0,0,0,1,0,0,"- ","- ",,,ALAMEDA,OAKLAND,-122.22360992431641,37.774890899658203
91831175,2021,2022-08-02,9345,2021-11-28,0252,022563,,7,3,6,0106,0,1,1,,2,072,"I-880 SOUTHBOUND (NIMITZ FREEWAY)","INDUSTRIAL PARKWAY",1223.00,S,N,A,-,Y,,,880,,,,,,S,N,1,2,2,4,A,-,03,22350,,N,G,B,E,A,H,-,D,D,0,Y,,,,Y,,A,08,0,1,1,1,0,0,0,0,0,"- ","- ",37.61444091796875,-122.07225036621094,ALAMEDA,HAYWARD,-122.07234191894531,37.614372253417969
91840497,2022,2022-08-15,9375,2022-08-11,0630,018844,,4,1,9,0100,0,1,1,,2,581,"I-580 EASTBOUND","LAKE CHABOT PEDESTRIAN OVER-CROSSING",154.00,E,N,A,-,Y,ALA,,580,,R,29.872,H,,L,Y,2,0,1,1,A,-,08,22107,,N,E,I,A,A,H,-,A,D,0,,,,,Y,,A,01,1,0,0,0,0,0,0,0,0,"- ","- ",37.690410614013672,-122.08247375488281,ALAMEDA,UNINCORPORATED,-122.08247375488281,37.690525054931641
91841116,2022,2022-08-16,9375,2022-08-06,1549,022579,,6,2,9,0100,0,2,4,,1,020,"HESPERIAN BLVD.","LEWELLING BLVD.",0.00,,Y,A,-,N,,,,,,,,,,N,2,0,2,3,A,-,12,21453,A,N,D,C,A,A,H,-,A,A,0,,,Y,,Y,,A,01,1,0,1,0,0,0,0,0,1,"- ","- ",37.686611175537109,-122.12992095947266,ALAMEDA,UNINCORPORATED,-122.13011932373047,37.686679840087891
91843136,2022,2022-09-12,9370,2022-08-10,0530,022980,,3,3,7,0109,0,1,1,,2,008,"I-80 WESTBOUND","SFOBB TOLL PLAZA",245.00,E,N,A,-,Y,ALA,,80,,,2.042,H,,L,Y,2,0,2,3,A,-,07,21658,A,N,D,2,A,A,H,-,C,D,0,,,,,Y,,A,01,1,1,0,0,0,0,0,0,0,"- ","- ",37.8248291015625,-122.31289672851562,ALAMEDA,OAKLAND,-122.31291961669922,37.824977874755859
91856932,2021,2022-09-05,9370,2021-10-30,0152,021803,,6,3,7,0109,0,1,1,,2,052,"I-580 W/B","OAK KNOLL BLVD",432.00,W,N,B,-,Y,,,580,,,,,,W,Y,1,1,0,1,A,-,01,23152,A,N,E,I,A,A,H,-,C,D,0,,,,,Y,Y,A,01,0,0,0,0,0,0,0,0,0,"- ","- ",37.759391784667969,-122.14772796630859,ALAMEDA,OAKLAND,-122.14781188964844,37.759376525878906
91856982,2022,2022-09-05,9370,2022-08-24,1430,022199,,3,2,7,0109,0,1,S,,2,904,"I-580 W/B",SR-13,80.00,W,N,A,-,Y,ALA,,580,,R,39.264,H,,R,Y,2,0,1,1,A,-,08,22107,,N,E,I,A,A,H,-,A,D,0,,,,,Y,,A,01,1,0,0,0,0,0,0,0,0,"- ","- ",37.784011840820312,-122.1788330078125,ALAMEDA,OAKLAND,-122.17885589599609,37.783916473388672
91862432,2022,2022-09-12,9345,2022-09-01,2055,022996,,4,2,5,0112,0,1,1,,2,075,"I-880 SOUTHBOUND","DAVIS STREET",2640.00,N,N,A,-,Y,ALA,,880,,,24.239,H,,L,N,2,0,1,1,A,-,01,23152,A,N,F,A,A,A,H,-,C,D,0,,,Y,,Y,Y,C,02,1,0,0,0,0,0,0,0,1,"- ","- ",37.725818634033203,-122.18359375,ALAMEDA,"SAN LEANDRO",-122.18354797363281,37.725841522216797
91876999,2022,2022-10-25,9345,2022-09-23,1400,022934,,5,2,6,0105,0,1,3,,1,184,"SR-84 N/B","I-880 S/B",1584.00,N,N,A,-,Y,ALA,,84,,R,5.749,H,,R,Y,2,0,2,3,A,-,03,22350,,N,C,C,A,A,H,-,A,D,0,,,,Y,Y,,G,27,1,0,1,0,0,0,0,0,0,"- ","- ",37.560199737548828,-122.04100036621094,ALAMEDA,FREMONT,-122.04106140136719,37.560230255126953
91879219,2022,2022-09-30,9375,2022-09-22,1440,022579,,4,2,9,0100,0,3,5,,2,004,"REDWOOD RD.","MILLER RD.",132.00,N,N,A,-,N,,,,,,,,,,N,2,0,1,1,A,-,08,22107,,N,E,I,A,A,H,-,A,D,0,,,Y,,Y,,C,02,1,0,0,0,0,0,0,0,1,"- ","- ",37.738121032714844,-122.075927734375,ALAMEDA,UNINCORPORATED,-122.07591247558594,37.738059997558594
9188148,2020,2020-12-07,0111,2020-09-20,1247,304,,7,5,5,0111,0,0,0,,0,002,"HOPYARD RD",CLOROX,56.00,S,N,A,-,N,,,,,,,,,,Y,2,0,2,2,A,-,03,22350,,N,C,C,A,A,H,-,A,A,0,,,,,Y,,A,01,1,1,0,0,0,0,0,0,0,"- ","- ",,,ALAMEDA,PLEASANTON,-121.90375518798828,37.694057464599609
91886468,2022,2022-10-10,9375,2022-10-06,0800,023018,,4,1,9,0100,0,3,5,,2,004,"EDWIN MARKHAM DRIVE","BOWIE WAY",0.00,,Y,A,-,N,,,,,,,,,,N,2,0,1,2,A,-,12,22450,A,M,H,G,A,A,H,-,A,D,0,,Y,,,Y,,L,04,1,0,0,0,0,0,1,0,0,"- ","- ",37.693359375,-122.07243347167969,ALAMEDA,UNINCORPORATED,-122.03131103515625,37.714977264404297
91892512,2022,2022-10-18,9375,2022-10-13,1530,022029,,4,2,9,0100,0,2,4,,2,044,"FAIRVIEW AVE","HANSEN RD",478.00,S,N,A,-,N,,,,,,,,,,Y,2,0,4,2,A,-,01,23152,A,N,A,C,A,A,H,-,A,D,0,,,,,Y,Y,A,01,3,1,0,0,0,0,0,0,0,"- ","- ",37.675891876220703,-122.04818725585938,ALAMEDA,UNINCORPORATED,-122.04910278320312,37.677120208740234
91894237,2022,2022-10-19,9345,2022-10-08,1805,023046,,6,2,6,0105,0,1,1,,2,070,"I-880 SOUTHBOUND","AUTO MALL PKY",400.00,N,N,A,-,Y,ALA,,880,,,4.983,H,,L,N,2,0,1,2,A,-,07,21658,A,M,B,C,A,A,H,-,A,D,0,,,Y,,Y,,A,08,1,0,0,0,0,0,0,0,1,"- ","- ",37.510158538818359,-121.97100067138672,ALAMEDA,FREMONT,-121.97109222412109,37.510089874267578
91894693,2022,2022-10-20,9370,2022-08-24,0329,021573,,3,3,7,0109,0,1,3,,2,013,"SR-13 S/B","REDWOOD ROAD",1740.00,N,N,B,-,Y,ALA,,13,,,5.738,H,,L,Y,1,2,0,1,A,-,03,22350,,N,E,8,A,A,H,-,D,D,0,,,,,Y,,A,01,0,0,0,0,0,0,0,0,0,"- ","- ",37.802268981933594,-122.18963623046875,ALAMEDA,OAKLAND,-122.18960571289062,37.802299499511719
91899004,2022,2022-10-25,9370,2022-09-11,0430,022854,,7,3,7,0109,0,1,1,,2,055,"I-580 W/B TO I-80 W/B","MANDELA PARKWAY",1356.00,W,N,A,-,Y,ALA,,580,,,46.603,H,,R,Y,2,0,2,2,A,-,01,23152,A,N,A,C,A,A,H,-,D,D,0,,,,,Y,Y,A,07,2,0,0,0,0,0,0,0,0,"- ","- ",37.828098297119141,-122.29421997070312,ALAMEDA,OAKLAND,-122.29420471191406,37.828044891357422
91905043,2022,2022-10-31,9375,2022-10-23,0155,022579,,7,3,9,0100,0,2,4,,1,012,"HESPERIAN BLVD.","PENNY LN.",160.00,N,N,A,-,N,,,,,,,,,,N,2,0,1,2,A,-,01,23152,A,N,B,C,A,A,H,-,C,D,0,,,Y,,Y,Y,C,02,1,0,0,0,0,0,0,0,1,"- ","- ",37.670478820800781,-122.12104797363281,ALAMEDA,UNINCORPORATED,-122.12094879150391,37.670421600341797
91911514,2022,2022-11-07,9345,2022-10-31,2350,023076,,1,3,5,0112,0,1,1,,2,075,"I-880 N/B TO DAVIS ST","I-880 N/B",102.00,E,N,A,-,Y,,,,,,,,,,N,2,0,1,1,A,-,08,22107,,N,E,I,A,A,H,-,D,D,0,,,,,Y,Y,A,01,1,0,0,0,0,0,0,0,0,"- ","- ",37.718589782714844,-122.17556762695312,ALAMEDA,"SAN LEANDRO",-122.17556762695312,37.718589782714844
91911643,2022,2022-11-07,9375,2022-10-28,1413,022870,,5,2,9,0100,0,2,4,,1,040,"GROVE WAY","CASTRO VALLEY BLVD",240.00,S,N,A,-,N,,,,,,,,,,Y,2,0,2,2,C,-,18,,,M,B,C,A,A,H,-,A,D,0,,,,,Y,,-,"- ",1,0,1,0,0,0,0,0,0,"- ","- ",37.693790435791016,-122.05680847167969,ALAMEDA,UNINCORPORATED,-122.05694580078125,37.69390869140625
91911864,2022,2022-11-08,9370,2022-10-03,1527,022958,,1,2,7,0109,0,1,1,,2,177,"I-880 N/B","5TH AVENUE",455.00,S,N,A,-,Y,ALA,,880,,,30.484,H,,R,Y,2,0,1,1,A,-,01,23152,A,N,E,I,A,A,H,-,A,D,0,,,,,Y,Y,D,22,1,0,0,0,0,0,0,0,0,"- ","- ",37.790180206298828,-122.2581787109375,ALAMEDA,OAKLAND,-122.25822448730469,37.790046691894531
91912383,2022,2022-11-08,9370,2022-04-07,2055,022700,,4,2,7,0109,0,1,1,,2,053,"I-580 W/B","38TH STREET OVERSROSSING",36.00,E,N,A,-,Y,ALA,,580,,R,40.379,H,,L,N,1,1,0,2,D,-,00,,,F,G,B,E,A,H,-,D,D,0,Y,,,,Y,,-,"- ",0,0,0,1,0,0,0,0,0,"- ","- ",37.789268493652344,-122.20020294189453,ALAMEDA,OAKLAND,-122.20040893554688,37.789100646972656
91912724,2022,2022-11-08,9345,2022-10-31,1810,022934,,1,2,9,0100,0,1,1,,2,074,"I-880 S/B","HACIENDA AVE",528.00,S,N,A,-,Y,ALA,,880,,,19.195,H,,L,Y,2,0,1,1,A,-,08,22107,,F,F,A,A,A,H,-,B,D,0,,,Y,,Y,,C,02,1,0,0,0,0,0,0,0,1,"- ","- ",37.675819396972656,-122.11654663085938,ALAMEDA,UNINCORPORATED,-122.11653900146484,37.675830841064453
9191504,2020,2021-01-30,0109,2020-11-08,2106,9582,2,7,5,7,0109,0,0,0,,0,26X,"INTERNATIONAL BL","46TH AV",0.00,,Y,A,-,N,,,,,,,,,,N,2,0,1,2,A,-,11,21954,A,F,G,B,D,A,H,-,C,A,0,Y,,,,Y,,N,60,1,0,0,0,1,0,0,0,0,"- ","- ",,,ALAMEDA,OAKLAND,-122.21163940429688,37.770851135253906
9191851,2020,2021-02-11,0100,2020-11-16,1247,201242,212,1,5,4,0198,0,0,0,,0,,"SHANNON AV","SAN RAMON RD",74.00,W,N,A,-,N,,,,,,,,,,Y,2,0,1,1,C,-,18,,,N,E,I,A,A,H,-,A,A,0,,,,,Y,,-,"- ",1,0,0,0,0,0,0,0,0,"- ","- ",,,ALAMEDA,DUBLIN,-121.93985748291016,37.713802337646484
91920010,2022,2022-11-17,9370,2022-09-21,2140,022838,,3,2,7,0109,0,1,1,,2,053,"I-580 E/B","35TH AVE",105.00,W,N,A,-,Y,ALA,,580,,R,40.675,H,,L,N,2,0,1,1,A,-,01,23152,A,N,E,I,A,A,H,-,E,D,0,,,,,Y,Y,A,07,1,0,0,0,0,0,0,0,0,"- ","- ",37.79241943359375,-122.203857421875,ALAMEDA,OAKLAND,-122.20379638671875,37.792461395263672
91921704,2022,2022-11-18,9320,2022-06-21,1630,020440,,2,2,9,0100,0,2,4,,2,104,"COUNTY ROUTE J4 (BYRON-BETHANY ROAD)","LINDEMANN ROAD",2596.00,N,N,A,-,N,,,,,,,,,,Y,1,2,1,3,A,-,05,21650,,N,A,C,A,A,H,-,A,A,0,,,,,Y,Y,A,01,0,0,1,0,0,0,0,0,0,"- ","- ",37.804641723632812,-121.56622314453125,ALAMEDA,UNINCORPORATED,-121.56613159179688,37.804550170898438
91937450,2022,2022-12-08,9370,2022-02-20,0030,022699,,7,3,7,0109,0,1,1,,2,178,"I-880 N/B","ADELINE ST",400.00,S,N,A,-,Y,ALA,,880,,R,32.368,H,,R,Y,1,1,0,2,A,-,01,23152,G,N,C,2,A,A,H,-,D,D,0,,,Y,,Y,Y,A,01,0,0,0,0,0,0,0,1,0,"- ","- ",37.802989959716797,-122.28765106201172,ALAMEDA,OAKLAND,-122.28765106201172,37.803016662597656
91948360,2022,2022-12-21,9375,2022-12-13,0100,022773,,2,3,9,0100,0,2,4,,1,042,"21170 REDWOOD RD","REDWOOD RD",185.00,E,N,A,-,N,,,,,,,,,,N,2,0,1,1,B,-,22,,,N,G,B,A,A,H,-,C,D,0,,,,,Y,,A,01,1,0,0,0,0,0,0,0,0,"- ","- ",37.691871643066406,-122.07465362548828,ALAMEDA,UNINCORPORATED,,
9195138,2020,2021-01-13,0111,2020-11-13,2242,333,,5,5,5,0111,0,0,0,,0,004,"VALLEY AV","SANTA RITA RD",208.00,W,N,C,-,N,,,,,,,,,,Y,2,0,1,1,A,-,03,22350,,N,E,I,A,B,H,-,C,A,0,,,,,Y,Y,A,01,1,0,0,0,0,0,0,0,0,"- ","- ",,,ALAMEDA,PLEASANTON,-121.87474060058594,37.676723480224609
91955235,2022,2022-12-29,9390,2022-12-20,1610,020657,,2,2,9,0100,0,2,4,,2,220,"DUBLIN CANYON ROAD","EDEN CANYON ROAD",6335.00,E,N,B,-,N,,,,,,,,,,N,2,0,1,2,A,-,08,22107,,N,B,G,A,A,H,-,A,D,0,,Y,,,Y,,A,01,1,0,0,0,0,0,1,0,0,"- ","- ",37.703071594238281,-122.00095367431641,ALAMEDA,UNINCORPORATED,,
91968889,2022,2023-01-16,9370,2022-10-27,1735,022529,,4,2,7,0109,0,1,1,,2,008,"I-80 W/B","I-880 NORTHBOUND TO I-80 WESTBOUND OVERCROSSING",810.00,E,N,A,-,Y,ALA,,80,,,2.621,H,,L,N,2,0,1,2,A,-,03,22350,,M,C,C,A,A,H,-,A,D,0,,,Y,,Y,,C,02,1,0,0,0,0,0,0,0,1,"- ","- ",37.825851440429688,-122.30245208740234,ALAMEDA,OAKLAND,-122.30249786376953,37.826007843017578
91969329,2022,2023-01-17,9370,2022-12-19,1620,022863,,1,2,6,0103,0,1,1,,2,081,"I-80 E/B","UNIVERSITY AVE PEDESTRIAN OVERCROSSING",1225.00,W,N,A,-,Y,ALA,,80,,,5.439,H,,R,N,2,0,1,2,A,-,07,21658,A,F,B,C,A,A,H,-,A,D,0,,,Y,,Y,,-,99,1,0,0,0,0,0,0,0,1,"- ","- ",37.861171722412109,-122.30216217041016,ALAMEDA,BERKELEY,-122.30205535888672,37.861186981201172
91970200,2023,2023-01-17,9345,2023-01-13,"830 ",018844,,5,1,9,0100,0,1,S,,2,581,"I-580 W/B","E. CASTRO VALLEY BLVD.",30.00,E,N,B,C,Y,ALA,,580," ",R,26.945,H,,L,Y,2,0,1,1,A,-,08,22107,,N,E,I,A,A,H,-,A,D,0,,,,,Y,,A,07,1,0,0,0,0,0,0,0,0,"- ","- ",37.702178955078125,-122.03443908691406,ALAMEDA,UNINCORPORATED,-122.03440856933594,37.70196533203125
9197137,2020,2020-12-19,0109,2020-10-23,1640,9094,1,5,5,7,0109,0,0,0,,0,07X,"SAN PABLO AV","32ND ST",3.00,E,N,A,-,N,,,,,,,,,,Y,2,0,1,2,A,-,08,22100,B,F,D,C,A,A,H,-,A,D,0,,,Y,,Y,,A,01,1,0,0,0,0,0,0,0,1,"- ","- ",,,ALAMEDA,OAKLAND,-122.27732849121094,37.822921752929688
91974786,2023,2023-01-23,9345,2023-01-20,2310,022871,,5,3,6,0105,0,1,1,,2,071,"I-880 NORTHBOUND (NIMITZ FREEWAY)","PASEO PADRE PKY",0.00,S,N,A,-,Y,ALA,,880," "," ",10.920,H,,R,Y,2,0,3,1,A,-,01,23152,A,N,E,I,A,A,H,-,C,D,0,,,,,Y,Y,A,01,1,0,2,0,0,0,0,0,0,"- ","- ",37.57073974609375,-122.04532623291016,ALAMEDA,FREMONT,-122.04521179199219,37.570781707763672
91975458,2022,2023-01-24,9390,2022-11-24,1248,022149,,4,1,9,0100,0,2,4,,2,557,"ALTAMONT PASS ROAD (8600 BLOCK)","MM 1.0",172.00,E,N,A,-,N,,,,,,,,,,Y,1,1,3,2,A,-,05,21460,A,N,A,C,A,A,H,-,A,D,0,,,,,Y,,A,01,2,1,0,0,0,0,0,0,0,"- ","- ",37.722709655761719,-121.68788909912109,ALAMEDA,UNINCORPORATED,,
91987224,2023,2023-02-06,9390,2023-01-27,1655,022174,,5,2,9,0100,0,2,4,,2,556,"MOUNTAIN HOUSE ROAD","KELSO ROAD",6864.00,E,N,A,-,N,,,,,,,,,,N,2,0,1,1,A,-,01,23152,A,N,F,I,A,A,H,-,A,A,0,,,,,Y,Y,D,22,1,0,0,0,0,0,0,0,0,"- ","- ",37.776111602783203,-121.57808685302734,ALAMEDA,UNINCORPORATED,-121.57730865478516,37.794769287109375
91998915,2023,2023-02-27,9345,2023-02-12,"131 ",022232,,7,3,6,0106,0,1,1,,2,073,"I-880 S/B","WINTON AVE.",1584.00,N,N,A,-,Y,ALA,,880," "," ",17.992,H,,L,Y,2,0,4,5,A,-,08,22107,,N,B,2,A,A,H,-,C,D,0,,,,Y,Y,Y,A,01,2,0,2,0,0,0,0,0,0,"- ","- ",37.661411285400391,-122.10481262207031,ALAMEDA,HAYWARD,-122.10474395751953,37.661434173583984
92012528,2023,2023-03-08,9345,2023-03-02,"56  ",022771,,4,3,5,0112,0,1,1,,2,074,"I-880 N/B TO WASHINGTON AVE.","WASHINGTON AVE",300.00,S,N,A,-,Y,,,,,,,,,,Y,2,0,4,2,A,-,05,21651,B,N,A,C,A,A,H,-,C,D,0,,,,,Y,,A,07,2,2,0,0,0,0,0,0,0,"- ","- ",37.691158294677734,-122.13783264160156,ALAMEDA,"SAN LEANDRO",-122.13783264160156,37.691158294677734
92029436,2023,2023-03-27,9390,2023-03-18,1616,022273,,6,2,9,0100,0,2,4,,2,222,"PLEASANTON-SUNOL ROAD (BLOCK 11345)","KOOPMAN ROAD",990.00,S,N,B,-,N,,,,,,,,,,Y,2,0,1,1,A,-,08,22107,,N,E,J,A,A,H,-,A,D,0,,,Y,,Y,,C,02,1,0,0,0,0,0,0,0,1,"- ","- ",37.598728179931641,-121.87525939941406,ALAMEDA,UNINCORPORATED,-121.87508392333984,37.598819732666016
92031924,2023,2023-03-29,9370,2023-03-01,2128,022838,,3,2,7,0109,0,1,1,,2,176,"I-880 N/B","29TH AVE",410.00,S,N,A,-,Y,ALA,,880," "," ",28.652,H,,R,N,2,0,1,3,A,-,01,23152,A,N,C,C,A,A,H,-,C,D,0,,,,,Y,Y,A,07,1,0,0,0,0,0,0,0,0,"- ","- ",37.774818420410156,-122.23271179199219,ALAMEDA,OAKLAND,-122.232666015625,37.774894714355469
92032953,2022,2023-03-30,9370,2022-11-09,1600,022989,,3,2,7,0109,0,1,1,,2,052,"I-580 W/B","GOLF LINKS ROAD",745.00,E,N,A,-,Y,ALA,,580,,R,36.109,H,,L,N,1,1,0,2,A,-,08,22107,,N,E,I,A,A,H,-,A,D,0,,,Y,,Y,,C,02,0,0,0,0,0,0,0,1,0,"- ","- ",37.750381469726562,-122.15151214599609,ALAMEDA,OAKLAND,-122.15166473388672,37.750343322753906
92034684,2023,2023-03-31,9345,2023-03-27,2030,022934,,1,2,6,0105,0,1,1,,2,071,"I-880 N/B (NIMITZ FREEWAY)","THORNTON AVE",2640.00,N,N,A,-,Y,ALA,,880," "," ",9.369,H,,R,N,2,0,1,2,A,-,00,21960,A,N,G,B,E,A,H,-,D,D,0,Y,,,,Y,,N,60,1,0,0,0,1,0,0,0,0,"- ","- ",37.553298950195312,-122.02764892578125,ALAMEDA,FREMONT,-122.02760314941406,37.553321838378906
92037619,2023,2023-04-05,9345,2023-03-30,1005,015147,,4,1,9,0100,0,2,S,,2,185,"SR 185 (MISSION BLVD.)","ROSE ST.",0.00,,Y,A,-,N,,,,,,,,,,N,2,0,2,2,A,-,03,22350,,N,C,C,A,A,D,-,A,D,0,,,,,Y,,A,01,1,1,0,0,0,0,0,0,0,"- ","- ",37.679080963134766,-122.09229278564453,ALAMEDA,UNINCORPORATED,-122.09226226806641,37.678932189941406
9204895,2020,2021-03-10,0100,2020-12-08,1227,203264,207,2,5,4,0198,0,0,0,,0,,"REGIONAL ST","DUBLIN BL",500.00,N,N,A,-,N,,,,,,,,,,N,2,0,1,2,A,-,11,21955,,N,G,B,D,A,H,-,A,D,0,Y,,,,Y,,N,60,1,0,0,0,1,0,0,0,0,"- ","- ",,,ALAMEDA,DUBLIN,-121.93430328369141,37.704200744628906
92051113,2023,2023-04-24,9370,2023-04-09,"223 ",022983,,7,3,7,0109,0,1,1,,2,176,"I-880 N/B","HEGENBERGER RD",1187.00,S,N,A,-,Y,ALA,,880," "," ",25.254,H,,R,Y,2,0,1,2,A,-,03,22350,,F,C,C,A,A,H,-,C,D,0,,,,,Y,,-,99,1,0,0,0,0,0,0,0,0,"- ","- ",37.737781524658203,-122.19377136230469,ALAMEDA,OAKLAND,-122.19373321533203,37.737796783447266
92052590,2023,2023-04-25,9370,2023-04-11,"555 ",022845,,2,3,6,0103,0,1,1,,2,081,"I-80 W/B","BUCHANAN ST",1561.00,W,N,B,-,Y,ALA,,80," ",R,6.996,H,,L,Y,2,0,1,2,A,-,08,22107,,N,C,C,A,A,H,-,C,D,0,,,,,Y,,A,01,1,0,0,0,0,0,0,0,0,"- ","- ",37.883079528808594,-122.30844116210938,ALAMEDA,BERKELEY,-122.30855560302734,37.883064270019531
92052906,2023,2023-04-25,9345,2023-01-03,1815,023093,,2,2,9,0100,0,2,S,,2,003,"167TH AVENUE","PRESIDENT DR",300.00,W,N,A,-,N,,,,,,,,,,N,2,0,1,2,A,-,03,22350,,N,G,B,D,A,H,-,C,D,0,Y,,,,Y,,A,01,1,0,0,0,1,0,0,0,0,"- ","- ",37.697338104248047,-122.101806640625,ALAMEDA,UNINCORPORATED,-122.1019287109375,37.697322845458984
92059961,2023,2023-05-03,9390,2023-04-20,"18  ",021947,,4,3,5,0111,0,1,1,,2,051,"I-580 WESTBOUND","EL CHARRO ROAD",1373.00,W,N,A,-,Y,ALA,,580," "," ",16.972,H,,L,Y,2,0,5,1,A,-,01,23152,A,N,E,I,A,A,H,-,C,D,0,,,,,Y,Y,A,07,2,0,3,0,0,0,0,0,0,"- ","- ",37.701290130615234,-121.85433197021484,ALAMEDA,PLEASANTON,-121.85433197021484,37.701213836669922
92060322,2023,2023-05-03,9345,2023-01-12,2202,022232,,4,3,6,0105,0,1,1,,2,070,"I-880 SOUTHBOUND","SANTA CLARA COUNTY LINE",3168.00,N,N,A,-,Y,ALA,,880," ",R,0.559,H,,L,Y,1,1,1,2,A,-,03,22350,,N,G,B,E,A,H,-,C,D,0,Y,,,,Y,,A,01,0,1,0,1,0,0,0,0,0,"- ","- ",37.463050842285156,-121.92616271972656,ALAMEDA,FREMONT,-121.92631530761719,37.463001251220703
92068843,2023,2023-05-15,9390,2023-05-03,2330,022867,,3,3,4,0198,0,1,1,,2,067,"I-680 SOUTHBOUND TO I-580 EASTBOUND","AMADOR VALLEY BOULEVARD",425.00,S,N,A,-,Y,ALA,,680," ",R,20.656,H,,L,N,2,0,1,1,A,-,08,22107,,N,E,I,A,A,H,-,D,D,0,,,,,Y,,A,01,1,0,0,0,0,0,0,0,0,"- ","- ",37.708469390869141,-121.92810821533203,ALAMEDA,DUBLIN,-121.92800903320312,37.708522796630859
92072054,2023,2023-05-18,9390,2023-05-12,"525 ",019156,,5,3,5,0107,0,1,1,,2,052,"I-580 EASTBOUND","PORTOLA AVENUE",100.00,W,N,A,-,Y,ALA,,580," "," ",13.237,H,,R,N,2,0,1,1,A,-,08,22107,,N,E,I,A,A,H,-,B,D,0,,,,,Y,,A,01,1,0,0,0,0,0,0,0,0,"- ","- ",37.699638366699219,-121.78572082519531,ALAMEDA,LIVERMORE,-121.78573608398438,37.69976806640625
92073106,2023,2023-05-19,9370,2023-04-30,2140,022981,,7,2,7,0109,0,1,1,,2,176,"I-880 S/B","HIGH ST",1900.00,N,N,A,-,Y,ALA,,880," "," ",28.166,H,,L,N,2,0,2,4,A,-,07,21658,A,N,B,C,A,A,H,-,D,D,0,,,,,Y,,A,01,1,0,1,0,0,0,0,0,0,"- ","- ",37.772079467773438,-122.22474670410156,ALAMEDA,OAKLAND,-122.22476959228516,37.772048950195312
92073734,2022,2023-05-22,9370,2022-12-03,0103,022800,,6,3,7,0109,0,1,1,,2,177,"I-880 S/B","JEFFERSON ST",686.00,N,N,B,-,Y,ALA,,880,,R,31.940,H,,L,Y,1,1,0,2,A,-,07,21658,A,F,B,C,A,A,H,-,C,D,0,,,,Y,Y,,A,01,0,0,0,0,0,0,0,0,0,"- ","- ",37.800689697265625,-122.28073120117188,ALAMEDA,OAKLAND,-122.28073120117188,37.800682067871094