CASE_ID,ACCIDENT_YEAR,PROC_DATE,JURIS,COLLISION_DATE,COLLISION_TIME,OFFICER_ID,REPORTING_DISTRICT,DAY_OF_WEEK,CHP_SHIFT,POPULATION,CNTY_CITY_LOC,SPECIAL_COND,BEAT_TYPE,CHP_BEAT_TYPE,CITY_DIVISION_LAPD,CHP_BEAT_CLASS,BEAT_NUMBER,PRIMARY_RD,SECONDARY_RD,DISTANCE,DIRECTION,INTERSECTION,WEATHER_1,WEATHER_2,STATE_HWY_IND,CALTRANS_COUNTY,CALTRANS_DISTRICT,STATE_ROUTE,ROUTE_SUFFIX,POSTMILE_PREFIX,POSTMILE,LOCATION_TYPE,RAMP_INTERSECTION,SIDE_OF_HWY,TOW_AWAY,COLLISION_SEVERITY,NUMBER_KILLED,NUMBER_INJURED,PARTY_COUNT,PRIMARY_COLL_FACTOR,PCF_CODE_OF_VIOL,PCF_VIOL_CATEGORY,PCF_VIOLATION,PCF_VIOL_SUBSECTION,HIT_AND_RUN,TYPE_OF_COLLISION,MVIW,PED_ACTION,ROAD_SURFACE,ROAD_COND_1,ROAD_COND_2,LIGHTING,CONTROL_DEVICE,CHP_ROAD_TYPE,PEDESTRIAN_ACCIDENT,BICYCLE_ACCIDENT,MOTORCYCLE_ACCIDENT,TRUCK_ACCIDENT,NOT_PRIVATE_PROPERTY,ALCOHOL_INVOLVED,STWD_VEHTYPE_AT_FAULT,CHP_VEHTYPE_AT_FAULT,COUNT_SEVERE_INJ,COUNT_VISIBLE_INJ,COUNT_COMPLAINT_PAIN,COUNT_PED_KILLED,COUNT_PED_INJURED,COUNT_BICYCLIST_KILLED,COUNT_BICYCLIST_INJURED,COUNT_MC_KILLED,COUNT_MC_INJURED,PRIMARY_RAMP,SECONDARY_RAMP,LATITUDE,LONGITUDE,COUNTY,CITY,POINT_X,POINT_Y
92074401,2023,2023-05-22,9345,2023-05-13,"110 ",022662,,6,3,5,0112,0,1,1,,2,075,"I-880 SOUTHBOUND","MARINA BOULEVARD",501.00,S,N,B,-,Y,ALA,,880," "," ",22.732,H,,L,Y,2,0,1,1,A,-,01,23152,A,N,E,I,A,A,H,-,C,D,0,,,Y,,Y,Y,C,02,1,0,0,0,0,0,0,0,1,"- ","- ",37.709461212158203,-122.16558837890625,ALAMEDA,"SAN LEANDRO",-122.16545104980469,37.709583282470703
92075176,2023,2023-05-23,9370,2023-05-11,"725 ",018499,,4,1,2,0104,0,1,1,,2,002,"I-80 W/B","POWELL ST",1740.00,W,N,B,-,Y,ALA,,80," "," ",3.477,H,,L,Y,2,0,1,2,A,-,03,22350,,N,C,C,A,A,H,-,A,D,0,,,Y,,Y,,C,02,1,0,0,0,0,0,0,0,1,"- ","- ",37.833408355712891,-122.29473114013672,ALAMEDA,EMERYVILLE,-122.29473114013672,37.833408355712891
92079373,2023,2023-05-26,9370,2023-05-16,2310,022919,,2,3,7,0109,0,1,1,,2,098,"I-980 E/B","27TH ST",360.00,E,N,A,-,Y,ALA,,980," "," ",1.583,H,,R,N,2,0,1,2,A,-,11,21954,A,N,G,B,E,A,H,-,C,D,0,Y,,,,Y,,N,60,1,0,0,0,1,0,0,0,0,"- ","- ",37.817798614501953,-122.26978302001953,ALAMEDA,OAKLAND,-122.26995086669922,37.817829132080078
92092271,2023,2023-06-13,9345,2023-02-19,1815,022934,,7,2,6,0105,0,1,1,,2,070,"I-880 N/B (NIMITZ FREEWAY)","FREMONT BOULEVARD (SOUTH)",3274.00,N,N,A,-,Y,ALA,,880," "," ",3.897,H,,R,Y,1,1,0,2,A,-,01,23152,F,N,C,C,A,A,H,-,C,D,0,,,Y,,Y,,C,02,0,0,0,0,0,0,0,1,0,"- ","- ",37.499149322509766,-121.95688629150391,ALAMEDA,FREMONT,-121.956787109375,37.499237060546875
9209989,2020,2021-01-11,0107,2020-10-24,1127,R386,A190,6,5,5,0107,0,0,0,,0,001,"COLLIER CYN RD","CAMPUS LP",0.00,,Y,A,-,N,,,,,,,,,,N,2,0,1,1,A,-,05,21651,A,N,E,I,A,A,H,-,A,D,0,,Y,,,Y,,L,04,1,0,0,0,0,0,1,0,0,"- ","- ",37.681869506835938,-121.76801300048828,ALAMEDA,LIVERMORE,-121.80497699999999,37.709032999999998
9209999,2020,2021-01-11,0109,2020-10-20,0858,9880,1,2,5,7,0109,0,0,0,,0,04X,"CASTRO ST","SAN PABLO AV",0.00,,Y,A,-,N,,,,,,,,,,N,2,0,1,2,A,-,12,21453,A,N,A,G,A,A,H,-,A,A,0,,Y,,,Y,,L,04,1,0,0,0,0,0,1,0,0,"- ","- ",,,ALAMEDA,OAKLAND,-122.27369689941406,37.811668395996094
92101567,2023,2023-06-26,9370,2023-06-05,1700,023135,,1,2,7,0109,0,1,1,,2,053,"I-580 E/B","GOLF LINKS RD",3765.00,W,N,A,-,Y,ALA,,580," ",R,37.174,H,,R,N,2,0,1,2,A,-,07,21658,A,N,B,C,A,A,H,-,A,D,0,,,Y,,Y,,A,07,1,0,0,0,0,0,0,0,1,"- ","- ",37.764171600341797,-122.15077209472656,ALAMEDA,OAKLAND,-122.15058898925781,37.764259338378906
92103148,2023,2023-06-27,9390,2023-06-18,"300 ",022867,,7,3,9,0100,0,1,1,,2,050,"I-580 WESTBOUND","EDEN CANYON ROAD",8448.00,E,N,B,-,Y,ALA,,580," ",R,24.553,H,,L,Y,2,0,2,1,A,-,01,23152,A,N,E,I,A,A,H,-,D,D,0,,,,,Y,Y,A,07,2,0,0,0,0,0,0,0,0,"- ","- ",37.701198577880859,-121.99118041992188,ALAMEDA,UNINCORPORATED,-121.9913330078125,37.700981140136719
92104105,2023,2023-06-28,9345,2023-06-19,1345,022944,,1,1,6,0106,0,1,1,,2,072,"I-880 N/B","INDUSTRIAL PKWY.",2112.00,N,N,A,-,Y,ALA,,880," "," ",14.922,H,,R,N,2,0,2,2,A,-,07,21658,A,N,F,A,A,A,H,-,A,D,0,,,Y,,Y,,A,01,1,1,0,0,0,0,0,0,2,"- ","- ",37.622360229492188,-122.07772827148438,ALAMEDA,HAYWARD,-122.07769012451172,37.622379302978516
92109354,2023,2023-07-04,9345,2023-06-26,"330 ",023036,,1,3,9,0100,0,1,1,,2,074,"I-880 SOUTHBOUND","HACIENDA AVE",214.00,N,N,A,-,Y,ALA,,880," "," ",19.316,H,,L,N,2,0,1,2,A,-,01,23152,A,N,B,C,A,A,H,-,D,D,0,,,,,Y,Y,A,01,1,0,0,0,0,0,0,0,0,"- ","- ",37.676998138427734,-122.11817932128906,ALAMEDA,UNINCORPORATED,-122.11820220947266,37.676971435546875
92114812,2023,2023-07-12,9370,2023-06-28,"220 ",022375,,3,3,7,0109,0,1,1,,2,176,"I-880 S/B","66TH AVE",1500.00,S,N,B,-,Y,ALA,,880," "," ",26.412,H,,L,N,2,0,2,2,A,-,03,22350,,N,C,C,A,A,H,-,C,D,0,,,,Y,Y,,A,01,1,1,0,0,0,0,0,0,0,"- ","- ",37.751541137695312,-122.20620727539062,ALAMEDA,OAKLAND,-122.20616149902344,37.751567840576172
9211518,2020,2021-01-26,0105,2020-10-17,2228,2536,733,6,5,6,0105,0,0,0,,0,001,"RT 238","ONDINA DR",0.00,,Y,A,-,Y,ALA,4,238,-,-,1.260,I,5,S,N,1,1,0,2,A,-,11,21954,A,N,G,B,B,A,H,-,C,A,0,Y,,,,Y,,N,60,0,0,0,1,0,0,0,0,0,"- ","- ",,,ALAMEDA,FREMONT,-121.94276428222656,37.551601409912109
92118878,2023,2023-07-17,9345,2023-07-03,"400 ",022977,,1,3,6,0105,0,1,1,,2,072,"I-880 NORTHBOUND","ALVARADO BLVD",1584.00,N,N,A,-,Y,ALA,,880," "," ",11.820,H,,R,N,2,0,4,2,A,-,03,22350,,M,C,2,A,A,H,-,C,D,0,,,,Y,Y,,D,22,1,2,1,0,0,0,0,0,0,"- ","- ",37.583339691162109,-122.05000305175781,ALAMEDA,FREMONT,-122.05001831054688,37.583335876464844
92120983,2023,2023-07-19,9345,2023-07-08,1705,023012,,6,2,9,0100,0,2,S,,2,004,"PINEHURST RD","MPM 1.45",191.00,S,N,A,-,N,,,,,,,,,,Y,2,0,1,2,A,-,05,21460,A,N,A,C,A,A,H,-,A,A,0,,,Y,,Y,,A,01,1,0,0,0,0,0,0,0,1,"- ","- ",37.802818298339844,-122.13722991943359,ALAMEDA,UNINCORPORATED,,
9212416,2020,2021-01-21,0101,2020-12-21,1156,47,334,1,5,5,0101,0,0,0,,0,003,"RT 61","OTIS DR",0.00,,Y,A,-,Y,ALA,4,61,-,-,19.440,I,5,S,,2,0,1,2,A,-,10,21950,A,N,G,B,B,A,H,-,A,A,0,Y,,,,Y,,A,07,1,0,0,0,1,0,0,0,0,"- ","- ",37.755470275878906,-122.24504852294922,ALAMEDA,ALAMEDA,-122.24432373046875,37.756195068359375
92125380,2022,2023-07-25,9345,2022-12-11,0355,022848,,7,3,5,0112,0,1,1,,2,075,"I-880 N/B FROM DAVIS STREET","DAVIS ST",130.00,S,N,C,-,Y,ALA,,112,,,0.625,H,,L,Y,1,1,1,2,A,-,05,21651,C,F,A,C,A,B,H,-,C,D,0,,,,,Y,,A,01,0,1,0,0,0,0,0,0,0,"- ","- ",37.719539642333984,-122.17642974853516,ALAMEDA,"SAN LEANDRO",-122.17634582519531,37.719345092773438
9212571,2020,2021-01-27,0103,2020-11-26,2043,32,,4,5,6,0103,0,0,0,,0,011,"SAN PABLO","ASHBY 13",0.00,,Y,A,-,Y,ALA,4,13,-,-,13.180,I,5,N,Y,2,0,1,3,A,-,12,21453,A,F,D,D,A,A,H,-,C,A,0,,,,,Y,,A,01,1,0,0,0,0,0,0,0,0,"- ","- ",37.852138519287109,-122.28668212890625,ALAMEDA,BERKELEY,-122.28666687011719,37.852169036865234
92132396,2022,2023-07-31,9370,2022-12-30,0211,022850,,5,3,7,0109,0,1,1,,2,176,"I-880 N/B","HIGH ST",675.00,N,N,C,-,Y,ALA,,880,,,28.018,H,,R,Y,1,1,0,2,A,-,03,22350,,N,C,C,A,B,H,-,C,D,0,,,,,Y,,D,22,0,0,0,0,0,0,0,0,0,"- ","- ",37.770900726318359,-122.22223663330078,ALAMEDA,OAKLAND,-122.22220611572266,37.770923614501953
92136287,2023,2023-08-04,9345,2023-07-14,1655,022752,,5,2,9,0100,0,1,S,,2,581,"I-580 W/B","STROBRIDGE AVENUE PEDESTRIAN OVERCROSS",560.00,E,N,A,-,Y,ALA,,580," ",R,29.841,H,,L,Y,2,0,1,3,A,-,08,22107,,F,C,C,A,A,H,-,A,D,0,,,Y,,Y,,-,99,1,0,0,0,0,0,0,0,1,"- ","- ",37.690441131591797,-122.08191680908203,ALAMEDA,UNINCORPORATED,-122.08192443847656,37.690528869628906
92138889,2023,2023-12-07,9390,2023-03-19,2119,022204,,7,2,5,0107,0,1,1,,2,052,"I-580 WESTBOUND EAST OF ISABEL AVENUE","ISABEL AVENUE",1580.00,E,N,B,G,Y,ALA,,580," "," ",13.792,H,,R,N,1,1,1,3,C,-,18,,,N,G,B,E,A,H,-,D,D,0,Y,,,,Y,Y,-,"- ",1,0,0,1,1,0,0,0,0,"- ","- ",37.701099395751953,-121.79611206054688,ALAMEDA,LIVERMORE,-121.79611206054688,37.700897216796875
92140675,2023,2023-08-10,9390,2023-03-19,2121,022204,,7,2,5,0107,0,1,1,,2,052,"I-580 WESTBOUND TO ISABEL AVENUE","LIGHT POLE #23731",268.00,W,N,B,-,Y,ALA,,580," "," ",13.796,H,,R,N,2,0,2,3,C,-,18,,,N,G,B,E,A,H,-,D,D,0,Y,,,Y,Y,Y,-,"- ",2,0,0,0,2,0,0,0,0,"- ","- ",37.701091766357422,-121.79617309570312,ALAMEDA,LIVERMORE,-121.79617309570312,37.700897216796875
92151214,2023,2023-08-23,9370,2023-07-19,2000,023139,,3,2,7,0109,0,1,1,,2,080,"I-80 E/B","ASHBY AVE",460.00,W,N,A,-,Y,ALA,,80," "," ",4.361,H,,R,N,2,0,1,2,A,-,11,21954,A,N,G,B,E,A,H,-,A,D,0,Y,,,,Y,,N,60,1,0,0,0,1,0,0,0,0,"- ","- ",37.845890045166016,-122.29817962646484,ALAMEDA,OAKLAND,-122.29812622070312,37.845897674560547
9215481,2021,2021-03-11,0100,2021-01-08,1450,204447,509,5,5,4,0198,0,0,0,,0,"NO VAL","CENTRAL PKWY","LEE THOMPSON ST",130.00,W,N,A,-,N,,,,,,,,,,Y,2,0,1,3,B,-,22,,,N,H,A,A,A,H,-,A,D,0,,,,,Y,,A,01,1,0,0,0,0,0,0,0,0,"- ","- ",,,ALAMEDA,DUBLIN,-121.86030578613281,37.708522796630859
92155863,2023,2023-08-28,9370,2023-08-16,2211,022990,,3,3,7,0109,0,1,3,,2,013,"SR-13 N/B","JOAQUIN MILLER RD",1935.00,S,N,A,-,Y,ALA,,13," "," ",6.098,H,,R,Y,2,0,1,1,A,-,01,23152,A,N,E,I,A,A,H,-,D,D,0,,,,,Y,Y,A,01,1,0,0,0,0,0,0,0,0,"- ","- ",37.806648254394531,-122.19300842285156,ALAMEDA,OAKLAND,-122.19310760498047,37.806598663330078
92158280,2023,2023-08-30,9390,2023-08-23,1655,020395,,3,2,9,0100,0,2,4,,2,441,"TESLA ROAD (17300 BLOCK)","ALAMEDA COUNTY MILE POST MARKER 11.88",350.00,E,N,A,-,N,,,,,,,,,,Y,2,0,1,1,A,-,01,23152,A,N,E,J,A,A,H,-,A,D,0,,,,,Y,Y,D,22,1,0,0,0,0,0,0,0,0,"- ","- ",37.636589050292969,-121.56072998046875,ALAMEDA,UNINCORPORATED,,
92169240,2023,2023-09-13,9345,2023-09-06,1325,022470,,3,1,9,0100,0,2,S,,2,012,"HESPERIAN BOULEVARD","W SUNSET BOULEVARD",15.00,N,N,A,-,N,,,,,,,,,,N,2,0,1,2,A,-,11,21954,A,N,G,B,B,A,H,-,A,A,0,Y,,,,Y,,N,60,1,0,0,0,1,0,0,0,0,"- ","- ",37.666858673095703,-122.11887359619141,ALAMEDA,UNINCORPORATED,-122.11884307861328,37.666755676269531
92179977,2023,2023-09-26,9390,2023-09-16,1805,021452,,6,2,9,0100,0,1,1,,2,025,"I-205 EASTBOUND","MIDWAY ROAD UNDERCROSSING",560.00,E,N,A,-,Y,ALA,,205," ",L,0.077,H,,R,Y,2,0,7,2,A,-,03,22350,,N,C,2,A,A,H,-,A,D,0,,,,,Y,,A,01,1,4,2,0,0,0,0,0,0,"- ","- ",37.742061614990234,-121.57057189941406,ALAMEDA,UNINCORPORATED,-121.57056427001953,37.742027282714844
9218265,2020,2021-02-22,0103,2020-12-22,1517,85,,2,5,6,0103,0,0,0,,0,003,UNIVERSITY,MILVIA,0.00,,Y,A,-,N,,,,,,,,,,N,2,0,1,2,A,-,10,21950,A,N,G,B,B,A,H,-,A,A,0,Y,,,,Y,,A,08,1,0,0,0,1,0,0,0,0,"- ","- ",37.871849060058594,-122.27072143554688,ALAMEDA,BERKELEY,-122.27075958251953,37.871898651123047
92193114,2023,2023-10-06,9345,2023-09-27,"435 ",022871,,3,3,9,0100,0,1,1,,2,238,"I-238 NORTHBOUND","HESPERIAN BLVD.",1584.00,S,N,A,-,Y,ALA,,238," "," ",15.943,H,,R,Y,2,0,1,2,A,-,07,21658,A,F,C,2,A,A,H,-,C,D,0,,,,,Y,,-,"- ",1,0,0,0,0,0,0,0,0,"- ","- ",37.690410614013672,-122.12396240234375,ALAMEDA,UNINCORPORATED,-122.12397766113281,37.690345764160156
92193229,2023,2023-10-06,9345,2023-09-28,"542 ",023452,,4,3,6,0105,0,1,3,,1,184,"SR-84 N/B","K.G.O. TOWERS",3696.00,S,N,A,-,Y,ALA,,84," ",R,0.858,H,,R,Y,2,0,2,2,C,-,18,,,N,A,C,A,A,B,-,C,D,0,,,,,Y,,-,"- ",1,0,1,0,0,0,0,0,0,"- ","- ",37.515670776367188,-122.10716247558594,ALAMEDA,FREMONT,-122.10718536376953,37.515678405761719
92194540,2023,2023-10-09,9390,2023-09-26,"750 ",016633,,2,1,5,0111,0,1,1,,2,051,"I-580 WESTBOUND","FOOTHILL RD",1023.00,E,N,A,-,Y,ALA,,580," ",R,21.218,H,,R,N,2,0,1,2,A,-,07,21658,A,N,B,C,A,A,H,-,A,D,0,,,Y,,Y,,A,01,1,0,0,0,0,0,0,0,1,"- ","- ",37.699161529541016,-121.93144989013672,ALAMEDA,PLEASANTON,-121.93144989013672,37.699165344238281
92197792,2023,2023-10-12,9345,2023-09-30,"852 ",023013,,6,1,9,0100,0,1,1,,2,074,"I-880 N/B (NIMITZ FREEWAY)","PASEO GRANDE",1312.00,S,N,B,C,Y,ALA,,880," "," ",19.519,H,,R,N,2,0,1,2,A,-,07,21658,A,N,B,C,A,B,H,-,B,D,0,,,,,Y,,A,01,1,0,0,0,0,0,0,0,0,"- ","- ",37.678939819335938,-122.12085723876953,ALAMEDA,UNINCORPORATED,-122.12077331542969,37.679019927978516
92200199,2023,2023-10-16,9345,2023-10-07,"708 ",022943,,6,1,9,0100,0,2,S,,2,185,"SR-185 (E. 14TH ST)","159TH AVENUE",0.00,,Y,A,-,N,,,,,,,,,,N,2,0,1,2,A,-,12,21453,A,N,D,J,A,A,H,-,A,A,0,,,,,Y,,M,94,1,0,0,0,0,0,0,0,0,"- ","- ",37.699909210205078,-122.12103271484375,ALAMEDA,UNINCORPORATED,-122.12095642089844,37.699867248535156
92200227,2023,2023-10-16,9345,2023-10-06,1840,023389,,5,2,6,0105,0,1,1,,2,071,"I-880 S/B","MOWRY AVE",353.00,N,N,A,-,Y,ALA,,880," "," ",7.263,H,,L,Y,2,0,1,2,A,-,07,21658,A,N,B,C,A,A,H,-,A,D,0,,,Y,,Y,,A,01,1,0,0,0,0,0,0,0,1,"- ","- ",37.530418395996094,-122.00350189208984,ALAMEDA,FREMONT,-122.00354766845703,37.530364990234375
92204753,2023,2023-10-20,9370,2023-06-18,1930,022979,,7,2,7,0109,0,1,3,,2,024,"SR-24 E/B TO BROADWAY","KAY ROAD",1200.00,E,N,A,-,Y,ALA,,24," ",R,5.682,H,,R,Y,2,0,1,1,A,-,01,23152,A,N,F,A,A,A,H,-,A,D,0,,,Y,,Y,Y,C,02,1,0,0,0,0,0,0,0,1,"- ","- ",37.853290557861328,-122.22123718261719,ALAMEDA,OAKLAND,-122.22145843505859,37.853427886962891
92205250,2023,2023-10-23,9370,2023-09-17,"450 ",023182,,7,3,7,0109,0,1,1,,2,054,"I-580 E/B",BROADWAY,164.00,E,N,A,-,Y,ALA,,580," "," ",44.667,H,,R,N,2,0,1,2,A,-,01,23152,A,N,C,C,A,A,H,-,D,D,0,,,,,Y,Y,A,01,1,0,0,0,0,0,0,0,0,"- ","- ",37.821971893310547,-122.25946807861328,ALAMEDA,OAKLAND,-122.25934600830078,37.822170257568359
92210876,2022,2023-10-27,0109,2022-10-28,1248,9644,1,5,5,7,0109,0,0,0,,0,19X,"E 12TH ST","10TH AV",0.00,,Y,A,-,N,,,,,,,,,,Y,1,1,0,2,A,-,03,22350,,N,A,C,A,A,H,-,A,A,0,,,Y,,Y,,-,"- ",0,0,0,0,0,0,0,1,0,"- ","- ",,,ALAMEDA,OAKLAND,-122.25063323974609,37.791412353515625
92222500,2023,2023-10-30,9370,2023-10-07,2318,022841,,6,3,7,0109,0,1,3,,2,024,"SR-24 W/B","GOLDEN GATE AVE",614.00,E,N,A,-,Y,ALA,,24," ",R,4.582,H,,L,N,2,0,1,4,A,-,03,22350,,F,G,1,E,A,H,-,D,D,0,Y,,Y,,Y,,-,99,1,0,0,0,1,0,0,0,0,"- ","- ",37.849971771240234,-122.23769378662109,ALAMEDA,OAKLAND,-122.23772430419922,37.849891662597656
92222501,2023,2023-10-30,9370,2023-10-07,2313,022841,,6,3,7,0109,0,1,3,,2,024,"SR-24 W/B","GOLDEN GATE AVE",702.00,E,N,A,-,Y,ALA,,24," ",R,4.600,H,,L,N,2,0,1,3,A,-,07,21658,A,F,B,C,A,A,H,-,D,D,0,,,Y,,Y,,-,"- ",1,0,0,0,0,0,0,0,1,"- ","- ",37.849800109863281,-122.23741149902344,ALAMEDA,OAKLAND,-122.23741912841797,37.849781036376953
92224459,2023,2023-10-31,9370,2023-10-19,"730 ",023135,,4,1,7,0109,0,1,1,,2,008,"I-80 W/B","WEST GRAND AVENUE",2602.00,E,N,A,-,Y,ALA,,80," "," ",2.785,H,,L,N,2,0,1,2,A,-,07,21658,A,N,B,C,A,A,H,-,A,D,0,,,Y,,Y,,C,02,1,0,0,0,0,0,0,0,1,"- ","- ",37.826709747314453,-122.29969787597656,ALAMEDA,OAKLAND,-122.29967498779297,37.826648712158203
92240108,2023,2023-11-20,9370,2023-10-15,1735,023178,,7,2,7,0109,0,1,1,,2,053,"I-580 WESTBOUND FROM FRUITVALE AVENUE","SHEFFIELD AVE",37.00,W,N,A,-,Y,ALA,,580," ",R,41.762,H,,R,N,1,1,0,2,A,-,03,22350,,N,C,C,A,A,H,-,A,A,0,,,,,Y,,A,01,0,0,0,0,0,0,0,0,0,"- ","- ",37.799518585205078,-122.22116851806641,ALAMEDA,OAKLAND,-122.22120666503906,37.799407958984375
9225194,2019,2021-02-17,0109,2019-12-24,2350,9690,2,2,5,7,0109,0,0,0,,0,31X,"98TH AV","DENSLOW ST",300.00,N,N,C,-,N,,,,,,,,,,N,2,0,1,2,A,-,11,21954,A,N,G,B,E,B,H,-,C,A,0,Y,,,,Y,Y,N,60,1,0,0,0,1,0,0,0,0,"- ","- ",,,ALAMEDA,OAKLAND,-122.18483734130859,37.734085083007812
92253221,2023,2023-12-05,9390,2023-11-26,1849,021649,,7,2,9,0100,0,1,1,,2,066,"I-680 S/B","KOOPMANN ROAD",1998.00,N,N,A,-,Y,ALA,,680," ",R,12.844,H,,L,Y,2,0,1,3,A,-,03,22350,,N,C,C,A,A,H,-,C,D,0,,,,,Y,,A,01,1,0,0,0,0,0,0,0,0,"- ","- ",37.606369018554688,-121.87300872802734,ALAMEDA,UNINCORPORATED,-121.87301635742188,37.606369018554688
92253889,2023,2023-12-06,9335,2023-08-22,1725,023367,,2,2,7,0109,0,1,1,,2,084,"I-80 E/B","TOLL PLAZA",221.00,W,N,A,-,Y,ALA,,80," "," ",1.951,H,,R,Y,2,0,1,3,A,-,03,22350,,N,C,C,A,A,H,-,A,A,0,,,Y,,Y,,C,02,1,0,0,0,0,0,0,0,1,"- ","- ",37.823680877685547,-122.31430053710938,ALAMEDA,OAKLAND,-122.31432342529297,37.823753356933594
92259142,2023,2023-12-11,9390,2023-11-12,"515 ",023295,,7,3,5,0111,0,1,1,,2,051,"I-580 WESTBOUND FROM HACIENDA DRIVE","HACIENDA DRIVE",792.00,W,N,A,-,Y,ALA,,580," "," ",18.983,H,,L,Y,2,0,2,2,A,-,01,23152,A,N,D,C,A,A,H,-,B,D,0,,,,,Y,Y,A,07,1,1,0,0,0,0,0,0,0,"- ","- ",37.701690673828125,-121.89100646972656,ALAMEDA,PLEASANTON,-121.89101409912109,37.701450347900391
92259930,2023,2023-12-12,9345,2023-12-02,2030,023018,,6,2,9,0100,0,2,S,,2,004,"FIVE CANYONS PARKWAY","BOULDER CANYON DRIVE",608.00,S,N,A,-,N,,,,,,,,,,Y,2,0,1,1,A,-,08,22107,,N,E,8,A,B,H,-,C,D,0,,,,,Y,,A,01,1,0,0,0,0,0,0,0,0,"- ","- ",37.689559936523438,-122.03904724121094,ALAMEDA,UNINCORPORATED,-122.03897094726562,37.689628601074219
92260149,2023,2023-12-12,9390,2023-11-19,"536 ",023404,,7,3,9,0100,0,1,1,,2,050,"I-580 WESTBOUND","EDEN CANYON ROAD",5280.00,E,N,A,-,Y,ALA,,580," ",R,25.166,H,,R,Y,2,0,4,4,A,-,03,22350,,M,D,C,A,A,H,-,D,D,0,,,,,Y,,A,07,1,1,2,0,0,0,0,0,0,"- ","- ",37.703739166259766,-122.00189971923828,ALAMEDA,UNINCORPORATED,-122.00189971923828,37.703739166259766
92261883,2023,2023-12-14,9345,2023-12-03,"520 ",023058,,7,3,6,0106,0,1,1,,2,072,"I-880 SB","INDUSTRIAL PARKWAY",660.00,N,N,A,-,Y,ALA,,880," "," ",14.674,H,,L,Y,2,0,2,1,A,-,01,23152,A,N,E,8,A,A,H,-,D,D,0,,,,,Y,Y,D,22,2,0,0,0,0,0,0,0,0,"- ","- ",37.619220733642578,-122.075927734375,ALAMEDA,HAYWARD,-122.07578277587891,37.619285583496094
92264713,2023,2023-12-18,9390,2023-11-24,1530,023325,,5,2,9,0100,0,1,1,,2,050,"I-580 WESTBOUND","SCHAEFER RANCH ROAD",4858.00,W,N,A,-,Y,ALA,,580," ",R,24.814,H,,R,Y,2,0,1,2,A,-,03,22350,,N,B,C,A,A,H,-,A,D,0,,,Y,,Y,,C,02,1,0,0,0,0,0,0,0,1,"- ","- ",37.702911376953125,-121.99559020996094,ALAMEDA,UNINCORPORATED,-121.99556732177734,37.702960968017578
92276404,2023,2024-02-07,9370,2023-12-19,"305 ",023583,,2,3,7,0109,0,1,1,,2,055,"I-580 W/B","HOLLIS ST",200.00,W,N,C,-,Y,ALA,,580," "," ",46.141,H,,L,N,2,0,1,2,A,-,03,22350,,N,C,C,A,B,H,-,D,D,0,,,,,Y,,A,01,1,0,0,0,0,0,0,0,0,"- ","- ",37.827079772949219,-122.28531646728516,ALAMEDA,OAKLAND,-122.28524780273438,37.826847076416016
9228007,2020,2021-03-19,0106,2020-11-16,0324,368,,1,5,6,0106,0,0,0,,0,00A,"BERRY AV","MISSION BL",155.00,E,N,A,-,N,,,,,,,,,,N,2,0,1,2,A,-,08,22107,,F,G,B,D,A,H,-,C,D,0,Y,,,,Y,,-,99,1,0,0,0,1,0,0,0,0,"- ","- ",37.655860900878906,-122.07451629638672,ALAMEDA,HAYWARD,-122.0712890625,37.657447814941406
9228325,2019,2021-02-25,0109,2019-07-23,0616,9153,1,2,5,7,0109,0,0,0,,0,19X,"INTERNATIONAL BL","19TH AV",50.00,E,N,A,-,N,,,,,,,,,,N,2,0,1,2,A,-,10,21950,A,N,G,B,D,A,-,-,A,A,0,Y,,,,Y,,A,07,1,0,0,0,1,0,0,0,0,"- ","- ",,,ALAMEDA,OAKLAND,-122.24087524414062,37.786365509033203
92284058,2023,2024-02-15,9390,2023-08-27,"235 ",022482,,7,3,9,0100,0,1,1,,2,050,"INTERSTATE 580 WESTBOUND","EDEN CANYON ROAD",6864.00,E,N,A,-,Y,ALA,,580," ",R,24.948,H,,R,Y,1,1,1,4,A,-,01,23152,G,F,G,1,E,A,H,-,D,D,0,Y,,,Y,Y,Y,A,07,1,0,0,1,0,0,0,0,0,"- ","- ",37.703521728515625,-121.99793243408203,ALAMEDA,UNINCORPORATED,-121.99794769287109,37.703453063964844