CASE_ID,ACCIDENT_YEAR,PROC_DATE,JURIS,COLLISION_DATE,COLLISION_TIME,OFFICER_ID,REPORTING_DISTRICT,DAY_OF_WEEK,CHP_SHIFT,POPULATION,CNTY_CITY_LOC,SPECIAL_COND,BEAT_TYPE,CHP_BEAT_TYPE,CITY_DIVISION_LAPD,CHP_BEAT_CLASS,BEAT_NUMBER,PRIMARY_RD,SECONDARY_RD,DISTANCE,DIRECTION,INTERSECTION,WEATHER_1,WEATHER_2,STATE_HWY_IND,CALTRANS_COUNTY,CALTRANS_DISTRICT,STATE_ROUTE,ROUTE_SUFFIX,POSTMILE_PREFIX,POSTMILE,LOCATION_TYPE,RAMP_INTERSECTION,SIDE_OF_HWY,TOW_AWAY,COLLISION_SEVERITY,NUMBER_KILLED,NUMBER_INJURED,PARTY_COUNT,PRIMARY_COLL_FACTOR,PCF_CODE_OF_VIOL,PCF_VIOL_CATEGORY,PCF_VIOLATION,PCF_VIOL_SUBSECTION,HIT_AND_RUN,TYPE_OF_COLLISION,MVIW,PED_ACTION,ROAD_SURFACE,ROAD_COND_1,ROAD_COND_2,LIGHTING,CONTROL_DEVICE,CHP_ROAD_TYPE,PEDESTRIAN_ACCIDENT,BICYCLE_ACCIDENT,MOTORCYCLE_ACCIDENT,TRUCK_ACCIDENT,NOT_PRIVATE_PROPERTY,ALCOHOL_INVOLVED,STWD_VEHTYPE_AT_FAULT,CHP_VEHTYPE_AT_FAULT,COUNT_SEVERE_INJ,COUNT_VISIBLE_INJ,COUNT_COMPLAINT_PAIN,COUNT_PED_KILLED,COUNT_PED_INJURED,COUNT_BICYCLIST_KILLED,COUNT_BICYCLIST_INJURED,COUNT_MC_KILLED,COUNT_MC_INJURED,PRIMARY_RAMP,SECONDARY_RAMP,LATITUDE,LONGITUDE,COUNTY,CITY,POINT_X,POINT_Y
94773064,2025,2025-07-22,9370,2025-05-11,1641,023488,,7,2,7,0109,0,1,1,,2,176,"I-880 S/B","66TH AVE",2481.00,S,N,A,-,Y,ALA,,880," "," ",26.190,H,,L,Y,1,1,0,2,A,-,03,22350,,N,B,C,A,A,H,-,A,D,0,,,Y,,Y,,C,02,0,0,0,0,0,0,0,1,0,"- ","- ",37.748950958251953,-122.20378112792969,ALAMEDA,OAKLAND,-122.20382690429688,37.748924255371094
94774764,2025,2025-07-23,9370,2025-05-26,2250,023589,,1,3,2,0104,0,1,1,,2,080,"I-80 W/B","POWELL ST",2603.00,W,N,A,-,Y,ALA,,80," "," ",3.363,H,,L,N,1,1,0,2,A,-,11,21954,A,N,G,B,E,A,H,-,C,D,0,Y,,,,Y,Y,N,60,0,0,0,1,0,0,0,0,0,"- ","- ",37.831771850585938,-122.29402160644531,ALAMEDA,EMERYVILLE,-122.29425048828125,37.831745147705078
9477816,2022,2022-07-27,0102,2022-05-13,2029,TP237998,5,5,5,3,0102,0,0,0,,0,002,"SOLANO AV","POLK ST",0.00,,Y,A,-,N,,,,,,,,,,Y,2,0,1,2,A,-,05,21650,,M,A,C,A,A,H,-,C,D,0,,,,,Y,Y,A,01,1,0,0,0,0,0,0,0,0,"- ","- ",37.889961242675781,-122.30072021484375,ALAMEDA,ALBANY,-122.30328369140625,37.889450073242188
9487182,2022,2022-09-27,0103,2022-08-13,1916,80,,6,5,6,0103,0,0,0,,0,001,SOLANO,"FRESNO AV",0.00,,Y,A,-,N,,,,,,,,,,N,2,0,1,2,A,-,10,21950,A,N,G,B,B,A,H,-,A,D,0,Y,,,,Y,,A,01,1,0,0,0,1,0,0,0,0,"- ","- ",37.891208648681641,-122.27765655517578,ALAMEDA,BERKELEY,-122.27825164794922,37.891422271728516
9488736,2022,2022-09-12,0103,2022-07-08,0224,56,24,5,5,6,0103,0,0,0,,0,003,OXFORD,HEARST,0.00,,Y,A,-,N,,,,,,,,,,N,2,0,1,1,A,-,03,22350,,N,H,J,A,A,H,-,C,D,0,,,,,Y,Y,-,,1,0,0,0,0,0,0,0,0,"- ","- ",37.874149322509766,-122.26628875732422,ALAMEDA,BERKELEY,-122.26634979248047,37.874160766601562
9498766,2022,2022-12-28,0112,2022-11-12,0330,381,,6,5,5,0112,0,0,0,,0,001,"E 14TH ST","LORRAINE BL",0.00,,Y,B,C,Y,ALA,4,185,-,-,6.000,I,5,S,N,2,0,1,2,D,-,00,,,F,G,B,D,B,H,-,C,A,0,Y,,,,Y,,-,"- ",1,0,0,0,1,0,0,0,0,"- ","- ",,,ALAMEDA,"SAN LEANDRO",-122.15924072265625,37.729206085205078
9499407,2022,2022-10-24,0109,2022-08-10,1901,9350,2,3,5,7,0109,0,0,0,,0,33X,"INTERNATIONAL BL","96TH AV",0.00,,Y,A,-,N,,,,,,,,,,Y,2,0,1,2,A,-,12,21453,A,N,D,C,A,A,H,-,A,A,0,,,Y,,Y,,D,22,1,0,0,0,0,0,0,0,1,"- ","- ",,,ALAMEDA,OAKLAND,-122.17160797119141,37.745738983154297
9502720,2022,2022-09-16,0109,2022-05-18,1845,9169,1,3,5,7,0109,0,0,0,,0,03X,"12TH ST","CASTRO ST",0.00,,Y,A,-,N,,,,,,,,,,N,2,0,1,2,A,-,12,21453,A,N,D,G,A,A,H,-,A,A,0,,Y,,,Y,,L,04,1,0,0,0,0,0,1,0,0,"- ","- ",,,ALAMEDA,OAKLAND,-122.27799987792969,37.805255889892578
9504156,2022,2022-11-08,0109,2022-04-22,0700,9733,1,5,5,7,0109,0,0,0,,0,04X,"TELEGRAPH AV","20TH ST",0.00,,Y,A,C,N,,,,,,,,,,N,1,1,0,2,A,-,10,21950,A,N,G,B,B,B,H,-,A,A,0,Y,,,,Y,,A,01,0,0,0,1,0,0,0,0,0,"- ","- ",,,ALAMEDA,OAKLAND,-122.26958465576172,37.809532165527344
9513450,2022,2022-11-29,0102,2022-09-14,1455,JL0614,2,3,5,3,0102,0,0,0,,0,001,"SAN PABLO",WASHINGTON,9.00,N,N,A,-,Y,ALA,4,123,-,-,4.770,I,5,S,N,2,0,1,2,A,-,10,21950,,N,D,B,-,A,H,-,A,D,0,Y,,,,Y,,A,01,1,0,0,0,1,0,0,0,0,"- ","- ",37.892131805419922,-122.29981231689453,ALAMEDA,ALBANY,-122.29950714111328,37.891796112060547
9513458,2022,2022-11-29,0102,2022-09-27,1508,TP237998,6,2,5,3,0102,0,0,0,,0,002,"SAN PABLO AV","MONROE ST",0.00,,Y,A,-,Y,ALA,4,123,-,-,4.280,I,5,N,N,2,0,1,2,A,-,11,21456,C,N,G,B,B,A,H,-,A,A,0,Y,,,,Y,,N,60,1,0,0,0,1,0,0,0,0,"- ","- ",37.884639739990234,-122.29712677001953,ALAMEDA,ALBANY,-122.29712677001953,37.884620666503906
9518999,2022,2023-02-02,0109,2022-11-19,0005,9945,2,6,5,7,0109,0,0,0,,0,30Y,"MACARTHUR BL","78TH AV",30.00,E,N,A,-,N,,,,,,,,,,N,2,0,2,4,A,-,01,23152,A,F,C,E,E,A,H,-,C,A,0,Y,,,,Y,Y,A,01,1,0,1,0,1,0,0,0,0,"- ","- ",,,ALAMEDA,OAKLAND,-122.16820526123047,37.766487121582031
9519352,2022,2023-02-22,0109,2022-02-18,1307,9867,2,5,5,7,0109,0,0,0,,0,20X,"FRUITVALE AV","ALAMEDA AV",100.00,S,N,A,-,N,,,,,,,,,,N,1,1,2,3,A,-,03,22350,,N,C,C,A,A,H,-,A,A,0,,,,,Y,Y,A,01,0,0,2,0,0,0,0,0,0,"- ","- ",,,ALAMEDA,OAKLAND,-122.22994995117188,37.769351959228516
9520320,2021,2023-01-31,0109,2021-04-25,1140,8658,1,7,5,7,0109,0,0,0,,0,03X,"JACKSON ST","10TH ST",10.00,N,N,C,-,N,,,,,,,,,,N,1,1,0,2,A,-,11,21453,D,N,G,B,B,B,H,-,A,A,0,Y,,,,Y,,N,60,0,0,0,1,0,0,0,0,0,"- ","- ",,,ALAMEDA,OAKLAND,-122.26693725585938,37.799243927001953
9520395,2021,2023-02-13,0109,2021-12-05,1356,8483,1,7,5,7,0109,0,0,0,,0,13X,"SHEPHERD CANYON RD","SNAKE RD",1320.00,S,N,A,-,N,,,,,,,,,,N,1,1,0,1,A,-,03,22350,,N,H,A,A,A,H,-,A,D,0,,Y,,,Y,,L,04,0,0,0,0,0,1,0,0,0,"- ","- ",,,ALAMEDA,OAKLAND,-122.20253753662109,37.824581146240234
9520445,2021,2023-02-16,0109,2021-12-17,2247,8483,2,5,5,7,0109,0,0,0,,0,29X,"EDWARDS AV","SUNNYMERE AV",150.00,N,N,A,-,N,,,,,,,,,,N,1,1,0,1,C,-,18,,,N,H,A,A,A,H,-,C,D,0,,,,,Y,,-,"- ",0,0,0,0,0,0,0,0,0,"- ","- ",,,ALAMEDA,OAKLAND,-122.16571807861328,37.775371551513672
9520523,2023,2023-05-23,0105,2023-01-25,2047,16172,1176,3,5,6,0105,0,0,0,,0,003,"FREMONT BL","CUSHING PKWY",0.00,,Y,A,-,N,,,,,,,,,,Y,1,1,1,2,A,-,12,21453,A,N,D,-,A,A,H,-,C,A,0,,,,,Y,,A,01,0,0,1,0,0,0,0,0,0,"- ","- ",,,ALAMEDA,FREMONT,-121.94874572753906,37.490554809570312
9520554,2022,2023-05-24,0105,2022-09-26,0415,14306,1055,1,5,6,0105,0,0,0,,0,003,"BOYCE RD","STEWART AV",0.00,,Y,A,-,N,,,,,,,,,,Y,1,1,2,2,A,-,12,22450,A,N,D,C,A,A,H,-,C,A,0,,,,Y,Y,,A,01,0,1,1,0,0,0,0,0,0,"- ","- ",,,ALAMEDA,FREMONT,-121.98828125,37.509002685546875
9520582,2023,2023-06-05,0106,2023-04-06,2246,467,,4,5,6,0106,0,0,0,,0,00A,"N BENMORE DR","IONA WY",5.00,N,N,B,-,N,,,,,,,,,,N,1,1,0,1,A,-,01,21221,5,N,H,A,A,A,H,-,C,D,0,,,,,Y,Y,M,95,0,0,0,0,0,0,0,0,0,"- ","- ",37.648818969726562,-122.00415802001953,ALAMEDA,HAYWARD,-122.00495147705078,37.649440765380859
9520702,2023,2023-07-18,0112,2023-03-16,2126,330,,4,5,5,0112,0,0,0,,0,007,"WILLIAMS ST","SAN LEANDRO BL",10.00,W,N,A,-,N,,,,,,,,,,N,1,1,0,2,A,-,11,21956,,N,G,B,D,A,H,-,C,A,0,Y,,,,Y,,N,60,0,0,0,1,0,0,0,0,0,"- ","- ",,,ALAMEDA,"SAN LEANDRO",-122.15776062011719,37.718517303466797
9520717,2021,2023-07-10,0109,2021-12-31,1642,8867,2,5,5,7,0109,0,0,0,,0,30Y,"BANCROFT AV","CHURCH ST",0.00,,Y,A,-,N,,,,,,,,,,Y,1,1,3,3,A,-,12,21453,A,N,D,C,A,A,H,-,B,A,0,,,,,Y,,A,08,0,1,2,0,0,0,0,0,0,"- ","- ",,,ALAMEDA,OAKLAND,-122.17955780029297,37.768032073974609
9520740,2022,2023-07-12,0109,2022-12-20,0044,9689,1,2,5,7,0109,0,0,0,,0,13Y,"GRIZZLY PEAK BL","FISH RANCH RD",3696.00,W,N,A,-,N,,,,,,,,,,Y,1,1,1,1,A,-,01,23152,A,N,F,I,A,A,H,-,D,D,0,,,,,Y,Y,A,07,0,0,1,0,0,0,0,0,0,"- ","- ",,,ALAMEDA,OAKLAND,-122.21950531005859,37.863582611083984
9520864,2023,2023-09-13,0109,2023-03-23,1936,9466,2,4,5,7,0109,0,0,0,,0,22Y,"MACARTHUR BL","MAGEE AV",162.00,W,N,A,-,N,,,,,,,,,,Y,1,1,0,2,A,-,11,21954,A,N,G,B,D,A,H,-,B,A,0,Y,,,,Y,,N,60,0,0,0,1,0,0,0,0,0,"- ","- ",,,ALAMEDA,OAKLAND,-122.20033264160156,37.793422698974609
9524140,2022,2022-12-08,0109,2022-10-23,1316,9969,2,7,5,7,0109,0,0,0,,0,27X,"BANCROFT AV","VICKSBURG AV",0.00,,Y,A,-,N,,,,,,,,,,N,2,0,7,2,A,-,12,21453,A,N,D,C,A,A,H,-,A,A,0,,,,,Y,,A,07,2,0,5,0,0,0,0,0,0,"- ","- ",,,ALAMEDA,OAKLAND,-122.20308685302734,37.771759033203125
9531175,2022,2022-12-21,0113,2022-10-21,1140,4843,R121,5,5,5,0113,0,0,0,,0,004,"ALMADEN BL","MADRONE WY",45.00,W,N,A,-,N,,,,,,,,,,N,2,0,1,2,A,-,08,22107,,N,C,E,A,A,H,-,A,D,0,,,,,Y,,A,01,1,0,0,0,0,0,0,0,0,"- ","- ",,,ALAMEDA,"UNION CITY",-122.05400848388672,37.592006683349609
9536292,2022,2023-01-12,0103,2022-11-03,2036,S19,,4,5,6,0103,0,0,0,,0,007,CHANNING,"BOWDITCH ST",135.00,W,N,A,-,N,,,,,,,,,,N,2,0,1,1,A,-,03,22350,,N,H,A,A,A,H,-,C,A,0,,,,,Y,,M,94,1,0,0,0,0,0,0,0,0,"- ","- ",37.867210388183594,-122.25653076171875,ALAMEDA,BERKELEY,-122.25698852539062,37.867141723632812
9536856,2022,2022-12-27,0109,2022-03-18,2054,8881,2,5,5,7,0109,0,0,0,,0,30X,"BANCROFT AV","HAVENSCOURT BL",0.00,,Y,A,-,N,,,,,,,,,,N,2,0,1,2,A,-,12,21453,A,F,D,C,A,A,H,-,C,A,0,,,,,Y,,A,01,1,0,0,0,0,0,0,0,0,"- ","- ",,,ALAMEDA,OAKLAND,-122.18215179443359,37.769641876220703
9537416,2022,2023-01-11,0103,2022-11-10,0714,85,,4,5,6,0103,0,0,0,,0,005,"MARTIN LUTHER KING JR",CARLETON,0.00,,Y,A,-,N,,,,,,,,,,N,2,0,1,2,A,-,08,22107,,F,B,B,B,A,H,-,A,D,0,Y,,,,Y,,A,07,1,0,0,0,1,0,0,0,0,"- ","- ",37.860630035400391,-122.27179718017578,ALAMEDA,BERKELEY,-122.27180480957031,37.860633850097656
9537492,2022,2023-01-10,0103,2022-11-21,1139,112,,1,5,6,0103,0,0,0,,0,004,UNIVERSITY,"BONITA ST",88.00,W,N,A,-,N,,,,,,,,,,Y,2,0,1,2,A,-,04,21703,,N,C,C,A,A,H,-,A,A,0,,,,,Y,,D,22,1,0,0,0,0,0,0,0,0,"- ","- ",37.872150421142578,-122.26840972900391,ALAMEDA,BERKELEY,-122.27220153808594,37.871711730957031
9539005,2022,2023-01-24,0109,2022-12-17,1321,10042,2,6,5,7,0109,0,0,0,,0,22Y,"SERENO CIR","REDWOOD RD",85.00,W,N,A,-,N,,,,,,,,,,N,2,0,1,1,A,-,13,22515,A,N,F,A,A,A,H,-,A,D,0,,,,,Y,,A,01,1,0,0,0,0,0,0,0,0,"- ","- ",,,ALAMEDA,OAKLAND,-122.17623138427734,37.794937133789062
9539239,2022,2023-01-20,0109,2022-12-14,1812,9929,1,3,5,7,0109,0,0,0,,0,02Y,"7TH ST","CHESTER ST",30.00,E,N,A,-,N,,,,,,,,,,N,2,0,1,2,A,-,11,21954,A,N,G,B,D,A,H,-,C,D,0,Y,,,,Y,,N,60,1,0,0,0,1,0,0,0,0,"- ","- ",,,ALAMEDA,OAKLAND,-122.29615783691406,37.804828643798828
9539311,2022,2023-02-04,0109,2022-12-04,1921,9717,1,7,5,7,0109,0,0,0,,0,18X,"CLAREMONT AV","COLLEGE AV",20.00,N,N,C,-,N,,,,,,,,,,N,2,0,1,2,A,-,10,21950,A,N,G,B,B,B,H,-,C,A,0,Y,,,,Y,,A,01,1,0,0,0,1,0,0,0,0,"- ","- ",,,ALAMEDA,OAKLAND,-122.25224304199219,37.8494873046875
9551763,2023,2023-02-27,0106,2023-01-12,"241 ",434,,4,5,6,0106,0,0,0,,0,00F,"HUNTWOOD AV","W INDUSTRIAL PKWY W",0.00,,Y,A,-,N,,,,,,,,,,Y,2,0,2,2,A,-,01,23152,F,N,D,C,A,A,H,-,C,A,0,,,,,Y,,A,01,1,1,0,0,0,0,0,0,0,"- ","- ",37.621719360351562,-122.05690765380859,ALAMEDA,HAYWARD,-122.05699920654297,37.62176513671875
9553915,2023,2023-04-05,0109,2023-02-12,1729,9821,1,7,5,7,0109,0,0,0,,0,05X,"18TH ST","ADELINE ST",0.00,,Y,A,-,N,,,,,,,,,,N,2,0,1,2,A,-,12,21453,A,F,D,C,A,A,H,-,A,A,0,,,,,Y,,A,01,1,0,0,0,0,0,0,0,0,"- ","- ",,,ALAMEDA,OAKLAND,-122.28511047363281,37.812347412109375
9555086,2022,2023-03-29,0103,2022-11-25,1905,112,,5,5,6,0103,0,0,0,,0,015,VIRGINIA,"RT 123",0.00,,Y,A,-,Y,ALA,4,123,-,-,3.470,I,5,S,Y,2,0,1,2,A,-,09,21802,A,N,D,G,A,A,H,-,C,A,0,,Y,,,Y,,L,04,1,0,0,0,0,0,1,0,0,"- ","- ",37.873439788818359,-122.29353332519531,ALAMEDA,BERKELEY,-122.29363250732422,37.873458862304688
9557060,2022,2023-03-27,0113,2022-05-19,1607,3412,C191,4,5,5,0113,0,0,0,,0,004,"WHIPPLE RD","MEDALLION DR",63.00,W,N,A,-,N,,,,,,,,,,Y,2,0,1,2,A,-,08,22107,,N,G,I,F,A,H,-,A,A,0,Y,,,,Y,,A,01,1,0,0,0,1,0,0,0,0,"- ","- ",,,ALAMEDA,"UNION CITY",-122.05191802978516,37.606033325195312
9562101,2023,2023-04-18,0111,2023-03-18,"246 ",348,,6,5,5,0111,0,0,0,,0,005,"SUNOL BL","BERNAL AV",574.00,S,N,A,-,N,,,,,,,,,,Y,2,0,3,2,A,-,01,23152,A,N,A,C,A,A,H,-,C,A,0,,,,,Y,Y,A,01,2,1,0,0,0,0,0,0,0,"- ","- ",,,ALAMEDA,PLEASANTON,-121.87921142578125,37.655265808105469
9568876,2023,2023-06-05,0103,2023-04-09,"253 ",80,22,7,5,6,0103,0,0,0,,0,003,"UNIVERSITY AV","SAN PABLO AV",0.00,,Y,A,-,Y,ALA,4,123,-,-,3.150,I,5,S,Y,2,0,5,2,A,-,00,23103,A,N,D,C,A,A,H,-,C,A,0,,,,,Y,,A,01,2,2,1,0,0,0,0,0,0,"- ","- ",37.869098663330078,-122.29212188720703,ALAMEDA,BERKELEY,-122.29224395751953,37.869098663330078
9568909,2023,2023-06-01,0103,2023-04-16,1230,107,21,7,5,6,0103,0,0,0,,0,014,"RT 123",VIRGINIA,0.00,,Y,A,-,Y,ALA,4,123,-,-,3.470,I,5,N,N,2,0,1,2,A,-,10,21950,A,N,G,B,B,-,H,-,A,A,0,Y,,,,Y,,A,01,1,0,0,0,1,0,0,0,0,"- ","- ",37.873439788818359,-122.29353332519531,ALAMEDA,BERKELEY,-122.29353332519531,37.873481750488281
9569508,2023,2023-07-06,0109,2023-03-08,"838 ",10071,1,3,5,7,0109,0,0,0,,0,02X,"8TH ST","MARKET ST",0.00,,Y,A,-,N,,,,,,,,,,N,2,0,1,2,A,-,09,21801,A,N,D,C,A,B,H,-,A,A,0,,,,,Y,,A,07,1,0,0,0,0,0,0,0,0,"- ","- ",,,ALAMEDA,OAKLAND,-122.28269195556641,37.803672790527344
9575205,2023,2023-04-18,0106,2023-02-24,"256 ",467,,5,5,6,0106,0,0,0,,0,00J,"E BARKER AV","THELMA ST",190.00,E,N,B,-,N,,,,,,,,,,Y,2,0,2,2,A,-,08,22107,,N,C,C,A,B,H,-,C,D,0,,,,,Y,,A,01,1,0,1,0,0,0,0,0,0,"- ","- ",37.663238525390625,-122.11231231689453,ALAMEDA,HAYWARD,-122.11177062988281,37.663608551025391
9575219,2023,2023-04-29,0106,2023-03-16,"933 ",459,,4,5,6,0106,0,0,0,,0,00D,"WEST WINTON AV","SAKLAN RD",540.00,E,N,A,-,N,,,,,,,,,,Y,2,0,1,2,A,-,17,22109,,N,C,C,A,A,H,-,A,D,0,,,,,Y,,A,01,1,0,0,0,0,0,0,0,0,"- ","- ",37.652839660644531,-122.11669158935547,ALAMEDA,HAYWARD,-122.11683654785156,37.653099060058594
9577360,2023,2023-05-16,0109,2023-02-18,1202,9958,2,6,5,7,0109,0,0,0,,0,23X,"INTERNATIONAL BL","34TH AV",0.00,,Y,A,-,N,,,,,,,,,,N,2,0,2,3,A,-,10,21950,A,F,G,B,B,A,H,-,A,A,0,Y,,,,Y,,A,01,2,0,0,0,2,0,0,0,0,"- ","- ",,,ALAMEDA,OAKLAND,-122.22383117675781,37.776664733886719
9582019,2023,2023-05-31,0109,2023-04-16,1558,9892,1,7,5,7,0109,0,0,0,,0,06X,"33RD ST","SAN PABLO AV",0.00,,Y,A,-,N,,,,,,,,,,N,2,0,2,2,A,-,08,22107,,N,C,G,A,A,H,-,A,A,0,,Y,Y,,Y,,-,"- ",1,0,1,0,0,0,1,0,1,"- ","- ",,,ALAMEDA,OAKLAND,-122.27780914306641,37.824424743652344
9582679,2023,2023-06-08,0109,2023-04-25,"818 ",9490,1,2,5,7,0109,0,0,0,,0,17X,"PARK BL",CLEVELAND,100.00,N,N,A,-,N,,,,,,,,,,N,2,0,2,2,A,-,09,21804,A,N,D,C,A,A,H,-,A,D,0,,,Y,,Y,,A,01,1,0,1,0,0,0,0,0,2,"- ","- ",,,ALAMEDA,OAKLAND,-122.23947143554688,37.802627563476562
9585225,2023,2023-06-06,0103,2023-04-09,1505,56,22,7,5,6,0103,0,0,0,,0,003,UNIVERSITY,"ACTON CIR",0.00,,Y,A,-,N,,,,,,,,,,Y,2,0,2,2,A,-,12,21453,A,N,D,C,A,A,H,-,A,A,0,,,,,Y,,A,01,1,1,0,0,0,0,0,0,0,"- ","- ",37.870109558105469,-122.28441619873047,ALAMEDA,BERKELEY,-122.28426361083984,37.870182037353516
9586354,2022,2023-05-25,0109,2022-07-08,2312,9936,1,5,5,7,0109,0,0,0,,0,19X,"12TH ST","2ND AV",0.00,,Y,A,-,N,,,,,,,,,,Y,2,0,2,3,A,-,01,23152,A,N,D,C,A,A,H,-,A,A,0,,,,,Y,Y,A,08,1,0,1,0,0,0,0,0,0,"- ","- ",,,ALAMEDA,OAKLAND,-122.25727081298828,37.797245025634766
9588543,2023,2023-06-12,0106,2023-01-31,1749,405,,2,5,6,0106,0,0,0,,0,00E,"HESPERIAN BL","TAHOE AV",10.00,S,N,A,-,N,,,,,,,,,,Y,2,0,1,2,A,-,10,21950,A,F,G,B,B,A,H,-,C,A,0,Y,,,,Y,,A,01,1,0,0,0,1,0,0,0,0,"- ","- ",,,ALAMEDA,HAYWARD,-122.09010314941406,37.620014190673828
9592259,2023,2023-06-30,0100,2023-05-07,"106 ",2505,DUBLI,7,5,4,0198,0,0,0,,0,073,"HACIENDA DR","SUMMER GLEN DR",73.00,S,N,A,-,N,,,,,,,,,,Y,2,0,2,1,A,-,07,21658,A,N,E,I,A,A,H,-,C,A,0,,,,,Y,,A,01,1,1,0,0,0,0,0,0,0,"- ","- ",37.711669921875,-121.88790130615234,ALAMEDA,DUBLIN,-121.88790130615234,37.711498260498047
9594783,2023,2023-07-11,0103,2023-05-28,1300,28,,7,5,6,0103,0,0,0,,0,001,"HAWTHORNE AV","VINE ST",0.00,,Y,B,-,N,,,,,,,,,,N,2,0,1,1,A,-,03,22350,,N,E,I,A,A,H,-,A,A,0,,Y,,,Y,,L,04,1,0,0,0,0,0,1,0,0,"- ","- ",37.881439208984375,-122.2628173828125,ALAMEDA,BERKELEY,-122.26258850097656,37.881088256835938
9598065,2023,2023-08-18,0112,2023-07-27,"59  ",306,,4,5,5,0112,0,0,0,,0,005,"148TH AV","CRAFT AV",0.00,,N,A,-,N,,,,,,,,,,Y,2,0,1,1,A,-,03,22350,I,N,E,I,A,A,H,-,C,D,0,,,,,Y,Y,-,,1,0,0,0,0,0,0,0,0,"- ","- ",37.710350036621094,-122.13146209716797,ALAMEDA,"SAN LEANDRO",-122.13162231445312,37.710304260253906
9600220,2023,2023-08-16,0106,2023-05-15,1226,459,,1,5,6,0106,0,0,0,,0,00D,"DEPOT RD","VIKING ST",0.00,,Y,A,-,N,,,,,,,,,,Y,2,0,1,2,A,-,05,21651,B,N,D,C,A,A,H,-,A,D,0,,,,,Y,,A,01,1,0,0,0,0,0,0,0,0,"- ","- ",37.638999938964844,-122.12422943115234,ALAMEDA,HAYWARD,-122.12490844726562,37.638370513916016
9603181,2023,2023-08-02,0109,2023-04-06,2035,10065,2,4,5,7,0109,0,0,0,,0,34X,"BANCROFT AV","90TH AV",25.00,W,N,A,-,N,,,,,,,,,,N,2,0,1,3,A,-,08,22107,,N,C,C,A,A,H,-,C,A,0,,,,,Y,,A,01,1,0,0,0,0,0,0,0,0,"- ","- ",,,ALAMEDA,OAKLAND,-122.16585540771484,37.753620147705078
9605807,2023,2023-08-07,0109,2023-05-26,1827,9353,2,5,5,7,0109,0,0,0,,0,33X,"98TH AV","INTERNATIONAL BL",0.00,,Y,A,-,N,,,,,,,,,,N,2,0,1,2,A,-,12,21453,A,F,D,C,A,A,H,-,A,A,0,,,Y,,Y,,-,99,1,0,0,0,0,0,0,0,1,"- ","- ",,,ALAMEDA,OAKLAND,-122.17057800292969,37.744327545166016
9608019,2023,2023-08-28,0109,2023-07-01,1922,9945,2,6,5,7,0109,0,0,0,,0,24Y,"35TH AV",ALLENDALE,150.00,S,N,A,-,N,,,,,,,,,,Y,2,0,2,3,A,-,01,23152,A,N,C,E,A,A,H,-,A,A,0,,,,,Y,Y,D,22,1,0,1,0,0,0,0,0,0,"- ","- ",,,ALAMEDA,OAKLAND,-122.20904541015625,37.788764953613281
9613566,2023,2023-09-21,0103,2023-07-18,1443,112,,2,5,6,0103,0,0,0,,0,006,DANA,DWIGHT,0.00,,Y,A,-,N,,,,,,,,,,Y,2,0,1,1,C,-,18,,,N,E,I,A,A,H,-,A,A,0,,,,,Y,,-,"- ",1,0,0,0,0,0,0,0,0,"- ","- ",37.864830017089844,-122.26071929931641,ALAMEDA,BERKELEY,-122.26071929931641,37.864818572998047
9617995,2023,2023-11-20,0109,2023-11-04,2325,9978,1,6,5,7,0109,0,0,0,,0,08X,BROADWAY,"30TH ST",100.00,S,N,A,-,N,,,,,,,,,,Y,2,0,1,1,C,-,18,,,N,E,I,A,A,H,-,C,A,0,,,,,Y,,-,"- ",1,0,0,0,0,0,0,0,0,"- ","- ",,,ALAMEDA,OAKLAND,-122.26251220703125,37.818355560302734
9618460,2023,2024-03-16,0109,2023-06-04,1505,9930,2,7,5,7,0109,0,0,0,,0,29X,"SEMINARY AV","CAMDEN ST",0.00,,Y,A,-,N,,,,,,,,,,N,2,0,3,4,A,-,12,21453,A,F,D,C,A,A,H,-,A,A,0,,,,,Y,,A,01,1,1,1,0,0,0,0,0,0,"- ","- ",,,ALAMEDA,OAKLAND,-122.18531799316406,37.775428771972656
9619136,2023,2024-01-04,0113,2023-08-23,"615 ",5206,R119,3,5,5,0113,0,0,0,,0,004,"ALVARADO NILES","MEDALLION DR",0.00,,Y,A,-,N,,,,,,,,,,Y,2,0,1,2,A,-,21,22106,,N,D,-,A,A,H,-,B,A,0,,Y,,,Y,,L,04,1,0,0,0,0,0,1,0,0,"- ","- ",,,ALAMEDA,"UNION CITY",-122.05166625976562,37.595512390136719
9619148,2023,2023-12-18,0113,2023-07-15,1523,5194,C084,6,5,5,0113,0,0,0,,0,004,"LISTON WY","WHIPPLE RD",0.00,,Y,A,-,N,,,,,,,,,,N,2,0,1,2,A,-,09,21802,A,N,D,G,A,A,H,-,A,A,0,,Y,,,Y,,A,01,1,0,0,0,0,0,1,0,0,"- ","- ",,,ALAMEDA,"UNION CITY",-122.05021667480469,37.606033325195312
9624001,2023,2025-06-25,0105,2023-04-25,2152,14306,655,2,5,6,0105,0,0,0,,0,002,"RT-84 (PERALTA BL)","CAMDEN ST",0.00,,Y,A,-,N,,,,,,,,,,Y,1,1,0,2,A,-,01,21200,5,N,D,G,A,A,H,-,C,A,0,,Y,,,Y,Y,L,04,0,0,0,0,0,1,0,0,0,"- ","- ",,,ALAMEDA,FREMONT,,
9624034,2023,2023-10-02,0105,2023-04-28,2019,15405,867,5,5,6,0105,0,0,0,,0,001,"BLACOW RD","HILO ST",0.00,,Y,A,-,N,,,,,,,,,,Y,1,1,2,2,A,-,12,21453,A,F,D,C,A,A,H,-,B,A,0,,,Y,,Y,,A,01,1,1,0,0,0,0,0,1,1,"- ","- ",,,ALAMEDA,FREMONT,-121.97919464111328,37.526191711425781