CASE_ID,ACCIDENT_YEAR,PROC_DATE,JURIS,COLLISION_DATE,COLLISION_TIME,OFFICER_ID,REPORTING_DISTRICT,DAY_OF_WEEK,CHP_SHIFT,POPULATION,CNTY_CITY_LOC,SPECIAL_COND,BEAT_TYPE,CHP_BEAT_TYPE,CITY_DIVISION_LAPD,CHP_BEAT_CLASS,BEAT_NUMBER,PRIMARY_RD,SECONDARY_RD,DISTANCE,DIRECTION,INTERSECTION,WEATHER_1,WEATHER_2,STATE_HWY_IND,CALTRANS_COUNTY,CALTRANS_DISTRICT,STATE_ROUTE,ROUTE_SUFFIX,POSTMILE_PREFIX,POSTMILE,LOCATION_TYPE,RAMP_INTERSECTION,SIDE_OF_HWY,TOW_AWAY,COLLISION_SEVERITY,NUMBER_KILLED,NUMBER_INJURED,PARTY_COUNT,PRIMARY_COLL_FACTOR,PCF_CODE_OF_VIOL,PCF_VIOL_CATEGORY,PCF_VIOLATION,PCF_VIOL_SUBSECTION,HIT_AND_RUN,TYPE_OF_COLLISION,MVIW,PED_ACTION,ROAD_SURFACE,ROAD_COND_1,ROAD_COND_2,LIGHTING,CONTROL_DEVICE,CHP_ROAD_TYPE,PEDESTRIAN_ACCIDENT,BICYCLE_ACCIDENT,MOTORCYCLE_ACCIDENT,TRUCK_ACCIDENT,NOT_PRIVATE_PROPERTY,ALCOHOL_INVOLVED,STWD_VEHTYPE_AT_FAULT,CHP_VEHTYPE_AT_FAULT,COUNT_SEVERE_INJ,COUNT_VISIBLE_INJ,COUNT_COMPLAINT_PAIN,COUNT_PED_KILLED,COUNT_PED_INJURED,COUNT_BICYCLIST_KILLED,COUNT_BICYCLIST_INJURED,COUNT_MC_KILLED,COUNT_MC_INJURED,PRIMARY_RAMP,SECONDARY_RAMP,LATITUDE,LONGITUDE,COUNTY,CITY,POINT_X,POINT_Y
9706458,2024,2024-07-08,0103,2024-04-14,1047,112,,7,5,6,0103,0,0,0,,0,012,"RT 123","DWIGHT WY",150.00,S,N,A,-,Y,ALA,4,123,-,-,2.550,H,-,S,Y,2,0,1,5,A,-,07,21658,A,N,B,G,A,A,H,-,A,A,0,,Y,,,Y,,A,01,1,0,0,0,0,0,1,0,0,"- ","- ",37.861091613769531,-122.28955078125,ALAMEDA,BERKELEY,-122.28957366943359,37.860816955566406
9711747,2024,2024-08-05,0109,2024-04-03,"150 ",10122,2,3,5,7,0109,0,0,0,,0,24X,"35TH AVE","RT 580",200.00,S,N,A,-,N,,,,,,,,,,N,2,0,1,2,A,-,12,21453,A,F,B,C,A,A,H,-,C,A,0,,,,,Y,,A,01,1,0,0,0,0,0,0,0,0,"- ",WO,,,ALAMEDA,OAKLAND,-122.19863891601562,37.795024871826172
9714996,2023,2024-07-24,0109,2023-05-01,1647,9795,1,1,5,7,0109,0,0,0,,0,08X,"40TH ST","SHAFTER AV",0.00,,Y,A,-,N,,,,,,,,,,N,2,0,1,2,A,-,10,21950,A,M,G,B,B,A,H,-,A,A,0,Y,,,,Y,,A,07,1,0,0,0,1,0,0,0,0,"- ","- ",,,ALAMEDA,OAKLAND,-122.25977325439453,37.828403472900391
9716177,2024,2024-08-08,0109,2024-03-08,1647,9411,2,5,5,7,0109,0,0,0,,0,26X,"INTERNATIONAL BL","54TH AV",0.00,,Y,A,-,N,,,,,,,,,,Y,2,0,17,3,A,-,03,22350,,N,D,C,A,A,H,-,A,A,0,,,,,Y,,A,01,1,0,16,0,0,0,0,0,0,"- ","- ",,,ALAMEDA,OAKLAND,-122.20493316650391,37.767673492431641
9726053,2024,2024-09-18,0106,2024-07-19,1340,313,,5,5,6,0106,0,0,0,,0,00C,"JACKSON ST","DIADON DR",577.00,E,N,A,-,N,,,,,,,,,,Y,2,0,1,1,A,-,01,23152,A,N,E,I,A,A,H,-,A,D,0,,,,,Y,Y,D,22,1,0,0,0,0,0,0,0,0,"- ","- ",37.658119201660156,-122.086669921875,ALAMEDA,HAYWARD,-122.08809661865234,37.655372619628906
9726486,2024,2024-08-29,0108,2024-08-05,2013,12270,8,1,5,4,0108,0,0,0,,0,001,"NEWARK BL","BRITTANY AV",0.00,,Y,A,-,N,,,,,,,,,,N,2,0,3,2,A,-,09,21802,,N,D,C,A,A,H,-,A,A,0,,,,,Y,,A,01,2,0,1,0,0,0,0,0,0,"- ","- ",37.544998168945312,-122.03900146484375,ALAMEDA,NEWARK,-122.04084014892578,37.545803070068359
9731738,2024,2024-09-23,0103,2024-07-05,2236,1,26,5,5,6,0103,0,0,0,,0,006,"BANCROFT WY","DANA ST",0.00,,Y,A,-,N,,,,,,,,,,N,2,0,1,1,A,-,03,22350,,N,E,I,A,A,H,-,C,A,0,,Y,,,Y,,L,04,1,0,0,0,0,0,1,0,0,"- ","- ",37.868408203125,-122.26145172119141,ALAMEDA,BERKELEY,-122.26145935058594,37.868419647216797
9731743,2024,2024-09-11,0103,2024-07-13,1322,S14,16,6,5,6,0103,0,0,0,,0,001,"SHASTA RD","TAMALPAIS RD",240.00,N,N,A,-,N,,,,,,,,,,N,2,0,1,1,A,-,03,22350,,N,E,I,A,-,H,-,A,A,0,,Y,,,Y,,L,04,1,0,0,0,0,0,1,0,0,"- ","- ",37.88616943359375,-122.25946807861328,ALAMEDA,BERKELEY,-122.25904846191406,37.883678436279297
9733391,2023,2024-09-18,0109,2023-08-05,"240 ",9735,2,6,5,7,0109,0,0,0,,0,23X,"INTERNATIONAL BL","42ND AV",10.00,E,N,A,-,N,,,,,,,,,,N,2,0,2,3,A,-,08,22107,,F,G,B,B,A,H,-,E,A,0,Y,,,,Y,,A,01,1,1,0,0,2,0,0,0,0,"- ","- ",,,ALAMEDA,OAKLAND,-122.21623229980469,37.772998809814453
9733751,2024,2024-09-17,0109,2024-07-31,"49  ",9809,1,3,5,7,0109,0,0,0,,0,19X,"E 12TH ST","13TH AV",30.00,E,N,A,-,N,,,,,,,,,,Y,2,0,1,1,A,-,08,22107,,N,F,I,A,A,H,-,C,A,0,,,,,Y,,A,01,1,0,0,0,0,0,0,0,0,"- ","- ",,,ALAMEDA,OAKLAND,-122.24806213378906,37.789119720458984
9735899,2024,2024-11-12,0103,2024-09-17,1506,127,,2,5,6,0103,0,0,0,,0,009,"ASHBY AV","MARTIN LUTHER KING JR",0.00,,Y,A,-,N,,,,,,,,,,,2,0,1,2,D,-,00,,,N,C,C,A,A,H,-,A,D,0,,,Y,,Y,,-,"- ",1,0,0,0,0,0,0,0,1,"- ","- ",37.854000091552734,-122.27100372314453,ALAMEDA,BERKELEY,-122.27106475830078,37.854286193847656
9736982,2024,2024-09-27,0109,2024-05-29,1510,10094,2,3,5,7,0109,0,0,0,,0,02X,"MARKET ST","6TH ST",0.00,,Y,A,-,N,,,,,,,,,,Y,2,0,1,3,A,-,12,21453,A,N,B,C,A,A,H,-,A,A,0,,,,Y,Y,,D,22,1,0,0,0,0,0,0,0,0,"- ","- ",,,ALAMEDA,OAKLAND,-122.28311157226562,37.802032470703125
9737291,2024,2024-09-24,0111,2024-08-23,"947 ",304,,5,5,5,0111,0,0,0,,0,003,"S FOOTHILL RD","OLD FOOTHILL RD",20.00,S,N,A,-,N,,,,,,,,,,N,2,0,1,1,A,-,03,22350,,N,F,A,A,A,H,-,A,D,0,,Y,,,Y,,L,04,1,0,0,0,0,0,1,0,0,"- ","- ",,,ALAMEDA,PLEASANTON,-121.91449737548828,37.663105010986328
9739298,2024,2024-10-07,0112,2024-09-10,1522,341,,2,5,5,0112,0,0,0,,0,001,"BANCROFT AV","DUTTON AV",324.00,N,N,A,-,N,,,,,,,,,,Y,2,0,1,3,A,-,08,22107,,N,D,C,A,A,H,-,A,B,0,,,,,Y,,-,,1,0,0,0,0,0,0,0,0,"- ","- ",,,ALAMEDA,"SAN LEANDRO",-122.15158843994141,37.734375
9739577,2024,2024-10-23,0103,2024-07-10,1556,12,,3,5,6,0103,0,0,0,,0,008,"ASHBY AV","PINE AV",0.00,,Y,A,-,Y,ALA,4,13,-,-,10.960,I,5,S,N,2,0,1,2,A,-,08,22107,,N,D,C,A,A,H,-,A,A,0,,,Y,,Y,,D,22,1,0,0,0,0,0,0,0,1,"- ","- ",37.857868194580078,-122.24838256835938,ALAMEDA,BERKELEY,-122.24845123291016,37.857894897460938
9739655,2024,2024-10-10,0103,2024-08-23,2106,1,27,5,5,6,0103,0,0,0,,0,006,"CHANNING WY","ELLSWORTH ST",0.00,,Y,A,-,N,,,,,,,,,,N,2,0,1,2,A,-,11,21955,,N,G,B,D,A,H,-,C,D,0,Y,,,,Y,,N,60,1,0,0,0,1,0,0,0,0,"- ","- ",37.866321563720703,-122.26335906982422,ALAMEDA,BERKELEY,-122.26332855224609,37.866310119628906
9739668,2024,2024-10-03,0103,2024-08-06,1925,98,,2,5,6,0103,0,0,0,,0,007,TUNNEL,"OAK RIDGE RD",150.00,W,N,A,-,N,,,,,,,,,,Y,2,0,2,1,A,-,03,22350,,N,E,I,A,A,H,-,A,A,0,,,,,Y,,A,01,1,1,0,0,0,0,0,0,0,"- ","- ",37.858081817626953,-122.24385833740234,ALAMEDA,BERKELEY,-122.24172973632812,37.857215881347656
9741836,2024,2024-10-11,0113,2024-06-17,2033,4122,G036,1,5,5,0113,0,0,0,,0,004,"7TH ST","CHESAPEAKE DR",65.00,N,N,A,-,N,,,,,,,,,,Y,2,0,1,1,A,-,08,22107,,N,E,J,A,A,H,-,B,D,0,,,Y,,Y,,C,02,1,0,0,0,0,0,0,0,1,"- ","- ",,,ALAMEDA,"UNION CITY",-122.00643920898438,37.590385437011719
9743809,2024,2024-11-27,0103,2024-10-21,1510,112,,1,5,6,0103,0,0,0,,0,004,"ALLSTON WY","MARTIN LUTHER KING JR WY",0.00,,Y,A,-,N,,,,,,,,,,N,2,0,1,2,A,-,10,21950,A,N,G,B,B,A,H,-,A,A,0,Y,,,,Y,,A,07,1,0,0,0,1,0,0,0,0,"- ","- ",37.868770599365234,-122.27269744873047,ALAMEDA,BERKELEY,-122.27268218994141,37.868770599365234
9743843,2024,2024-11-26,0106,2024-10-14,1754,482,,1,5,6,0106,0,0,0,,0,00D,"W WINTON AVE","SAKIAN RD",640.00,W,N,A,-,N,,,,,,,,,,N,2,0,1,2,A,-,03,22350,,N,B,C,A,A,H,-,A,D,0,,,Y,,Y,,C,02,1,0,0,0,0,0,0,0,1,"- ","- ",37.655258178710938,-122.11620330810547,ALAMEDA,HAYWARD,-122.12091064453125,37.653114318847656
9751355,2024,2025-01-28,0106,2024-04-01,1804,303,,1,5,6,0106,0,0,0,,0,00C,"JACKSON ST","GRAND ST",0.00,,Y,A,-,N,,,,,,,,,,Y,1,1,1,2,A,-,12,21453,A,N,D,C,A,A,H,-,A,A,0,,,Y,,Y,,C,02,0,0,1,0,0,0,0,1,0,"- ","- ",,,ALAMEDA,HAYWARD,-122.08408355712891,37.662685394287109
9751394,2023,2025-07-23,0109,2023-06-24,"15  ",8914,1,6,5,7,0109,0,0,0,,0,20X,"INTERNATIONAL BL","MILLER AV",86.00,W,N,A,-,N,,,,,,,,,,Y,1,1,1,2,A,-,03,22350,,F,D,C,A,A,H,-,C,A,0,,,,,Y,Y,A,01,0,1,0,0,0,0,0,0,0,"- ","- ",,,ALAMEDA,OAKLAND,-122.23508453369141,37.782894134521484
9751447,2024,2025-02-05,0103,2024-10-02,"432 ",146,20,3,5,6,0103,0,0,0,,0,011,"BOLIVAR DR","PODA CT",445.00,N,N,A,-,N,,,,,,,,,,Y,1,1,0,2,A,-,00,23153,F,N,G,B,F,A,H,-,C,D,0,Y,,,,Y,,A,01,0,0,0,1,0,0,0,0,0,"- ","- ",37.853080749511719,-122.29683685302734,ALAMEDA,BERKELEY,,
9751467,2024,2025-02-14,0109,2024-01-14,"855 ",8414,2,7,5,7,0109,0,0,0,,0,35X,"MACARTHUR BL","90TH AV",8.00,W,N,B,-,N,,,,,,,,,,Y,1,1,0,2,A,-,11,21453,D,F,G,B,-,D,H,-,A,A,0,Y,,,,Y,,N,60,0,0,0,1,0,0,0,0,0,"- ","- ",,,ALAMEDA,OAKLAND,-122.161376953125,37.755622863769531
9751520,2024,2025-02-26,0109,2024-05-05,2250,8414,2,7,5,7,0109,0,0,0,,0,30X,"73RD AV","ORRAL ST",0.00,,Y,A,-,N,,,,,,,,,,Y,1,1,1,2,A,-,01,23152,A,N,D,C,A,A,H,-,C,D,0,,,Y,,Y,Y,C,02,0,0,1,0,0,0,0,1,0,"- ","- ",,,ALAMEDA,OAKLAND,-122.18468475341797,37.760940551757812
9758153,2024,2024-12-02,0103,2024-10-05,1246,38,,6,5,6,0103,0,0,0,,0,001,MARIN,SHATTUCK,0.00,,Y,A,-,N,,,,,,,,,,Y,2,0,2,4,A,-,03,22350,,N,F,C,A,A,H,-,A,A,0,,,,,Y,,A,01,1,1,0,0,0,0,0,0,0,"- ","- ",37.890178680419922,-122.27239227294922,ALAMEDA,BERKELEY,-122.27112579345703,37.890953063964844
9758158,2024,2024-12-02,0103,2024-10-10,1852,4,,4,5,6,0103,0,0,0,,0,004,"MARTIN LUTHER KING JR",OREGON,0.00,,Y,A,-,N,,,,,,,,,,Y,2,0,1,2,A,-,09,21801,A,N,D,C,A,A,H,-,C,D,0,,,Y,,Y,,D,22,1,0,0,0,0,0,0,0,0,"- ","- ",37.857051849365234,-122.27137756347656,ALAMEDA,BERKELEY,-122.27143096923828,37.857032775878906
9764682,2024,2025-02-03,0103,2024-12-19,1846,54,,4,5,6,0103,0,0,0,,0,006,ELLSWORTH,DURANT,0.00,,Y,A,-,N,,,,,,,,,,Y,2,0,1,2,A,-,08,22100,B,N,D,C,A,A,H,-,C,A,0,,,Y,,Y,,A,07,1,0,0,0,0,0,0,0,1,"- ","- ",37.867210388183594,-122.26354217529297,ALAMEDA,BERKELEY,-122.26354217529297,37.867210388183594
9771221,2024,2025-01-09,0109,2024-06-05,2014,10117,2,3,5,7,0109,0,0,0,,0,30Y,"68TH AV","FOOTHILL BL",0.00,,Y,A,-,N,,,,,,,,,,N,2,0,1,2,A,-,08,22107,,N,B,C,A,A,H,-,B,A,0,,,,,Y,,A,01,1,0,0,0,0,0,0,0,0,"- ","- ",,,ALAMEDA,OAKLAND,-122.17848205566406,37.769966125488281
9772361,2024,2025-01-14,0106,2024-11-24,"845 ",365,,7,5,6,0106,0,0,0,,0,00E,"E HESPERIAN BL","SLEEPY HOLLOW AV",317.00,N,N,A,-,N,,,,,,,,,,Y,2,0,2,1,A,-,03,22350,,N,E,I,A,A,H,-,A,A,0,,,,,Y,,A,01,1,0,1,0,0,0,0,0,0,"- ","- ",37.634521484375,-122.09890747070312,ALAMEDA,HAYWARD,-122.09943389892578,37.635269165039062
9774621,2024,2025-01-24,0109,2024-12-01,1831,9932,2,7,5,7,0109,0,0,0,,0,34X,"90TH AV","PLYMOUTH ST",0.00,,Y,A,-,N,,,,,,,,,,N,2,0,1,2,A,-,12,22450,A,N,B,C,A,A,H,-,B,A,0,,,Y,,Y,Y,C,02,1,0,0,0,0,0,0,0,1,"- ","- ",,,ALAMEDA,OAKLAND,-122.17115020751953,37.751075744628906
9777091,2025,2025-03-06,0102,2025-01-28,"102 ",EP266762,1,2,5,3,0102,0,0,0,,0,001,"SAN PABLO AV","BRIGHTON AV",46.00,S,N,A,-,Y,ALA,4,123,-,-,5.090,I,5,S,N,2,0,1,2,A,-,11,21954,A,N,G,B,D,A,H,-,A,A,0,Y,,,,Y,,N,60,1,0,0,0,1,0,0,0,0,"- ","- ",37.896751403808594,-122.30095672607422,ALAMEDA,ALBANY,-122.30108642578125,37.896697998046875
9777850,2025,2025-03-07,0106,2025-01-04,1324,313,,6,5,6,0106,0,0,0,,0,00B,"LINDEN ST","B ST",0.00,,Y,A,-,N,,,,,,,,,,Y,2,0,1,2,A,-,09,21802,A,N,D,C,A,A,H,-,A,A,0,,,Y,,Y,,A,01,1,0,0,0,0,0,0,0,1,"- ","- ",37.681598663330078,-122.067626953125,ALAMEDA,HAYWARD,-122.067626953125,37.681613922119141
9777851,2025,2025-03-07,0106,2025-01-11,1227,489,,6,5,6,0106,0,0,0,,0,00B,"FOOTHILL BL","COTTER WY",0.00,,Y,A,-,N,,,,,,,,,,Y,2,0,3,4,A,-,09,21801,A,N,D,C,A,A,H,-,A,D,0,,,,,Y,,A,01,2,1,0,0,0,0,0,0,0,"- ","- ",37.683029174804688,-122.08917999267578,ALAMEDA,HAYWARD,-122.089111328125,37.6829833984375
9785857,2024,2025-03-03,0109,2024-09-19,1504,9795,1,4,5,7,0109,0,0,0,,0,06X,"35TH ST","MARKET ST",0.00,,Y,A,-,N,,,,,,,,,,N,2,0,2,2,A,-,09,21801,,N,D,C,A,A,H,-,A,A,0,,,,,Y,,A,01,2,0,0,0,0,0,0,0,0,"- ","- ",,,ALAMEDA,OAKLAND,-122.27519989013672,37.825550079345703
9786018,2024,2025-03-03,0109,2024-07-21,1718,9644,1,7,5,7,0109,0,0,0,,0,08X,"27TH ST",BROADWAY,7.00,W,N,A,-,N,,,,,,,,,,N,1,1,0,2,A,-,12,21453,A,N,H,G,A,A,H,-,A,A,0,,Y,,,Y,,L,04,0,0,0,0,0,1,0,0,0,"- ","- ",,,ALAMEDA,OAKLAND,-122.26416015625,37.815624237060547
9786052,2024,2025-03-18,0109,2024-09-01,"235 ",8958,2,7,5,7,0109,0,0,0,,0,27X,"FOOTHILL BL","BELVERE ST",6.00,W,N,A,-,N,,,,,,,,,,Y,1,1,0,1,A,-,01,23152,A,N,E,I,A,A,H,-,C,A,0,,,,,Y,Y,A,01,0,0,0,0,0,0,0,0,0,"- ","- ",,,ALAMEDA,OAKLAND,,
9786307,2023,2025-05-20,0108,2023-12-23,1739,12427,3,6,5,4,0108,0,0,0,,0,002,"JARVIS AV","CARDIFF ST",738.00,W,N,A,-,N,,,,,,,,,,Y,1,1,1,2,A,-,01,23152,A,N,D,C,A,A,H,-,C,D,0,,,,,Y,Y,A,07,0,1,0,0,0,0,0,0,0,"- ","- ",37.552829742431641,-122.04773712158203,ALAMEDA,NEWARK,-122.0472412109375,37.552902221679688
9786316,2024,2025-07-15,0105,2024-09-12,1912,14306,603,4,5,6,0105,0,0,0,,0,001,"RT 84","CROSSPOINTE COM",0.00,,Y,A,-,N,,,,,,,,,,Y,1,1,0,2,A,-,03,22350,,N,A,C,A,A,H,-,A,D,0,,,Y,,Y,,C,02,0,0,0,0,0,0,0,1,0,"- ","- ",,,ALAMEDA,FREMONT,-121.97413635253906,37.566818237304688
9786320,2024,2025-07-10,0108,2024-09-19,"829 ",12427,37,4,5,4,0108,0,0,0,,0,002,"CHERRY ST","JASMINE AV",597.00,N,N,A,-,N,,,,,,,,,,Y,1,1,0,2,A,-,09,21801,A,N,H,G,A,A,H,-,A,D,0,,Y,,,Y,Y,D,22,0,0,0,0,0,1,0,0,0,"- ","- ",37.521858215332031,-122.01390075683594,ALAMEDA,NEWARK,-122.01331329345703,37.522357940673828
9786357,2024,2025-07-09,0109,2024-07-03,1251,9142,1,3,5,7,0109,0,0,0,,0,14X,"MACARTHUR BL","HARRISON ST",40.00,W,N,A,-,N,,,,,,,,,,Y,1,1,1,1,C,-,18,,,N,E,I,A,A,H,-,A,A,0,,,,,Y,,-,"- ",0,1,0,0,0,0,0,0,0,"- ","- ",,,ALAMEDA,OAKLAND,-122.25417327880859,37.819953918457031
9791035,2025,2025-03-10,0103,2025-01-14,1755,30,,2,5,6,0103,0,0,0,,0,002,"EUCLID AV",CEDAR,0.00,,Y,A,-,N,,,,,,,,,,Y,2,0,3,3,A,-,01,23153,A,N,C,C,A,A,H,-,B,A,0,,,,,Y,Y,D,22,1,1,1,0,0,0,0,0,0,"- ","- ",37.879470825195312,-122.26104736328125,ALAMEDA,BERKELEY,-122.26103973388672,37.879470825195312
9791036,2025,2025-03-10,0103,2025-01-14,1030,112,,2,5,6,0103,0,0,0,,0,010,"OREGON ST","MCGEE AV",70.00,W,N,A,-,N,,,,,,,,,,N,2,0,1,2,B,-,22,,,N,C,E,A,A,H,-,A,A,0,,,,,Y,,A,07,1,0,0,0,0,0,0,0,0,"- ","- ",37.856559753417969,-122.27671813964844,ALAMEDA,BERKELEY,-122.27548217773438,37.856533050537109
9791210,2024,2025-03-10,0109,2024-04-08,1513,10117,2,1,5,7,0109,0,0,0,,0,26X,"81ST AV","RUDSDALE ST",0.00,,Y,A,-,N,,,,,,,,,,N,2,0,2,3,A,-,10,21950,A,N,A,B,B,A,H,-,A,D,0,Y,,,,Y,,A,07,1,1,0,0,2,0,0,0,0,"- ","- ",,,ALAMEDA,OAKLAND,-122.18502807617188,37.753280639648438
9791257,2024,2025-03-12,0109,2024-07-28,"358 ",10052,2,7,5,7,0109,0,0,0,,0,31X,"COLISEUM WY","66TH AV",500.00,E,N,A,-,N,,,,,,,,,,N,2,0,1,2,D,-,00,,,F,A,B,E,A,-,-,D,D,0,Y,,,,Y,Y,-,"- ",1,0,0,0,1,0,0,0,0,"- ","- ",,,ALAMEDA,OAKLAND,-122.20404052734375,37.754058837890625
9797613,2023,2025-04-01,0109,2023-10-14,2036,10076,1,6,5,7,0109,0,0,0,,0,03X,"JEFFERSON ST","12TH ST",0.00,,Y,A,-,N,,,,,,,,,,Y,2,0,2,3,A,-,12,21453,A,N,D,C,A,A,H,-,C,A,0,,,,,Y,,A,01,2,0,0,0,0,0,0,0,0,"- ","- ",,,ALAMEDA,OAKLAND,-122.27561950683594,37.804347991943359
9802974,2025,2025-04-16,0103,2025-03-07,2258,86,20,5,5,6,0103,0,0,0,,0,013,"FRONTAGE RD","GILMAN ST",2.00,S,N,A,-,N,,,,,,,,,,Y,2,0,3,2,A,-,05,21650,,N,A,C,A,A,H,-,D,D,0,,,,,Y,Y,A,01,1,1,1,0,0,0,0,0,0,"- ","- ",37.878009796142578,-122.30796051025391,ALAMEDA,BERKELEY,-122.30793762207031,37.878005981445312
9802991,2025,2025-04-17,0112,2025-03-20,2346,428,,4,5,5,0112,0,0,0,,0,001,"PARROTT ST","WASHINGTON AV",0.00,,Y,A,-,N,,,,,,,,,,N,2,0,1,2,A,-,05,21202,A,M,A,G,A,A,H,-,C,D,0,,Y,,,Y,,-,,1,0,0,0,0,0,1,0,0,"- ","- ",37.722091674804688,-122.15411376953125,ALAMEDA,"SAN LEANDRO",-122.15451812744141,37.722076416015625
9803023,2025,2025-04-17,0103,2025-03-30,"100 ",98,,7,5,6,0103,0,0,0,,0,003,UNIVERSITY,"CURTIS ST",150.00,S,N,A,-,N,,,,,,,,,,N,2,0,1,1,A,-,17,21235,G,N,E,I,A,B,H,-,C,D,0,,,,,Y,Y,M,94,1,0,0,0,0,0,0,0,0,"- ","- ",37.864391326904297,-122.28925323486328,ALAMEDA,BERKELEY,-122.2900390625,37.869319915771484
9805497,2025,2025-05-02,0109,2025-01-06,1801,9709,1,1,5,7,0109,0,0,0,,0,02X,"14TH ST","MAGNOLIA ST",0.00,,Y,A,-,N,,,,,,,,,,N,2,0,2,2,A,-,08,22107,,N,B,G,A,A,H,-,C,D,0,,Y,,,Y,,A,01,1,1,0,0,0,0,2,0,0,"- ","- ",,,ALAMEDA,OAKLAND,-122.28726959228516,37.809738159179688
9806907,2025,2025-05-19,0109,2025-03-03,"408 ",8483,2,1,5,7,0109,0,0,0,,0,27X,"INTERNATIONAL BL","54TH AV",17.00,W,N,A,-,N,,,,,,,,,,Y,2,0,1,1,A,-,08,22107,,N,E,I,A,A,H,-,C,A,0,,,,,Y,,A,01,1,0,0,0,0,0,0,0,0,"- ","- ",,,ALAMEDA,OAKLAND,-122.20497894287109,37.767692565917969
9806909,2025,2025-05-19,0109,2025-03-01,1716,10114,2,6,5,7,0109,0,0,0,,0,32X,"98TH AV","C ST",0.00,,Y,A,-,N,,,,,,,,,,N,2,0,1,2,A,-,00,21235,B,N,G,C,A,A,H,-,A,D,0,,,,,Y,,M,94,1,0,0,0,0,0,0,0,0,"- ","- ",,,ALAMEDA,OAKLAND,-122.17478942871094,37.742347717285156
9806962,2025,2025-05-19,0109,2025-04-10,"541 ",9572,2,4,5,7,0109,0,0,0,,0,30X,"CHURCH ST","BANCROFT AV",30.00,N,N,A,-,N,,,,,,,,,,N,2,0,1,2,A,-,11,21955,,N,G,B,D,A,H,-,C,A,0,Y,,,,Y,,N,60,1,0,0,0,1,0,0,0,0,"- ","- ",,,ALAMEDA,OAKLAND,-122.17948150634766,37.768081665039062
9810480,2025,2025-06-06,0103,2025-04-14,"732 ",104,,1,5,6,0103,0,0,0,,0,014,DELAWARE,WEST,0.00,,Y,F,-,N,,,,,,,,,,N,2,0,1,2,A,-,10,21950,A,F,G,B,B,A,H,-,B,A,0,Y,,,,Y,,A,01,1,0,0,0,1,0,0,0,0,"- ","- ",,,ALAMEDA,BERKELEY,-122.28683471679688,37.872459411621094
9810481,2025,2025-06-02,0103,2025-04-12,2019,55,23,6,5,6,0103,0,0,0,,0,003,UNIVERSITY,JEFFERSON,0.00,,Y,A,-,N,,,,,,,,,,N,2,0,1,2,A,-,10,21950,A,N,G,B,B,A,H,-,C,D,0,Y,,,,Y,,A,01,1,0,0,0,1,0,0,0,0,"- ","- ",37.870800018310547,-122.27799987792969,ALAMEDA,BERKELEY,-122.27854919433594,37.87091064453125
9812303,2025,2025-07-15,0106,2025-06-02,"237 ",373,,1,5,6,0106,0,0,0,,0,00D,"WEST WINTON AV","SANTA CLARA AV",980.00,W,N,A,-,N,,,,,,,,,,N,2,0,1,2,A,-,00,21235,,N,G,B,E,A,H,-,A,D,0,Y,,,,Y,,N,60,1,0,0,0,1,0,0,0,0,"- ","- ",37.656269073486328,-122.10124969482422,ALAMEDA,HAYWARD,-122.10122680664062,37.656589508056641
9814990,2025,2025-06-12,0113,2025-03-17,1529,U5061,R147,1,5,5,0113,0,0,0,,0,004,"UNION CITY BL","LOWRY RD",40.00,W,N,A,-,N,,,,,,,,,,N,2,0,2,2,A,-,12,21453,A,N,D,C,A,A,H,-,A,A,0,,,,,Y,,-,"- ",1,0,1,0,0,0,0,0,0,"- ","- ",,,ALAMEDA,"UNION CITY",-122.07046508789062,37.566802978515625
9816499,2025,2025-06-10,0106,2025-04-29,2130,356,,2,5,6,0106,0,0,0,,0,00J,"W A ST","HAPPYLAND AV",0.00,,Y,A,-,N,,,,,,,,,,N,2,0,1,1,A,-,05,21651,B,N,E,G,A,A,H,-,C,D,0,,Y,,,Y,,L,04,1,0,0,0,0,0,1,0,0,"- ","- ",37.666740417480469,-122.10617065429688,ALAMEDA,HAYWARD,-122.10578155517578,37.666439056396484
9817928,2025,2025-06-16,0102,2025-05-20,"951 ",PB260162,4,2,5,3,0102,0,0,0,,0,002,"MARIN AV","ORDWAY ST",0.00,,Y,A,-,N,,,,,,,,,,N,2,0,1,2,A,-,17,22517,,N,H,G,A,A,H,-,A,A,0,,Y,,,Y,Y,A,07,1,0,0,0,0,0,1,0,0,"- ","- ",37.88922119140625,-122.28343963623047,ALAMEDA,ALBANY,-122.28395843505859,37.889305114746094
9833979,2024,2025-07-22,0109,2024-12-23,1549,9405,1,1,5,7,0109,0,0,0,,0,13Y,"SHEPHERD CANYON RD","SNAKE RD",2112.00,N,N,B,-,N,,,,,,,,,,N,2,0,1,1,A,-,03,22350,,N,H,A,A,B,H,-,A,A,0,,Y,,,Y,,L,04,1,0,0,0,0,0,1,0,0,"- ","- ",,,ALAMEDA,OAKLAND,-122.20635223388672,37.824420928955078
9868529,2025,2025-08-04,0103,2025-06-01,1055,13,,7,5,6,0103,0,0,0,,0,002,"MILVIA ST",CEDAR,0.00,,Y,B,-,N,,,,,,,,,,N,2,0,1,2,A,-,11,21950,B,N,G,B,B,A,H,-,A,A,0,Y,,,,Y,,N,60,1,0,0,0,1,0,0,0,0,"- ","- ",37.878120422363281,-122.27142333984375,ALAMEDA,BERKELEY,-122.27140045166016,37.878128051757812